,day_of_week,previous_day_arrival,rolling_mean,rolling_std,person_id,device_id,predicted_column
0,3,528,537.8,13.718600511714008,0,0,535.2926445849425
1,3,528,545.8,12.517987058628808,0,1,537.4464424013776
2,4,528,531.4,6.148170459575716,0,0,531.5786847172817
3,0,613,528.4,3.2863353450309023,0,0,531.3490509265345
4,1,530,527.6,1.6733200530679486,0,0,531.5786847172817
5,2,528,528.0,1.4142135623728511,0,0,531.5786847172817
6,2,613,542.4,14.87615541731123,0,1,538.8696763854723
7,0,533,538.0,13.397761006974193,0,1,535.8914500633774
8,0,533,529.0,2.64575131106446,0,0,532.1774901957166
9,1,527,528.8,2.774887385102193,0,0,531.5786847172817
10,2,525,528.6,3.049590136395275,0,0,531.5786847172817
11,4,525,527.6,3.2863353450309023,0,0,531.5786847172817
12,4,527,531.4,5.856620185738368,0,1,531.5786847172817
13,5,527,527.4,3.2863353450309023,0,0,534.4741561129126
14,1,527,528.6,2.509980079601841,0,1,531.5786847172817
15,1,537,528.2,5.019960159204375,0,0,532.8841535343247
16,2,530,528.8,5.019960159204375,0,0,531.5786847172817
17,3,530,529.0,2.549509756796012,0,1,531.5786847172817
18,3,531,530.0,4.58257569495576,0,0,531.5786847172817
19,4,527,528.8,2.6832815729993813,0,1,531.5786847172817
20,4,527,530.4,4.098780306383747,0,0,531.5786847172817
21,5,534,529.0,3.08220700148416,0,1,535.360274653837
22,5,534,531.8,3.8340579025360713,0,0,535.4333167797586
23,0,528,530.0,2.7386127875256894,0,0,531.5786847172817
24,1,527,529.4,3.049590136395252,0,0,531.5786847172817
25,1,528,529.2,2.9495762407501847,0,1,531.5786847172817
26,2,527,528.6,3.049590136395252,0,0,531.5786847172817
27,3,530,529.2,2.949576240750387,0,0,531.5786847172817
28,4,527,527.8,1.3038404810402393,0,0,531.5786847172817
29,4,527,529.2,2.9495762407501847,0,1,531.5786847172817
30,3,524,530.8,7.596051605933197,1,0,531.5786847172817
31,4,531,526.6,6.580273550544951,1,1,531.1239830674921
32,4,531,530.0,7.245688373094736,1,0,531.5786847172817
33,0,512,522.0,7.245688373094824,1,1,526.8738863260776
34,1,516,520.2,7.4296702484027906,1,1,525.5019346561951
35,2,512,526.8,10.940749517286283,1,0,531.1239830674921
36,2,523,521.2,7.395944834840341,1,1,526.8738863260776
37,0,532,522.8,8.871302046486846,1,1,527.6312981574613
38,1,518,520.2,7.694153624668642,1,1,525.5019346561951
39,2,519,521.6,6.348228099241671,1,1,526.8738863260776
40,3,520,522.4,5.683308895353257,1,1,526.8738863260776
41,4,532,524.8,7.981227975693961,1,0,529.6760718221844
42,5,521,524.0,8.15475321515004,1,0,531.8817773905948
43,5,525,522.8,5.805170109480125,1,1,531.8817773905948
44,2,529,522.2,4.658325879540981,1,1,526.8738863260776
45,3,524,523.4,4.037325847637418,1,1,527.6312981574613
46,4,529,525.0,8.455767262643876,1,0,531.1239830674921
47,4,524,524.4,3.209361307176433,1,1,528.9615108031644
48,5,519,522.6,8.018728078691778,1,0,531.8817773905948
49,5,519,524.2,3.5637059362412797,1,1,532.3301799377061
50,0,535,526.2,6.058052492344484,1,1,531.9817045534842
51,1,535,527.2,6.942621983083895,1,0,532.4364062032738
52,2,528,526.0,5.958187643906598,1,1,531.1239830674921
53,3,528,526.8,5.890670590009364,1,1,531.1239830674921
54,4,519,524.6,7.127411872482175,1,0,528.9615108031644
55,4,523,526.6,6.024948132556938,1,1,531.1239830674921
56,2,483,486.4,18.256505689753453,2,1,499.95999798278126
57,3,515,493.8,21.253235047869776,2,1,500.56439287265056
58,5,512,493.4,20.79182531669599,2,1,509.01986285970577
59,0,520,504.4,16.00937225502614,2,1,503.69073786012245
60,2,988,509.8,15.319921670818058,2,1,506.36683915281657
61,3,515,516.2,3.271085446759328,2,1,514.1020921019075
62,4,520,517.2,3.5637059362411785,2,1,514.1020921019075
63,5,516,518.0,2.34520787991183,2,1,519.6904584816747
64,0,515,517.0,2.34520787991183,2,1,514.1020921019075
65,3,512,515.6,2.8809720581776848,2,1,514.1020921019075
66,5,518,506.4,32.78414250823088,3,1,511.7269154745658
67,0,526,507.6,33.50820794969498,3,0,503.9364592051314
68,0,526,507.6,33.508207949694814,3,1,503.9364592051314
69,1,521,522.2,3.633180424917149,3,0,526.8738863260776
70,2,521,522.2,3.633180424915678,3,1,526.8738863260776
71,2,447,506.4,33.336166546260245,3,0,494.0182478851471
72,3,447,491.8,40.99634130016971,3,0,490.4550706459593
73,3,447,506.4,33.33616654626008,3,1,494.0182478851471
74,4,447,477.6,41.93804954930548,3,0,490.4550706459593
75,4,447,491.8,40.996341300169576,3,1,490.4550706459593
76,5,447,461.8,33.09380606699691,3,0,497.8337034541475
77,6,447,477.6,41.93804954930535,3,1,565.5334793840242
78,6,444,446.4,1.3416407865004607,3,0,560.7122898218548
79,0,574,471.8,57.146303467503486,3,0,489.68067734811626
80,0,574,487.2,58.14808681289515,3,1,493.2612524249565
81,1,447,472.4,56.79612662849457,3,1,491.36459875930075
82,1,447,471.8,57.146303467503486,3,0,491.36459875930075
83,2,447,471.8,57.146303467503486,3,0,491.36459875930075
84,4,542,490.8,62.3915058321243,3,0,501.01913372549524
85,4,447,472.4,56.79612662849457,3,1,491.36459875930075
86,5,544,510.8,59.60453002918487,3,0,522.2000512070487
87,5,544,491.8,62.25512027134789,3,1,519.0571343276445
88,1,662,510.8,59.60453002918478,3,1,500.9968954428302
89,1,662,504.4,52.40515241844069,3,0,502.6768724541229
90,2,550,525.0,43.72642221815091,3,0,505.39902399396465
91,0,542,539.0,2.5495097567960774,4,0,537.1818752080078
92,1,536,538.4,2.880972058177305,4,0,537.0163420670325
93,2,536,538.2,2.8635642126555614,4,1,537.0163420670325
94,2,542,539.0,3.3166247903551547,4,0,537.1818752080078
95,3,535,537.6,3.2093613071765046,4,1,535.874081634746
96,3,535,538.0,3.6742346141745457,4,0,536.1503660709346
97,4,536,538.2,3.492849839314368,4,0,537.0163420670325
98,4,536,536.8,2.9495762407508117,4,1,536.1562958248215
99,5,541,538.0,3.2403703492041944,4,1,546.1952768059086
100,5,541,538.0,3.240370349203692,4,0,546.1952768059086
101,0,536,538.0,3.240370349203692,4,0,536.4325802610102
102,0,536,536.8,2.3874672772630205,4,1,536.1562958248215
103,1,560,541.6,10.549881515922422,4,1,538.8696763854723
104,3,542,543.0,9.899494936611744,4,1,537.400116897065
105,3,560,541.6,10.549881515922268,4,0,538.8696763854723
106,4,540,543.8,9.33809402394308,4,1,537.400116897065
107,4,540,542.6,9.989994994993657,4,0,537.400116897065
108,5,540,543.6,9.423375191511878,4,1,546.9972803009881
109,5,540,543.4,9.476286192385617,4,0,546.9972803009881
110,0,536,542.4,10.039920318408818,4,0,537.2345837560897
111,0,536,543.6,9.423375191511878,4,1,537.2345837560897
112,1,540,543.2,9.549869109050569,4,0,537.400116897065
113,1,540,539.6,2.190890230021043,4,1,537.1818752080078
114,2,538,538.8,1.7888543820002971,4,1,537.1818752080078
115,2,538,538.8,1.7888543819994234,4,0,537.1818752080078
116,3,540,538.8,1.7888543819994234,4,0,537.1818752080078
117,3,540,538.8,1.7888543820002971,4,1,537.1818752080078
118,4,533,537.4,2.966479394838011,4,0,535.6151656271887
119,4,533,537.4,2.966479394838538,4,1,535.6151656271887
120,3,515,538.2,20.87342808452892,5,0,535.5515415876208
121,4,543,536.2,13.553597308463878,5,1,536.1094182709959
122,4,520,529.0,14.815532390029087,5,0,531.5786847172817
123,5,519,535.6,14.380542409798013,5,1,536.5589019287478
124,1,519,523.4,11.148990985735033,5,0,527.6312981574613
125,2,513,517.4,3.2093613071763705,5,0,514.1020921019075
126,0,517,534.8,15.466091943344926,5,1,533.7883299355984
127,0,519,517.2,3.0331501776207483,5,0,514.1020921019075
128,1,516,517.4,2.8809720581777145,5,0,514.1020921019075
129,2,513,516.0,3.0000000000001195,5,0,514.1020921019075
130,3,514,515.0,2.549509756796533,5,0,514.1020921019075
131,5,518,516.0,2.549509756796533,5,0,518.6786256429727
132,5,516,528.4,15.257784898208474,5,1,534.4741561129126
133,0,519,522.8,11.366617790706186,5,1,527.6312981574613
134,0,519,516.0,2.549509756796533,5,0,514.1020921019075
135,1,526,518.0,5.14781507049357,5,0,515.1139249406094
136,3,511,517.6,5.683308895353196,5,0,514.1020921019075
137,4,519,518.6,5.319774431308224,5,0,517.8611873295666
138,5,519,518.8,5.310367218940771,5,0,522.4377208706319
139,5,459,508.6,65.25565109628434,6,0,506.3362588068688
140,5,576,532.6,64.06871311334415,6,1,527.797034917329
141,0,579,532.2,65.07457260712509,6,0,501.94225166442845
142,0,579,555.6,52.9650828376582,6,1,523.885407848262
143,5,556,526.6,60.54997935590065,6,0,527.990692377873
144,5,556,551.2,51.53348426023604,6,1,536.4010372280799
145,0,577,574.4,10.73778375643662,6,1,554.8757858011669
146,4,588,526.8,60.75524668701458,6,0,509.7444089960771
147,4,588,572.0,9.300537618868816,6,1,554.8757858011669
148,0,527,527.2,1.303840481040362,7,1,531.5786847172817
149,1,530,527.6,1.816590212458373,7,0,531.5786847172817
150,1,530,527.6,1.816590212458373,7,1,531.5786847172817
151,2,528,527.6,1.816590212458373,7,0,531.5786847172817
152,2,528,527.6,1.816590212458373,7,1,531.5786847172817
153,0,529,527.8,1.9235384061670244,7,1,531.5786847172817
154,0,529,527.8,1.9235384061670244,7,0,531.5786847172817
155,1,535,529.8,3.114482300479437,7,1,532.4364062032738
156,1,535,529.8,3.114482300479437,7,0,532.4364062032738
157,2,528,530.0,2.915475947422604,7,1,531.5786847172817
158,2,528,530.0,2.915475947422604,7,0,531.5786847172817
159,4,529,529.8,2.9495762407504773,7,1,531.5786847172817
160,4,529,529.8,2.9495762407504773,7,0,531.5786847172817
161,1,530,530.2,2.774887385102276,7,0,531.5786847172817
162,1,530,530.2,2.774887385102276,7,1,531.5786847172817
163,2,530,530.4,2.7018512172212086,7,1,531.5786847172817
164,2,530,530.4,2.7018512172212086,7,0,531.5786847172817
165,3,532,529.8,1.48323969741904,7,0,531.5786847172817
166,3,532,529.8,1.48323969741904,7,1,531.5786847172817
167,4,530,530.2,1.09544511501022,7,1,531.5786847172817
168,4,530,530.2,1.09544511501022,7,0,531.5786847172817
169,5,529,530.2,1.09544511501022,7,1,534.4741561129126
170,5,529,530.2,1.09544511501022,7,0,534.4741561129126
171,0,530,530.2,1.09544511501022,7,1,531.5786847172817
172,0,530,530.2,1.09544511501022,7,0,531.5786847172817
173,1,528,529.8,1.48323969741904,7,1,531.5786847172817
174,1,528,529.8,1.48323969741904,7,0,531.5786847172817
175,2,529,529.2,0.8366600265338947,7,0,531.5786847172817
176,3,529,529.2,0.8366600265338947,7,1,531.5786847172817
177,3,530,529.2,0.8366600265338947,7,0,531.5786847172817
178,4,528,529.0,0.9999999999998472,7,0,531.5786847172817
179,4,528,528.8,0.8366600265338947,7,1,531.5786847172817
180,3,515,538.0,20.542638584174167,8,0,534.9677797815986
181,4,520,529.0,14.815532390029096,8,0,531.5786847172817
182,5,519,523.4,11.148990985735042,8,0,531.8817773905948
183,1,517,518.2,2.167948338868133,8,0,517.8611873295666
184,1,955,525.6,13.202272531651492,8,1,531.7027079387007
185,2,513,516.8,2.863564212655457,8,0,514.1020921019075
186,1,519,517.6,2.792848008753982,8,0,514.1020921019075
187,2,513,516.2,3.033150177620809,8,0,514.1020921019075
188,3,514,515.2,2.683281572999972,8,0,514.1020921019075
189,4,518,515.4,2.8809720581778038,8,0,514.1020921019075
190,4,513,518.4,3.5071355833499784,8,1,517.8611873295666
191,5,522,517.2,3.701351104664511,8,0,518.6786256429727
192,2,519,517.2,3.701351104664511,8,0,514.1020921019075
193,3,517,518.0,2.9154759474228453,8,0,515.1139249406094
194,4,519,519.0,1.8708286933872744,8,0,517.8611873295666
195,5,519,519.2,1.7888543820001503,8,0,522.4377208706319
196,0,518,518.4,0.8944271910005737,8,0,517.8611873295666
197,1,520,518.6,1.1401754250996476,8,0,517.8611873295666
198,2,519,519.0,0.7071067811873615,8,0,517.8611873295666
199,3,522,518.4,3.5071355833499784,8,1,517.8611873295666
200,2,543,540.0,3.082207001484495,9,0,537.1818752080078
201,2,543,541.4,1.341640786499687,9,1,537.400116897065
202,3,538,540.6,1.949358868961668,9,1,537.1818752080078
203,3,538,539.2,2.9495762407505355,9,0,537.1818752080078
204,4,541,540.4,1.816590212458365,9,1,537.1818752080078
205,4,541,539.4,3.049590136395395,9,0,537.1818752080078
206,5,545,541.4,2.701851217221177,9,1,546.9972803009881
207,5,545,540.4,3.974921382870372,9,0,546.7790386119309
208,0,542,541.8,2.588435821108986,9,0,537.400116897065
209,1,552,543.6,5.319774431308161,9,0,538.5398979756415
210,1,542,541.8,2.588435821108874,9,1,537.400116897065
211,2,541,544.2,4.658325879540855,9,0,537.400116897065
212,2,541,541.4,2.509980079602137,9,1,537.400116897065
213,3,538,543.6,5.319774431308161,9,0,537.400116897065
214,3,538,541.4,2.509980079602137,9,1,537.400116897065
215,5,542,543.0,5.291502622129189,9,0,546.9972803009881
216,5,542,541.6,2.509980079602137,9,1,546.9972803009881
217,0,537,542.0,5.958187643906499,9,0,537.400116897065
218,0,537,540.0,2.345207879911624,9,1,537.1818752080078
219,2,538,539.2,2.1679483388679035,9,0,537.1818752080078
220,2,538,539.2,2.1679483388677854,9,1,537.1818752080078
221,3,538,538.6,1.9493588689618264,9,0,537.1818752080078
222,3,538,538.6,1.9493588689616956,9,1,537.1818752080078
223,4,564,543.8,11.4542568506211,9,0,538.8696763854723
224,4,564,543.8,11.454256850621078,9,1,538.8696763854723
225,2,526,529.8,8.228000972289472,10,1,531.5786847172817
226,3,528,529.2,8.228000972289472,10,1,531.5786847172817
227,4,533,527.2,4.324349662087538,10,1,532.1774901957166
228,4,528,529.8,8.228000972289609,10,0,531.5786847172817
229,5,539,529.4,6.877499545619519,10,1,543.2392420388165
230,5,539,531.4,9.235799911214988,10,0,543.2392420388165
231,0,531,531.4,5.029910535983393,10,1,531.5786847172817
232,0,531,529.0,6.6708320320630685,10,0,531.5786847172817
233,2,721,528.6,7.300684899377507,10,0,531.3490509265345
234,3,536,530.6,7.765307463326788,10,0,532.7186203933494
235,3,721,530.0,7.348469228349315,10,1,531.3490509265345
236,5,556,535.6,13.520355024924331,10,1,546.8540918258391
237,5,556,536.2,13.442470011125128,10,0,547.2366856461064
238,0,569,542.2,20.06738647656934,10,0,538.5448115821283
239,3,538,543.6,19.320973060381764,10,0,537.075252093721
240,3,569,542.8,19.87963782366261,10,1,538.5448115821283
241,4,543,543.6,19.768662069042435,10,1,537.075252093721
242,5,543,548.4,13.903237033151584,10,0,548.7004913589587
243,5,539,545.2,18.793615937333534,10,1,548.3490746223437
244,1,557,552.6,12.300406497347872,10,0,545.986999170257
245,1,557,552.8,12.008330441822324,10,1,546.8824969377243
246,2,578,557.0,16.896745248715735,10,0,548.7147717133936
247,2,578,557.2,16.619265928433673,10,1,548.7147717133936
248,3,538,535.4,48.67031949761562,11,0,510.893239039292
249,4,538,526.2,40.91698913654312,11,0,511.8471794652931
250,4,538,554.6,18.942016788082597,11,1,544.4280095649815
251,5,546,552.0,19.07878402833899,11,1,552.3246567704613
252,5,546,524.6,39.69634743902754,11,0,529.8031179910829
253,0,452,505.6,48.13314866077221,11,0,497.9495620517769
254,1,545,523.8,40.313769359860025,11,0,506.2911564320993
255,0,538,523.8,40.313769359860025,11,0,506.2911564320993
256,1,455,507.2,49.12942092066623,11,0,494.9148780164467
257,2,453,488.6,48.36631058908674,11,0,491.74940354100085
258,3,452,525.6,41.6749325134427,11,1,493.4464183719776
259,3,453,488.8,48.1788335267678,11,0,491.74940354100085
260,4,540,487.8,46.751470565106345,11,0,500.50673153895144
261,4,540,522.8,39.71397738832015,11,1,513.7522384345901
262,5,546,489.4,48.98264998956267,11,0,519.0571343276445
263,0,546,524.4,40.63003814913301,11,1,506.47119769303623
264,1,541,506.6,48.98264998956259,11,0,504.40742057826225
265,2,540,524.0,39.76807765029619,11,0,506.2911564320993
266,2,558,528.4,43.20648099533221,11,1,506.04665485905787
267,3,452,523.8,40.21442527253108,11,0,492.89750340877805
268,4,452,509.6,52.97924121766944,11,1,497.1228590453668
269,4,452,506.2,49.529789016308094,11,0,495.9442063036661
270,0,459,511.0,51.13707070218242,11,1,495.885060474232
271,0,459,488.8,47.28318940173137,11,0,493.17364936352783
272,1,539,510.8,50.997058738715545,11,1,502.80172425948894
273,1,539,488.4,46.73649537566977,11,0,500.50673153895144
274,2,538,488.0,46.189825719524016,11,0,500.50673153895144
275,2,538,509.2,49.72625061272973,11,1,502.80172425948894
276,3,458,489.2,45.08547437922775,11,0,492.3161655007692
277,3,458,489.2,45.08547437922777,11,1,492.3161655007692
278,4,539,506.6,43.91241282371072,11,0,504.9955422778176
279,0,534,531.6,2.5099800796018497,12,0,532.8263754756971
280,0,534,541.2,14.237275020171532,12,1,536.8166527700084
281,1,528,531.6,2.5099800796018497,12,0,532.1043707857107
282,1,528,535.0,10.90871211463574,12,1,534.0362546220349
283,2,533,530.8,2.7748873851024323,12,1,532.1774901957166
284,2,533,532.0,2.5495097567960205,12,0,532.7031762641456
285,0,535,532.2,2.7748873851019726,12,0,532.9620922717028
286,1,535,532.2,2.7748873851024323,12,1,532.9620922717028
287,1,530,532.0,2.915475947422315,12,0,532.1043707857107
288,2,531,532.2,2.7748873851024323,12,1,532.1043707857107
289,2,531,531.4,2.7018512172208973,12,0,531.5786847172817
290,3,532,532.2,1.9235384061666327,12,0,532.1043707857107
291,4,532,531.8,2.5884358211090808,12,1,532.1043707857107
292,4,531,531.8,1.9235384061666327,12,0,532.1043707857107
293,5,528,530.4,1.5165750888096532,12,0,534.4741561129126
294,0,529,530.2,1.643167672514898,12,0,531.5786847172817
295,0,528,531.8,2.5884358211090808,12,1,532.1043707857107
296,2,552,534.4,9.964938534682398,12,0,536.2335798312179
297,3,533,534.6,9.91463564635626,12,0,534.3871354140333
298,4,528,534.0,10.27131929208698,12,0,533.7883299355984
299,5,530,534.4,10.014988766843333,12,0,535.9258762306606
300,0,525,533.6,10.691117808723195,12,0,533.318054680258
301,1,552,535.6,9.502631214563706,12,1,536.866605529305
302,1,532,529.6,3.209361307175988,12,0,531.5786847172817
303,2,533,529.6,3.209361307175988,12,0,532.1774901957166
304,3,525,529.0,3.8078865529317376,12,0,531.5786847172817
305,4,529,528.8,3.768288736283136,12,0,531.5786847172817
306,0,543,538.2,2.774887385102271,13,0,537.1818752080078
307,1,532,537.2,3.962322551231916,13,1,535.0163601487538
308,1,532,537.4,3.911521443121544,13,0,535.0163601487538
309,2,540,537.8,4.147288270665668,13,1,536.5981134019855
310,2,540,538.0,4.062019202317937,13,0,536.5981134019855
311,0,542,539.0,4.358898943540634,13,0,537.1818752080078
312,0,542,538.6,4.5607017003966615,13,1,537.1818752080078
313,1,540,538.0,4.000000000000129,13,1,536.5981134019855
314,1,540,539.4,4.33589667773572,13,0,537.1818752080078
315,2,537,538.2,3.898717737923541,13,0,537.1818752080078
316,2,537,538.2,3.89871773792372,13,1,537.1818752080078
317,3,543,540.4,2.302172886644176,13,0,537.1818752080078
318,3,543,540.4,2.30217288664448,13,1,537.1818752080078
319,4,533,539.0,4.062019202318101,13,1,536.4752118693997
320,4,533,539.0,4.062019202317929,13,0,536.4752118693997
321,5,534,537.4,4.159326868617031,13,0,538.0400249847404
322,5,534,537.4,4.1593268686172,13,1,538.0400249847404
323,1,587,536.0,4.242640687119396,13,1,536.8110457274789
324,1,587,536.0,4.242640687119231,13,0,536.8110457274789
325,3,542,537.0,5.049752469181132,13,1,536.3218289657968
326,3,542,537.0,5.049752469180993,13,0,536.3218289657968
327,4,535,535.4,3.781534080237746,13,0,534.893976108027
328,4,535,535.4,3.781534080237931,13,1,534.893976108027
329,5,537,536.2,3.563705936241028,13,0,541.3336152479192
330,5,537,536.2,3.563705936241224,13,1,541.3336152479192
331,0,537,536.8,3.3466401061364386,13,1,536.3218289657968
332,0,537,536.8,3.3466401061362294,13,0,536.3218289657968
333,1,539,538.0,2.645751311064509,13,0,536.5981134019855
334,1,539,538.0,2.645751311064773,13,1,536.5981134019855
335,2,534,536.4,1.9493588689620365,13,1,535.6549807899744
336,2,534,536.4,1.9493588689616768,13,0,535.6549807899744
337,3,537,536.8,1.7888543820001006,13,1,536.3218289657968
338,4,537,536.8,1.7888543819997094,13,0,536.3218289657968
339,4,539,537.2,2.049390153192148,13,1,536.3218289657968
340,2,756,532.6,48.11756436063664,14,1,504.67982125417797
341,3,468,519.6,56.10080213330292,14,1,496.4521366138238
342,5,559,524.6,58.7562762604984,14,1,530.1402768143915
343,1,595,501.6,51.78609852074205,14,1,502.2896685259643
344,2,467,504.0,49.305172142484224,14,1,496.12095795177464
345,1,450,498.8,44.11008954876412,15,1,491.7960810055801
346,2,456,484.2,43.700114416326194,15,0,491.1352383638252
347,0,456,484.0,43.43385776096781,15,1,491.68936236129224
348,0,459,469.4,34.63091104779078,15,0,492.3421151164448
349,1,543,486.0,46.3842645732363,15,1,500.1195276107929
350,1,543,487.8,45.229415207362585,15,0,500.57792713783124
351,2,531,486.2,46.62295571925899,15,1,498.84186528856253
352,2,531,487.8,45.229415207362585,15,0,499.04134880804355
353,3,532,504.2,42.90337982024267,15,0,503.08147963474363
354,3,532,502.4,45.390527646195,15,1,503.08147963474363
355,5,532,519.4,34.12184051307914,15,0,525.3330617462611
356,6,446,516.8,39.88358058148751,15,0,552.5833043691265
357,6,532,518.8,35.449964739051566,15,1,546.1835381075399
358,0,532,514.6,38.35101041693695,15,0,504.40253763951654
359,0,532,534.0,5.049752469181644,15,1,533.7883299355984
360,1,539,516.2,39.35987804859165,15,0,503.7879078195078
361,1,539,533.2,3.2710854467600843,15,1,533.4098396027537
362,2,445,498.8,48.74115304339855,15,0,490.8655451644699
363,4,536,499.6,49.4499747219349,15,0,502.880915948405
364,4,445,516.0,39.80577847499025,15,1,493.2503926423502
365,5,531,516.6,40.15345564207406,15,0,515.0970697333545
366,5,531,515.8,39.707681876432886,15,1,515.9790896350303
367,0,447,499.6,49.01836390578536,15,0,494.3448058485661
368,1,448,481.4,47.6056719309789,15,0,488.79559711675813
369,2,454,483.2,46.02933847015394,15,0,488.79559711675813
370,2,447,498.8,48.30320900312923,15,1,491.3101218132359
371,3,530,482.0,44.35651023243367,15,0,498.63668851995936
372,3,530,498.4,47.966655084547895,15,1,501.60720180834255
373,4,445,479.6,46.47364844726496,15,1,488.3510204679921
374,4,445,464.8,36.60191251833687,15,0,489.94660611981976
375,5,534,482.2,45.59824558028514,15,0,510.2316599204444
376,5,534,497.4,46.94997337592413,15,1,511.75983562819954
377,5,455,473.8,47.12430370838394,16,0,495.34097451775125
378,5,455,473.0,47.576254581460994,16,1,495.34097451775125
379,6,529,467.2,34.629467220850884,16,1,560.4254436508007
380,6,529,468.0,34.17601498127025,16,0,560.4254436508007
381,0,566,490.4,53.78475620470924,16,0,492.87404849679797
382,1,566,490.4,53.784756204709126,16,1,496.17050359875344
383,1,454,491.4,52.8611388450912,16,0,488.54479979926765
384,2,459,492.6,51.82952826333662,16,0,491.8658846637977
385,0,459,492.4,52.01730481291776,16,1,491.80584198995257
386,0,457,493.0,51.47329404652484,16,0,491.76969812270556
387,1,461,479.4,48.47989273915537,16,0,491.2825760540945
388,2,457,457.6,2.607680962082717,16,0,492.3519852489253
389,3,460,458.8,1.7888543820022396,16,0,492.66697991978873
390,4,463,459.6,2.6076809620827066,16,0,492.66697991978873
391,4,461,494.0,50.60632371551996,16,1,493.60831717824317
392,5,459,460.0,2.2360679775017065,16,0,502.99950257601705
393,5,459,494.8,49.86180903256518,16,1,501.9399635136667
394,0,455,480.0,48.12483766206378,16,1,491.57948383459785
395,0,455,458.8,3.033150177622036,16,0,492.165025135981
396,1,552,477.2,41.87123117368287,16,1,498.594489252862
397,1,552,477.8,41.57763822056285,16,0,498.594489252862
398,4,544,494.6,48.91114392446784,16,0,502.5971746891032
399,5,543,510.6,49.0744332621377,16,0,521.8128472788901
400,0,544,494.2,49.24124287627191,16,1,500.51218978389903
401,0,548,528.4,41.18616272487651,16,0,505.7228190142673
402,1,548,511.6,49.94296747290861,16,1,503.1536685715515
403,1,548,547.0,3.605551275465061,16,0,539.5678564522065
404,3,557,548.0,5.5226805085943305,16,0,540.0549489276466
405,3,557,531.2,42.8684032826045,16,1,507.02849694337414
406,4,458,530.8,41.00853569685227,16,0,499.5073140630485
407,2,530,529.0,2.000000000000016,17,0,531.5786847172817
408,0,528,527.4,2.8809720581775786,17,1,531.5786847172817
409,0,533,530.2,2.280350850198281,17,0,532.1774901957166
410,1,530,528.4,2.701851217221256,17,1,531.5786847172817
411,1,530,529.8,2.0493901531919323,17,0,531.5786847172817
412,2,529,530.0,1.8708286933869915,17,0,531.5786847172817
413,3,522,528.8,4.086563348340508,17,0,531.5786847172817
414,3,529,529.2,1.923538406167137,17,1,531.5786847172817
415,5,526,528.0,4.183300132670373,17,0,534.4741561129126
416,5,526,529.0,2.236067977499785,17,1,534.4741561129126
417,0,528,528.2,1.4832396974191264,17,1,531.5786847172817
418,0,528,527.0,3.1622776601683737,17,0,531.1239830674921
419,1,550,531.0,10.95445115010332,17,0,534.0239346129011
420,2,529,531.0,10.95445115010332,17,0,531.5786847172817
421,2,550,532.6,9.838699100999069,17,1,534.5496206813301
422,3,529,532.4,9.914635646356349,17,0,532.1043707857107
423,4,529,532.4,9.91463564635634,17,1,532.1043707857107
424,5,529,533.0,9.513148795220223,17,0,534.5471982388342
425,0,528,533.0,9.513148795220223,17,0,532.1043707857107
426,1,532,529.4,1.5165750888103162,17,0,531.5786847172817
427,1,528,532.2,10.009995004993751,17,1,532.1043707857107
428,2,530,529.6,1.5165750888103162,17,0,531.5786847172817
429,3,528,529.4,1.6733200530681525,17,0,531.5786847172817
430,3,530,533.0,9.539392014169444,17,1,532.1043707857107
431,4,527,529.0,2.0000000000000018,17,0,531.5786847172817
432,4,527,532.8,9.679876032264035,17,1,532.1043707857107
433,5,566,576.4,7.635443667528419,18,0,565.7237823949089
434,5,566,574.6,7.334848328356972,18,1,565.7237823949089
435,1,953,571.4,11.216059914247948,18,0,555.8770736784264
436,5,572,568.6,7.924645102463553,18,0,565.7237823949089
437,0,567,566.8,6.760177512462201,18,0,554.4970098679352
438,2,578,567.8,8.136338242723179,18,0,554.8757858011669
439,5,569,568.4,8.080841540334752,18,0,565.7237823949089
440,5,556,568.6,7.924645102463658,18,1,564.5334936878701
441,0,571,567.6,7.021395872616874,18,1,554.8757858011669
442,1,583,573.8,6.61059755241536,18,0,554.8757858011669
443,2,579,575.2,6.870225614927062,18,0,554.8757858011669
444,3,579,577.6,5.176871642217893,18,0,554.8757858011669
445,4,569,575.8,6.418722614352461,18,0,554.8757858011669
446,4,572,567.4,6.841052550594926,18,1,554.4970098679352
447,5,542,541.4,2.302172886643954,19,1,546.9972803009881
448,0,539,540.2,1.3038404810399722,19,1,537.1818752080078
449,1,539,540.2,1.3038404810403563,19,0,537.1818752080078
450,1,562,544.8,9.679876032263984,19,1,538.8696763854723
451,2,539,544.6,9.81325634027762,19,1,537.400116897065
452,2,539,540.2,1.3038404810403563,19,0,537.1818752080078
453,0,535,539.2,2.683281572999674,19,0,536.7341278769569
454,0,535,543.4,10.69111780872322,19,1,536.9523695660141
455,2,543,539.6,3.1304951684996425,19,0,537.1818752080078
456,2,543,543.6,10.667708282475614,19,1,537.400116897065
457,0,537,543.2,10.917875251164892,19,1,537.400116897065
458,0,537,538.6,2.966479394838204,19,0,537.1818752080078
459,1,566,544.0,12.649110640673484,19,1,538.8696763854723
460,1,566,544.0,12.649110640673502,19,0,538.8696763854723
461,3,540,544.2,12.55786606076045,19,1,537.400116897065
462,3,540,544.2,12.557866060760473,19,0,537.400116897065
463,5,542,545.6,11.631852818876238,19,1,548.3490746223437
464,5,542,545.6,11.63185281887626,19,0,548.3490746223437
465,0,537,544.4,12.259690045021491,19,1,537.400116897065
466,0,537,544.4,12.259690045021513,19,0,537.400116897065
467,1,537,544.4,12.259690045021513,19,0,537.400116897065
468,1,537,544.4,12.259690045021491,19,1,537.400116897065
469,2,537,538.6,2.3021728866441404,19,0,537.1818752080078
470,2,537,538.6,2.3021728866440294,19,1,537.1818752080078
471,3,538,538.2,2.167948338867748,19,0,537.1818752080078
472,3,538,538.2,2.16794833886763,19,1,537.1818752080078
473,4,538,537.4,0.5477225575046965,19,0,536.3218289657968
474,4,538,537.4,0.5477225575042295,19,1,536.3218289657968
475,2,467,494.0,46.491934784433134,20,0,494.1352843755242
476,2,467,483.8,56.89200295296318,20,1,492.22427863230587
477,0,468,469.6,47.80481147332308,20,1,490.6837840641889
478,0,468,479.6,39.27212752067267,20,0,492.20795848601364
479,3,546,497.8,41.3182768275733,20,1,503.5660615291207
480,3,546,499.4,43.46032673600125,20,0,503.5660615291207
481,5,549,499.6,43.74128484624087,20,1,519.8616296168243
482,5,549,515.6,43.92379765002102,20,0,524.138142504371
483,6,569,519.8,48.55615306014258,20,0,536.3524856225077
484,0,569,519.8,48.5561530601426,20,1,498.1587996776764
485,0,573,541.0,42.50294107470686,20,0,512.3229658710832
486,1,552,557.8,12.316655390162232,20,0,548.7098581069067
487,1,552,536.8,39.480374871573936,20,1,511.7298437328692
488,5,1016,538.6,50.60928768516707,20,0,532.8163162916386
489,5,1016,533.2,47.35715363068186,20,1,527.7270350958387
490,0,576,539.2,51.13413732527428,20,1,506.2655263195401
491,1,576,544.0,53.3619714778231,20,0,509.7802231105528
492,1,545,538.4,50.97352253866715,20,1,508.90836716687414
493,2,538,537.8,51.49951456081895,20,0,507.90755313349996
494,2,538,532.2,48.12691554629284,20,1,505.5633595019807
495,3,556,533.0,48.56953777832361,20,1,507.60818567130866
496,3,556,534.4,49.09989816690052,20,0,509.83818690881554
497,4,539,531.8,48.27214517711016,20,0,512.1424216027959
498,4,539,550.8,15.801898620103008,20,1,541.1462061812402
499,5,464,534.6,42.388677733564656,20,0,511.2177131073737
500,5,464,528.4,36.70558540603874,20,1,511.4469827634126
501,1,524,528.8,4.086563348340604,21,1,531.5786847172817
502,1,534,538.0,10.416333327999787,21,0,536.014649274929
503,2,555,534.4,12.177848742696757,21,1,536.2335798312179
504,2,555,538.2,10.80277742064507,21,0,538.3216562865842
505,0,534,534.8,12.111977542911848,21,1,534.5103346255848
506,0,534,536.6,10.69111780872323,21,0,535.7383648387403
507,1,535,536.4,11.326958991715344,21,1,535.7906975859801
508,1,535,537.0,10.559356040971393,21,0,535.874081634746
509,2,527,535.0,12.103718436910247,21,1,534.0362546220349
510,2,527,537.0,10.559356040971393,21,0,535.0163601487538
511,3,531,536.4,10.853570840972155,21,1,534.932976099988
512,3,531,536.4,10.85357084097206,21,0,534.932976099988
513,4,529,531.2,3.3466401061364426,21,1,531.5786847172817
514,4,529,531.2,3.3466401061361326,21,0,531.5786847172817
515,5,527,529.8,3.3466401061364426,21,1,534.4741561129126
516,0,527,529.8,3.3466401061361326,21,0,531.5786847172817
517,1,538,530.4,4.560701700396425,21,0,532.8841535343247
518,1,527,528.2,1.7888543820000788,21,1,531.5786847172817
519,3,535,529.8,3.3466401061364426,21,1,532.4364062032738
520,3,535,532.0,4.4721359549994535,21,0,532.9620922717028
521,4,527,529.0,3.464101615137888,21,1,531.5786847172817
522,5,527,531.2,5.019960159204347,21,0,534.4741561129126
523,5,509,525.0,9.591663046625488,21,1,534.019454463123
524,0,514,522.4,10.620734437881444,21,1,526.8738863260776
525,1,514,528.2,9.311283477587777,21,0,531.5786847172817
526,1,526,522.2,10.521406750050144,21,1,526.8738863260776
527,2,529,521.0,8.916277250063557,21,1,526.8738863260776
528,2,529,528.6,9.289779329994824,21,0,531.5786847172817
529,3,526,520.8,8.757853618324585,21,1,526.8738863260776
530,4,526,526.2,7.661592523751127,21,0,531.1239830674921
531,4,526,524.2,5.848076606885479,21,1,528.9615108031644
532,0,535,533.8,2.6832815729999786,22,0,534.6460514215905
533,1,548,535.8,6.942621983083793,22,1,536.9253635047818
534,1,537,534.0,2.9154759474228573,22,0,535.0937987526414
535,2,584,544.4,22.300224214119496,22,0,538.5448115821283
536,1,546,547.6,20.81585933849481,22,0,538.4270464150766
537,1,584,545.8,22.4321198284959,22,1,539.8966059034839
538,2,531,546.6,21.61712284278372,22,0,537.1215775980336
539,3,531,545.8,22.2193609269034,22,0,537.1215775980336
540,4,529,544.2,23.274449510138837,22,0,535.769783276678
541,5,532,533.8,6.90651865993297,22,0,535.9258762306606
542,0,532,531.0,1.2247448713924594,22,0,531.5786847172817
543,1,555,535.8,10.80277742064523,22,0,537.2491993495723
544,2,534,536.4,10.549881515922465,22,0,535.6549807899744
545,2,531,545.8,22.4321198284959,22,1,537.1215775980336
546,3,532,537.0,10.099504938362202,22,0,535.0163601487538
547,4,532,545.8,22.4321198284959,22,1,537.1215775980336
548,4,534,537.4,9.889388252061018,22,0,535.7383648387403
549,5,537,538.4,9.449867723942091,22,0,542.4060721849311
550,0,537,546.4,22.074872593063795,22,1,538.4270464150766
551,0,534,534.2,1.7888543820004998,22,0,534.5103346255848
552,2,535,534.4,1.8165902124591533,22,0,534.6460514215905
553,3,527,533.4,3.78153408023812,22,0,533.318054680258
554,1,532,536.0,10.908712114635716,23,0,534.8039494539529
555,2,532,531.4,2.5099800796022333,23,0,531.5786847172817
556,0,535,531.4,2.5099800796022333,23,0,532.4364062032738
557,1,532,532.0,2.1213203435596544,23,0,532.1043707857107
558,2,534,533.0,1.414213562373113,23,0,532.8263754756971
559,4,531,532.8,1.6431676725155058,23,0,532.1043707857107
560,5,532,532.8,1.6431676725155058,23,0,534.5471982388342
561,0,531,532.0,1.224744871391586,23,0,532.1043707857107
562,1,571,539.8,17.484278652549566,23,0,538.3265698930711
563,2,532,539.4,17.672011770027783,23,0,535.5515415876208
564,2,569,545.2,17.555625878902756,23,1,539.8966059034839
565,3,532,539.6,17.55847373777119,23,0,535.5515415876208
566,4,534,540.0,17.363755354185354,23,0,536.2735462776072
567,5,533,540.4,17.126003620226186,23,0,538.7768720153998
568,0,535,533.2,1.3038404810406072,23,0,532.9620922717028
569,1,530,532.8,1.923538406167172,23,0,532.1043707857107
570,2,532,532.8,1.923538406167172,23,0,532.1043707857107
571,2,532,545.0,17.7341478509682,23,1,537.1215775980336
572,3,530,532.0,2.1213203435596726,23,0,532.1043707857107
573,3,530,544.2,18.430952227163964,23,1,535.769783276678
574,4,532,531.8,2.0493901531919514,23,0,532.1043707857107
575,2,531,529.2,2.1679483388681624,24,0,531.5786847172817
576,0,526,529.0,2.4494897427834217,24,0,531.5786847172817
577,2,530,528.6,1.9493588689620964,24,0,531.5786847172817
578,2,526,539.4,25.035974117257783,24,1,535.5515415876208
579,3,522,527.4,3.577708763999823,24,0,531.5786847172817
580,3,522,527.0,3.6055512754641774,24,1,531.1239830674921
581,4,526,527.0,3.6055512754641463,24,0,531.1239830674921
582,5,523,525.4,3.1304951684998845,24,0,534.019454463123
583,5,526,526.8,3.633180424917176,24,1,534.019454463123
584,0,529,526.0,3.5355339059328954,24,0,531.1239830674921
585,1,550,530.0,11.510864433221386,24,0,534.0239346129011
586,1,529,526.2,2.6832815729999786,24,1,531.1239830674921
587,2,529,531.4,10.691117808723329,24,0,531.5786847172817
588,2,529,526.4,2.880972058177809,24,1,531.1239830674921
589,3,529,532.0,10.39230484541332,24,0,532.1043707857107
590,4,529,533.2,9.39148550549918,24,0,532.1043707857107
591,4,529,527.0,3.0822070014846967,24,1,531.1239830674921
592,5,529,533.2,9.39148550549918,24,0,534.5471982388342
593,5,529,528.4,1.3416407865003548,24,1,534.4741561129126
594,0,528,528.8,0.4472135955015499,24,0,531.5786847172817
595,0,528,528.8,0.4472135955014069,24,1,531.5786847172817
596,1,532,529.4,1.5165750888107847,24,0,531.5786847172817
597,1,532,529.4,1.5165750888107423,24,1,531.5786847172817
598,2,531,529.8,1.6431676725159423,24,0,531.5786847172817
599,2,531,529.8,1.6431676725159037,24,1,531.5786847172817
600,3,529,529.8,1.6431676725159423,24,0,531.5786847172817
601,3,529,529.8,1.6431676725159037,24,1,531.5786847172817
602,4,527,529.4,2.0736441353331228,24,0,531.5786847172817
603,2,452,497.4,43.2354021607293,25,1,491.50445617766064
604,0,520,507.6,33.358657047309364,25,0,503.64483437721196
605,0,520,511.6,34.04849482723129,25,1,504.2942617046377
606,1,519,521.6,6.46529195009804,25,0,526.5822614981581
607,2,519,508.8,32.38363784382471,25,1,505.3266014036484
608,2,520,519.0,1.2247448713926508,25,0,517.5695625016472
609,3,498,515.2,9.628083921528876,25,0,514.1198582233469
610,3,498,501.6,29.228410836034108,25,1,503.7085039815619
611,4,521,502.0,29.5381109754838,25,1,503.399113032203
612,5,522,516.0,10.124228365658109,25,1,518.6786256429727
613,5,521,515.6,9.8640762365263,25,0,518.6786256429727
614,0,517,515.0,9.617692030835824,25,0,513.810467273988
615,0,517,515.4,9.914635646356162,25,1,513.810467273988
616,2,530,517.2,11.777096416349943,25,0,513.810467273988
617,2,530,517.6,11.92895636675716,25,1,513.810467273988
618,3,459,505.0,28.240042492885927,25,0,496.85842365142395
619,3,459,509.8,28.787149911027942,25,1,498.81104954343596
620,4,522,510.0,28.887713651308516,25,1,505.597460269224
621,4,522,509.8,28.787149911028056,25,0,505.597460269224
622,5,521,509.8,28.787149911027942,25,1,512.8049899211442
623,5,521,509.8,28.787149911028056,25,0,512.8049899211442
624,0,517,509.8,28.787149911027942,25,1,505.597460269224
625,0,517,509.8,28.787149911028056,25,0,505.597460269224
626,1,515,506.8,26.873779042032822,25,0,503.64483437721196
627,1,515,506.8,26.873779042032705,25,1,503.64483437721196
628,2,519,518.8,2.863564212655708,25,0,517.5695625016472
629,3,519,518.8,2.8635642126545764,25,1,517.5695625016472
630,4,449,504.2,30.93864896856361,25,0,494.0784613488527
631,4,511,516.6,3.8470768123337513,25,1,513.810467273988
632,1,532,531.6,2.880972058177966,26,0,531.8127459577912
633,2,532,531.6,3.911521443121525,26,1,531.8127459577912
634,2,534,532.8,2.1679483388683822,26,0,532.5347506477776
635,3,530,531.6,1.5165750888110163,26,0,531.8127459577912
636,4,530,531.4,1.6733200530687873,26,0,531.2870598893622
637,5,530,531.2,1.7888543820004323,26,0,534.4741561129126
638,5,530,530.0,1.5811388300840437,26,1,534.4741561129126
639,0,533,531.4,1.9493588689623496,26,0,531.8858653677971
640,1,537,532.0,3.082207001484837,26,0,533.1182147748342
641,2,531,532.2,2.949576240750893,26,0,531.8127459577912
642,3,531,532.4,2.792848008754169,26,0,531.8127459577912
643,4,533,530.8,1.9235384061670229,26,1,531.8858653677971
644,4,538,534.0,3.316624790355724,26,0,534.802173924722
645,5,537,532.6,2.701851217221181,26,1,538.9393177377383
646,5,537,534.8,3.492849839314908,26,0,540.3179957295647
647,0,537,534.8,3.492849839314908,26,0,534.802173924722
648,1,535,535.6,2.7928480087541883,26,0,534.9874522917582
649,2,537,536.8,1.095445115011339,26,0,536.0302041378774
650,3,534,536.0,1.4142135623738687,26,0,535.2343293160199
651,4,531,534.8,2.489979919598175,26,0,533.496705107679
652,2,469,462.0,7.810249675906727,27,1,482.2528034631595
653,3,473,466.4,6.066300355241338,27,1,485.17734071558067
654,4,472,469.0,4.7434164902527,27,1,485.17734071558067
655,5,455,466.0,7.745966692414914,27,1,486.4260575581657
656,5,556,559.0,13.435028842544426,28,0,558.6973444034408
657,1,802,563.0,15.50806241927082,28,1,551.1400422062404
658,5,548,526.2,59.46595664748025,29,1,526.7445582413359
659,5,571,519.4,60.29344906372499,29,0,525.6652510453191
660,0,560,544.2,51.2562191348523,29,1,500.76096931960734
661,0,560,539.2,52.00673033367894,29,0,500.5427276305501
662,1,541,542.8,51.2220655577262,29,0,503.4038101669414
663,4,1156,561.2,17.9916647367607,29,1,545.3905940964172
664,4,527,557.0,23.462736413300163,29,0,538.288365663203
665,5,445,528.8,49.82168202700508,29,0,491.289712071292
666,6,464,507.4,50.14279609275892,29,0,563.9368672195864
667,6,445,533.0,50.5123747214482,29,1,512.611191072199
668,1,531,501.6,43.81552236365554,29,0,490.0432106224261
669,1,531,525.0,45.95106092355212,29,1,497.6119935120389
670,2,476,488.6,38.52661417773432,29,0,486.285095534596
671,2,476,510.6,48.16949241999545,29,1,489.95669236476186
672,3,468,492.2,41.72169699329114,29,1,472.24982971573843
673,3,468,476.8,32.368194265358696,29,0,472.275779331414
674,4,482,484.2,27.077666073722074,29,0,486.285095534596
675,5,480,487.4,24.95596121170249,29,0,504.4507287509511
676,0,478,476.8,5.403702434442434,29,0,485.89726463400314
677,1,482,480.4,31.580056998048608,29,1,485.5723998306592
678,1,487,479.0,6.999999999999934,29,0,485.89726463400314
679,2,475,480.4,4.505552130427418,29,0,484.15779110701277
680,3,482,480.4,4.505552130427418,29,0,485.89726463400314
681,1,467,486.6,52.213982801544745,30,0,470.64012079665235
682,2,454,485.6,52.91786087891318,30,0,464.4681630686775
683,2,454,485.6,52.91786087891317,30,1,464.4681630686775
684,2,476,490.0,50.49257371138859,30,0,484.2557127949196
685,3,475,490.2,50.41527546289924,30,0,482.5162392679292
686,4,465,467.4,8.905054744357809,30,0,470.73639302905787
687,5,476,469.2,9.679876032264543,30,0,504.32134165671755
688,5,476,490.0,50.49257371138858,30,1,503.58077409338927
689,1,596,471.6,5.5946402922806096,30,0,480.3458878875306
690,2,452,466.8,9.679876032264552,30,0,465.71698640136157
691,3,596,488.4,51.24743896040083,30,1,481.97280650432145
692,3,465,464.8,8.526429498917455,30,0,470.73639302905787
693,4,468,465.4,8.648699324176427,30,0,471.44121605264337
694,4,468,466.2,7.88669766125266,30,1,471.44121605264337
695,5,480,468.8,10.059821071967836,30,1,504.32134165671755
696,5,480,466.2,9.959919678391476,30,0,504.32134165671755
697,0,482,469.4,12.198360545581927,30,0,484.73783655188856
698,0,482,474.4,7.127411872482757,30,1,484.73783655188856
699,1,478,474.6,7.60263112349994,30,0,484.73783655188856
700,2,489,479.4,7.60263112349994,30,0,484.73783655188856
701,2,478,474.8,7.293833011524745,30,1,484.73783655188856
702,3,471,475.8,6.016643582597204,30,1,472.80620382709685
703,3,471,480.0,6.519202405203418,30,0,472.80620382709685
704,5,557,495.4,35.04711115056433,30,0,515.7116507816266
705,5,557,493.6,35.683329441071045,30,1,515.7116507816266
706,1,452,476.6,50.057966398965945,31,1,463.6449208764084
707,1,454,479.6,48.44378185071851,31,0,464.0297256581085
708,2,458,480.0,48.20788317277584,31,0,468.8098321016775
709,3,458,478.0,49.25444142409904,31,1,468.8098321016775
710,3,458,458.4,3.577708764001065,31,0,470.19423596737175
711,4,450,476.8,49.99199935989762,31,1,464.0297256581085
712,4,450,455.6,3.577708764001151,31,0,465.8761086274266
713,5,454,454.8,3.3466401061379174,31,0,483.2744347851746
714,6,454,454.4,3.577708764000235,31,1,564.3648341036236
715,6,459,455.8,3.7682887362847626,31,0,564.762055262724
716,0,549,472.6,42.81121348431978,31,1,484.0119873767299
717,0,549,474.0,42.07730979993856,31,0,484.0119873767299
718,1,566,495.6,56.91484867765178,31,0,485.85550053779133
719,2,458,497.2,55.40487343185617,31,0,472.15846272534895
720,2,566,495.4,57.0771407833294,31,1,485.85550053779133
721,3,453,494.4,57.93358266152719,31,1,465.77215817255393
722,3,453,497.0,55.601258978551925,31,0,466.7950476720767
723,4,454,495.2,57.190034096859954,31,1,465.77215817255393
724,4,454,496.0,56.493362441971904,31,0,465.77215817255393
725,5,459,478.0,49.25951684700132,31,0,489.42302503343603
726,0,459,496.2,56.32672545071304,31,1,471.07553055198105
727,0,459,456.6,2.880972058179696,31,0,470.19423596737175
728,1,453,477.0,49.81465647778778,31,1,464.0297256581085
729,2,458,455.4,2.880972058178221,31,1,470.19423596737175
730,2,453,455.6,3.1304951685016804,31,0,465.27854899079256
731,3,455,456.0,2.8284271247483623,31,0,465.27854899079256
732,4,453,455.8,3.033150177622648,31,0,465.8761086274266
733,4,455,455.8,2.588435821109667,31,1,465.8761086274266
734,5,458,455.6,2.792848008755996,31,0,490.48256409578636
735,5,458,456.6,2.509980079602956,31,1,490.48256409578636
736,2,549,479.8,38.77757083676077,32,1,484.6133559122568
737,2,549,481.2,38.09461904258922,32,0,484.9213913281094
738,0,471,481.6,37.94469659912966,32,0,472.7893744396055
739,1,456,480.8,38.551264570698606,32,0,468.96371722093437
740,1,471,481.6,37.94469659912963,32,1,472.7893744396055
741,2,455,480.6,38.71433842906268,32,1,465.07541496127834
742,2,455,478.4,39.97249054037041,32,0,464.63239247689216
743,3,465,479.2,39.57524478761947,32,0,469.9189776267746
744,4,459,461.2,6.723094525588745,32,0,470.19423596737175
745,4,465,480.2,38.89987146508327,32,1,470.2083941961997
746,5,462,480.4,38.7788602204861,32,1,490.27943006627214
747,5,462,459.4,4.159326868617245,32,0,490.48256409578636
748,6,462,463.0,5.787918451395035,32,1,564.762055262724
749,6,462,460.6,3.781534080237986,32,0,564.762055262724
750,0,580,485.6,52.81382394790213,32,0,478.676351402366
751,1,580,484.8,53.3451028680234,32,1,481.97280650432145
752,1,579,508.4,64.91764012962888,32,0,489.9710151874881
753,2,463,486.4,52.3383224798044,32,1,469.39314071138074
754,2,463,509.2,64.17709871909138,32,0,473.87346478059476
755,3,465,486.4,52.3383224798044,32,1,469.93529777306685
756,3,465,509.8,63.637253240535145,32,0,475.3152398378796
757,4,461,486.2,52.45664876829245,32,1,469.39314071138074
758,4,461,509.6,63.82632685655662,32,0,476.947993888067
759,5,465,486.6,51.67978328127936,32,0,489.96518209512215
760,0,465,463.8,1.788854382000593,32,0,470.73639302905787
761,1,456,462.4,3.974921382870695,32,0,469.2885820242783
762,1,465,486.8,52.12676855512913,32,1,469.93529777306685
763,2,465,462.4,3.974921382870695,32,0,470.73639302905787
764,3,465,463.8,1.7888543819995764,32,1,470.73639302905787
765,4,472,464.6,5.683308895353361,32,0,474.3657533050645
766,4,467,464.6,2.190890230020452,32,1,471.44121605264337
767,5,463,464.2,5.718391382198549,32,0,490.48256409578636
768,5,463,464.2,2.280350850198071,32,1,490.48256409578636
769,0,557,565.0,13.435028842544352,33,0,545.6804657689673
770,0,595,561.0,18.4526420872459,33,0,543.2298781370431
771,0,581,506.6,55.73419058351886,33,1,485.01997090059206
772,0,572,559.8,17.22498185775529,33,0,542.3790072832311
773,1,572,528.0,56.30719314616918,33,1,496.54354706109194
774,2,554,546.2,43.23424568556738,33,1,506.37157747968394
775,2,554,560.2,17.020575783445135,33,0,542.4173431137418
776,3,558,563.4,12.56184699795379,33,1,545.0773353554723
777,3,558,555.6,12.501999840025569,33,0,541.6035150740622
778,4,535,560.0,17.677669529663707,33,1,538.9012356483641
779,0,568,475.4,51.771613843881575,34,0,475.0957763255257
780,1,449,475.0,52.0144210772358,34,1,463.6449208764084
781,1,449,475.0,52.01442107723579,34,0,463.6449208764084
782,0,453,475.2,51.90568369648926,34,1,466.6796049117386
783,0,453,475.2,51.905683696489255,34,0,466.6796049117386
784,1,453,475.2,51.90568369648926,34,1,463.6449208764084
785,1,453,475.2,51.905683696489255,34,0,463.6449208764084
786,2,453,475.2,51.90568369648926,34,1,463.6449208764084
787,3,453,452.2,1.7888543819972904,34,1,465.27854899079256
788,3,453,475.2,51.905683696489255,34,0,463.6449208764084
789,4,454,452.4,1.9493588689593464,34,0,465.8761086274266
790,4,454,453.2,0.4472135954898085,34,1,465.8761086274266
791,5,454,453.4,0.5477225574968837,34,1,483.2744347851746
792,5,454,453.4,0.5477225574964848,34,0,483.2744347851746
793,6,453,453.4,0.5477225574968837,34,1,564.3648341036236
794,6,453,453.4,0.5477225574964848,34,0,564.3648341036236
795,0,564,475.6,49.41963172667305,34,0,476.9055634597621
796,0,564,475.6,49.41963172667306,34,1,476.9055634597621
797,1,578,500.6,64.45773809248963,34,1,488.5329792222547
798,1,578,500.6,64.45773809248963,34,0,488.5329792222547
799,2,452,500.2,64.82437813045327,34,0,466.7950476720767
800,2,452,500.2,64.82437813045327,34,1,466.7950476720767
801,3,451,499.6,65.37048263551362,34,0,466.7950476720767
802,3,451,499.6,65.37048263551362,34,1,466.7950476720767
803,4,452,499.4,65.54998093058448,34,1,466.7950476720767
804,4,452,499.4,65.54998093058448,34,0,466.7950476720767
805,5,454,477.4,56.24766661826949,34,0,481.42805181585646
806,5,454,477.4,56.24766661826949,34,1,481.42805181585646
807,0,452,452.2,1.09544511500452,34,0,467.64995099482184
808,0,452,452.2,1.09544511500452,34,1,467.64995099482184
809,1,450,451.8,1.4832396974148423,34,1,465.27854899079256
810,1,450,451.8,1.4832396974148423,34,0,465.27854899079256
811,2,452,452.0,1.4142135623685943,34,0,465.27854899079256
812,2,452,452.0,1.4142135623685943,34,1,465.27854899079256
813,3,449,451.4,1.9493588689585235,34,1,465.27854899079256
814,3,449,451.4,1.9493588689585235,34,0,465.27854899079256
815,4,454,451.4,1.9493588689585235,34,1,465.8761086274266
816,4,454,451.4,1.9493588689585235,34,0,465.8761086274266
817,5,452,451.4,1.9493588689585235,34,1,483.2744347851746
818,0,576,488.0,49.45705207551297,35,0,478.676351402366
819,0,576,488.0,49.45705207551294,35,1,478.676351402366
820,1,469,488.6,49.14061456677154,35,1,470.64012079665235
821,1,469,488.6,49.14061456677157,35,0,470.64012079665235
822,0,465,486.8,49.96698910280666,35,1,469.8752550992217
823,1,465,487.0,49.85478913805572,35,1,469.93529777306685
824,1,465,486.8,49.966989102806686,35,0,469.93529777306685
825,2,469,488.8,48.78729342769487,35,1,470.64012079665235
826,2,469,487.8,49.443907612566406,35,0,470.64012079665235
827,3,468,489.4,48.43862095477122,35,0,470.64012079665235
828,3,468,467.2,2.0493901531918093,35,1,471.44121605264337
829,4,542,481.8,33.700148367625914,35,1,485.5340059787433
830,4,542,482.6,33.246052397239595,35,0,485.5340059787433
831,5,472,483.2,32.96513309543889,35,0,493.94925840989356
832,5,472,483.2,32.96513309543887,35,1,493.94925840989356
833,6,465,483.2,32.96513309543887,35,1,564.3202203911719
834,6,465,483.2,32.96513309543889,35,0,564.3202203911719
835,0,580,505.4,52.56234393555904,35,1,485.01997090059206
836,0,580,505.4,52.56234393555905,35,0,485.01997090059206
837,1,543,520.4,49.85278327235101,35,1,497.1170050654072
838,1,543,520.4,49.85278327235102,35,0,497.1170050654072
839,2,467,505.4,52.91786087891309,35,1,474.7612546871364
840,2,467,505.4,52.917860878913096,35,0,474.7612546871364
841,3,467,504.4,53.74755808406556,35,0,474.5368001161211
842,3,467,504.4,53.74755808406555,35,1,474.5368001161211
843,4,467,504.8,53.38726439891822,35,1,475.7905829743558
844,4,467,504.8,53.38726439891823,35,0,475.7905829743558
845,5,462,481.2,34.61502563916429,35,1,490.48256409578636
846,5,462,481.2,34.615025639164294,35,0,490.48256409578636
847,0,463,465.2,2.489979919598019,35,0,470.19423596737175
848,0,463,465.2,2.489979919597836,35,1,470.19423596737175
849,1,464,464.6,2.3021728866443643,35,1,470.19423596737175
850,1,464,464.6,2.302172886644562,35,0,470.19423596737175
851,2,465,464.2,1.923538406167492,35,0,470.73639302905787
852,2,465,464.2,1.9235384061672556,35,1,470.73639302905787
853,3,473,465.4,4.393176527297817,35,1,474.3657533050645
854,3,473,465.4,4.39317652729792,35,0,474.3657533050645
855,4,461,465.2,4.604345773288592,35,1,470.19423596737175
856,4,461,465.2,4.60434577328869,35,0,470.19423596737175
857,5,475,467.6,6.066300355241279,35,1,502.5818681297272
858,3,484,491.6,19.35975206452808,36,1,485.1256674524814
859,4,484,491.2,19.524343778985227,36,1,485.1256674524814
860,4,484,493.8,30.384206423732603,36,0,486.0394532917096
861,5,458,489.8,34.07638478477422,36,0,490.48256409578636
862,5,458,486.4,24.63331078032344,36,1,490.48256409578636
863,4,458,471.8,12.735776379945763,36,0,470.19423596737175
864,5,458,472.8,13.608820668963148,36,1,490.48256409578636
865,5,481,472.2,13.04607220583976,36,0,504.32134165671755
866,6,477,472.2,13.274034804836042,36,1,559.6444983334685
867,0,545,484.4,35.78128002182145,36,1,486.59679379722604
868,0,477,471.6,12.66096362841251,36,0,484.73783655188856
869,1,562,487.2,43.135831972966415,36,0,483.4777872433245
870,2,562,500.0,49.81465647778773,36,1,487.6067513908665
871,2,466,488.8,41.91300514160244,36,0,470.38557861003835
872,3,476,492.4,39.297582622853454,36,0,484.6331168535421
873,4,482,492.6,39.22754134533535,36,0,484.6331168535421
874,4,476,503.6,46.5650083217001,36,1,488.35705653432154
875,5,479,493.0,39.0384425918862,36,0,504.2475947214369
876,5,479,507.8,42.16277979450595,36,1,506.51870114990226
877,1,478,476.2,6.099180272789698,36,0,484.73783655188856
878,2,481,479.2,2.3874672772602312,36,0,484.73783655188856
879,3,478,508.0,41.98213905936665,36,1,488.7809946248179
880,0,456,458.0,1.5811388300851985,37,1,469.84270602174536
881,0,456,458.0,1.5811388300868714,37,0,469.84270602174536
882,1,459,458.4,1.5165750888130738,37,0,470.19423596737175
883,1,459,458.4,1.5165750888113634,37,1,470.19423596737175
884,0,458,458.2,1.483239697421974,37,0,470.19423596737175
885,1,458,458.2,1.4832396974202078,37,1,470.19423596737175
886,1,483,462.8,11.344602240713751,37,0,484.73783655188856
887,2,467,464.6,11.10405331399337,37,0,471.44121605264337
888,3,467,459.6,4.277849927241854,37,1,471.44121605264337
889,3,474,468.2,10.52140675005041,37,0,475.58989124460726
890,4,482,472.8,10.52140675005036,37,0,484.73783655188856
891,4,482,464.4,10.691117808723428,37,1,484.73783655188856
892,6,463,465.8,9.731392500562462,37,1,564.762055262724
893,6,463,473.8,8.871302046487038,37,0,564.762055262724
894,0,572,491.6,45.52252189850647,37,0,481.918803844816
895,2,584,515.0,58.0603134679791,37,0,493.31712299552623
896,2,572,488.4,47.58466139419302,37,1,481.46040431777766
897,3,453,510.8,62.36745946405061,37,0,469.4918918116388
898,3,453,487.4,48.42829751292114,37,1,464.0297256581085
899,5,488,512.0,61.729247524977936,37,0,507.70562018255066
900,6,527,524.8,55.33263051762488,37,0,523.7792089799188
901,0,564,523.2,53.71871182372109,37,0,494.13429776139037
902,0,488,491.6,47.10944703560003,37,1,483.5936010024755
903,1,492,504.8,42.21018834357405,37,0,488.7809946248179
904,1,492,493.6,46.8113234164556,37,1,485.23071154684976
905,2,465,507.2,38.72596028505936,37,0,474.912836696387
906,3,477,505.0,40.367065783878765,37,0,488.8977022512574
907,4,463,492.2,41.76960617482524,37,0,469.84342154835224
908,4,465,494.0,46.49193478443336,37,1,471.84630351628516
909,1,459,458.6,0.5477225575005972,38,0,469.91589042503375
910,2,462,459.4,1.5165750888086649,38,0,469.91589042503375
911,2,462,482.6,53.99351812949397,38,1,468.8395219751921
912,0,454,482.8,53.85814701602715,38,1,466.7860641511007
913,0,454,458.4,2.880972058176716,38,0,467.37160545248383
914,1,468,484.6,53.00754663253143,38,1,470.36177525431435
915,1,468,460.4,5.128352561982751,38,0,471.16287051030537
916,2,457,460.0,5.338539126015192,38,0,469.6008957541703
917,2,457,460.2,5.310367218940186,38,1,469.6008957541703
918,3,454,459.0,5.999999999999587,38,0,465.00020344845456
919,4,458,458.2,5.761944116354743,38,0,469.91589042503375
920,4,454,459.0,5.999999999999544,38,1,465.5977630850886
921,5,460,458.6,5.813776741498982,38,1,490.48256409578636
922,5,460,459.4,5.272570530585159,38,0,490.48256409578636
923,6,462,458.2,3.0331501776197984,38,0,564.762055262724
924,6,462,460.2,5.310367218940183,38,1,564.762055262724
925,0,573,481.2,51.40719793958814,38,1,475.5102709807404
926,0,573,481.4,51.29132480254332,38,0,476.25379226086125
927,1,580,505.8,64.65446620303965,38,1,489.6926696451501
928,1,580,506.6,63.87331211077124,38,0,489.6926696451501
929,2,457,506.4,64.06481093392843,38,0,472.7278852835303
930,3,457,506.4,64.06481093392843,38,1,472.7278852835303
931,3,465,507.4,63.19256285355101,38,0,473.7780861212129
932,4,460,506.4,64.06481093392843,38,1,474.3474814354637
933,5,460,507.0,63.55706097673173,38,0,492.0390282392523
934,0,459,505.8,64.59643953036418,38,1,473.25811047439925
935,0,461,484.6,53.4069283894889,38,0,469.0547524951976
936,1,458,482.8,54.34795304332994,38,1,468.8395219751921
937,1,458,460.2,3.114482300478829,38,0,469.91589042503375
938,2,462,459.2,1.9235384061660727,38,1,469.91589042503375
939,2,462,461.2,2.588435821108168,38,0,469.91589042503375
940,3,459,460.0,1.5811388300828932,38,0,469.91589042503375
941,3,459,459.6,1.516575088808968,38,1,469.91589042503375
942,4,461,459.8,1.6431676725142592,38,1,469.91589042503375
943,4,461,460.2,1.6431676725142517,38,0,469.91589042503375
944,5,450,458.0,4.7434164902521365,38,0,483.2744347851746
945,5,450,458.0,4.743416490252139,38,1,483.2744347851746
946,2,459,459.2,3.768288736283445,39,0,469.91589042503375
947,0,455,480.8,45.02443780881677,39,1,466.60874131214393
948,1,455,459.2,3.768288736283445,39,0,465.00020344845456
949,1,453,478.8,46.2190436941312,39,1,464.00217743326095
950,2,455,457.6,3.435112807463634,39,0,465.00020344845456
951,3,459,456.8,2.0493901531920957,39,0,469.91589042503375
952,4,457,457.0,2.0000000000001794,39,0,469.6008957541703
953,5,460,457.2,2.2803508501984355,39,0,490.48256409578636
954,6,455,457.6,5.176871642219245,39,1,564.3648341036236
955,6,457,457.6,1.9493588689619823,39,0,564.1461172823548
956,0,557,478.0,44.18144406874905,39,0,484.118446616092
957,0,557,475.8,45.44447161096727,39,1,483.7336418343919
958,1,537,493.6,49.272710499829415,39,0,486.4921097183812
959,1,537,491.4,51.25231702079436,39,1,485.41673892034555
960,2,458,493.8,49.08869523627615,39,0,469.9673535897573
961,3,461,494.0,48.91829923454004,39,0,470.8572276834882
962,4,455,493.6,49.30314391598167,39,0,464.60393853648503
963,4,458,492.0,50.73460357586336,39,1,469.11479516904274
964,5,462,474.6,34.98999857102027,39,0,490.48256409578636
965,2,458,458.8,2.774887385102568,39,0,469.91589042503375
966,2,462,493.8,49.139597067945175,39,1,469.9673535897573
967,3,473,461.8,6.833739825308052,39,0,474.0874077627265
968,4,452,460.0,8.154753215150127,39,0,465.5977630850886
969,5,454,459.8,8.318653737234248,39,0,483.2744347851746
970,5,473,497.4,46.15517305784917,39,1,494.3540206773037
971,3,536,527.4,41.58485301164359,40,1,499.37855564416566
972,4,464,490.6,44.86423965699185,40,0,469.56507600601424
973,1,595,510.0,47.0797196253334,40,1,487.80264436367816
974,1,595,473.0,35.440090293338706,40,0,479.74267754184865
975,2,456,473.4,35.18238195460905,40,0,468.68537167859637
976,2,456,490.6,44.86423965699188,40,1,468.38414886907015
977,0,459,473.8,34.97427626127528,40,1,469.5910256216898
978,0,459,458.0,3.6742346141747673,40,0,469.91589042503375
979,1,543,475.4,37.95128456323976,40,0,484.3350103699188
980,1,543,491.6,43.88963431153196,40,1,486.10188450106125
981,2,453,473.2,39.07940634144793,40,0,464.79706941894034
982,3,454,473.0,39.19821424503928,40,0,464.50765284951524
983,5,455,472.8,39.30903204099537,40,0,482.7818841862353
984,5,453,475.0,38.2295697072306,40,1,483.2744347851746
985,6,457,472.4,39.4943033866911,40,0,564.5168926271709
986,6,457,473.6,38.85614494516927,40,1,564.1461172823548
987,0,571,478.0,52.009614495783374,40,0,475.2022355648878
988,1,558,499.0,59.979163048512106,40,0,489.27492818134294
989,2,454,499.0,59.979163048512106,40,0,466.5167021297387
990,2,571,496.6,56.0606814086308,40,1,486.60004449497615
991,3,453,498.6,60.351470570318334,40,0,466.5167021297387
992,3,453,495.4,57.12092436226853,40,1,465.4938126302159
993,4,460,478.8,51.6255750573299,40,1,468.5314865593395
994,0,460,499.2,59.84730570376581,40,0,471.8200745091658
995,1,464,477.8,45.05774073341893,40,0,468.981767396311
996,2,459,458.0,4.527692569068683,40,0,469.91589042503375
997,3,534,495.0,54.15256226624925,40,1,487.1996257494239
998,3,458,458.8,3.9623225512317615,40,0,469.91589042503375
999,4,452,458.6,4.335896677735737,40,0,465.5977630850886
1000,4,452,494.0,55.06813960903348,40,1,465.4938126302159
1001,5,460,458.6,4.335896677735737,40,0,490.48256409578636
1002,1,551,496.0,61.75759062657808,41,0,488.2520386818201
1003,1,551,496.4,61.41498188553018,41,1,489.27492818134294
1004,2,455,496.4,61.41498188553018,41,1,466.5167021297387
1005,2,455,497.0,60.8604962188118,41,0,466.5167021297387
1006,3,452,472.4,43.96362132490913,41,0,463.85253452641456
1007,3,452,496.8,61.04260807010134,41,1,466.5167021297387
1008,5,458,473.4,43.466078728130064,41,1,489.48850108870744
1009,5,458,473.8,43.21689484449345,41,0,489.48850108870744
1010,1,455,474.2,42.98488106299708,41,0,463.85253452641456
1011,2,455,474.2,42.98488106299703,41,1,463.85253452641456
1012,0,460,456.0,3.082207001485226,41,0,469.91589042503375
1013,0,455,455.0,2.12132034355975,41,1,467.37160545248383
1014,1,453,455.6,3.361547262795001,41,0,465.00020344845456
1015,2,458,456.8,2.774887385103139,41,0,469.91589042503375
1016,3,453,455.8,3.114482300480218,41,0,465.00020344845456
1017,4,457,456.2,3.114482300480218,41,0,469.6008957541703
1018,4,453,454.6,2.3021728866443687,41,1,465.5977630850886
1019,5,453,454.8,2.489979919598659,41,0,483.2744347851746
1020,5,453,454.8,2.0493901531920304,41,1,483.2744347851746
1021,3,461,456.4,3.435112807464199,41,0,469.91589042503375
1022,3,461,455.4,3.2863353450310737,41,1,469.91589042503375
1023,4,457,456.2,3.3466401061369835,41,0,469.6008957541703
1024,4,457,455.8,3.3466401061363773,41,1,469.6008957541703
1025,5,462,458.0,3.6055512754646233,41,0,490.48256409578636
1026,2,458,458.2,3.5637059362417336,41,0,469.91589042503375
1027,2,462,457.2,4.266145801540369,41,1,469.91589042503375
1028,3,473,462.2,6.379655163094995,41,0,474.0874077627265
1029,4,452,460.4,7.893034904268735,41,0,465.5977630850886
1030,4,473,461.2,7.496665925596563,41,1,474.0874077627265
1031,5,452,458.6,6.066300355241319,42,0,483.2744347851746
1032,5,452,458.6,6.066300355241169,42,1,483.2744347851746
1033,6,457,457.4,5.549774770204732,42,0,564.1461172823548
1034,1,457,457.4,5.549774770204568,42,1,469.6008957541703
1035,1,566,477.8,49.479288596341,42,0,479.5801164475273
1036,2,550,495.4,57.46129131859117,42,0,488.2520386818201
1037,0,465,498.0,55.258483511584,42,0,472.2800074821343
1038,0,550,474.6,42.35327614246622,42,1,483.7336418343919
1039,1,455,498.6,54.6470493256498,42,0,466.5167021297387
1040,1,455,473.2,42.984881062997005,42,1,463.85253452641456
1041,2,454,498.0,55.23133168772958,42,0,466.5167021297387
1042,3,450,474.8,42.39929244692653,42,0,463.85253452641456
1043,3,454,473.6,42.74692971430812,42,1,463.85253452641456
1044,4,455,474.2,42.38749815688582,42,1,463.85253452641456
1045,4,455,455.8,5.540758070878171,42,0,465.5977630850886
1046,5,460,454.8,3.563705936241318,42,0,490.48256409578636
1047,6,457,455.2,3.701351104664568,42,0,564.1461172823548
1048,6,460,474.8,42.10344403965071,42,1,564.6313181994004
1049,0,577,480.2,54.16364094113319,42,1,475.2022355648878
1050,0,577,479.8,54.45824088234949,42,0,475.2022355648878
1051,1,573,504.4,64.4887587103365,42,0,489.4682150741348
1052,2,467,506.8,62.37948380677739,42,0,474.4829091447984
1053,3,459,506.6,62.5683626124258,42,0,473.3181531482444
1054,4,437,502.6,67.01343148951561,42,0,467.2857068751907
1055,5,573,503.8,65.05151804531543,42,1,517.2487673661818
1056,5,461,479.4,53.54250647849802,42,0,489.42302503343603
1057,0,462,505.4,63.60267289980821,42,1,473.25811047439925
1058,0,462,457.2,11.670475568716205,42,0,469.91589042503375
1059,1,479,459.6,14.959946523968648,42,0,484.45949100955056
1060,2,474,462.6,16.257306049896506,42,0,474.98668089892533
1061,2,479,510.2,59.62969059118116,42,1,488.5189187403093
1062,3,561,487.4,41.86048255813593,42,0,483.1994417009865
1063,4,457,486.6,42.52411080786996,42,0,468.9748081413002
1064,5,464,466.0,2.3452078799109874,43,0,490.48256409578636
1065,0,592,465.4,3.2093613071753877,43,1,480.0675423451926
1066,0,592,465.4,3.209361307175706,43,0,480.0675423451926
1067,1,463,465.0,3.391164991562127,43,0,469.91589042503375
1068,2,463,465.0,3.3911649915618254,43,1,469.91589042503375
1069,2,469,465.2,3.633180424916519,43,0,471.16287051030537
1070,0,463,464.0,2.9999999999990856,43,1,469.91589042503375
1071,0,463,464.0,2.9999999999994267,43,0,469.91589042503375
1072,1,460,462.2,1.643167672513827,43,1,469.91589042503375
1073,1,460,463.2,3.4928498393141023,43,0,469.91589042503375
1074,2,465,464.0,3.3166247903548807,43,0,470.45804748671986
1075,3,465,462.4,1.949358868960387,43,1,470.45804748671986
1076,3,464,464.2,3.2710854467586987,43,0,469.91589042503375
1077,4,470,464.4,3.6469165057616246,43,0,472.52785828475885
1078,5,470,464.2,3.701351104663613,43,1,492.38970893192595
1079,5,473,466.4,5.128352561982906,43,0,493.94925840989356
1080,0,588,468.2,3.701351104663901,43,0,480.0675423451926
1081,0,469,465.4,4.159326868616433,43,1,471.16287051030537
1082,1,568,488.8,44.39256694537945,43,0,481.640458302478
1083,1,568,486.4,45.78536884202196,43,1,481.28209721607277
1084,3,474,490.8,43.20532374603848,43,0,475.0901183774833
1085,3,474,489.2,44.1667295597036,43,1,475.0901183774833
1086,4,459,488.6,44.78057614636056,43,0,469.56507600601424
1087,4,459,488.0,45.06106967216819,43,1,469.56507600601424
1088,5,467,487.4,45.37951079507134,43,0,490.41546293209365
1089,5,467,487.4,45.37951079507133,43,1,490.41546293209365
1090,0,464,486.4,45.93800169794063,43,0,469.32991413116054
1091,1,469,466.6,5.594640292279338,43,0,471.16287051030537
1092,2,467,465.2,3.898717737923008,43,0,471.16287051030537
1093,3,464,486.4,45.93800169794062,43,1,469.32991413116054
1094,3,464,466.2,2.167948338866844,43,0,469.91589042503375
1095,4,455,463.8,7.328028384224165,43,1,465.5977630850886
1096,4,455,463.8,5.357238094391133,43,0,465.5977630850886
1097,5,465,464.0,5.38516480713409,43,0,491.02472115747247
1098,3,466,518.2,49.40344117569145,44,0,480.2672654173694
1099,4,474,502.0,47.5657439761012,44,0,478.93076568470224
1100,4,474,505.8,52.375566822708464,44,1,479.93375122544643
1101,5,464,486.2,43.70583485073817,44,1,489.87330587040753
1102,5,464,485.8,42.81588490268547,44,0,489.87330587040753
1103,6,460,465.4,5.272570530585537,44,1,564.762055262724
1104,6,460,465.4,5.272570530586907,44,0,564.762055262724
1105,0,569,486.6,46.34436319553866,44,1,480.4587340702936
1106,0,569,486.6,46.344363195538776,44,0,480.4587340702936
1107,1,469,487.2,46.02933847015399,44,1,470.57689421643215
1108,3,469,487.2,46.02933847015411,44,0,470.57689421643215
1109,3,533,499.0,49.24936547814599,44,1,488.2225152489467
1110,4,462,498.6,49.61149060449603,44,1,471.88011718301095
1111,4,462,484.8,47.187922183541936,44,0,469.3655924865332
1112,5,472,486.4,46.43597743129791,44,0,493.26990375926727
1113,5,472,501.0,47.523678308817786,44,1,495.5676020715217
1114,6,465,480.2,29.760712357065614,44,1,564.3202203911719
1115,0,581,502.6,52.60513282941121,44,1,484.51717078723874
1116,0,465,487.4,45.77444702014442,44,0,469.87207119284665
1117,1,565,509.0,58.80901291468849,44,1,488.31504655022195
1118,1,565,486.6,43.99204473538379,44,0,481.640458302478
1119,2,544,501.6,48.99285662216489,44,0,490.3576029460741
1120,2,544,525.4,53.63114766625825,44,1,498.1615477105406
1121,5,467,502.6,48.02395235713119,44,0,492.11942890014535
1122,0,463,500.8,49.60040322416751,44,0,473.0336559033839
1123,1,464,500.6,49.78252705518279,44,0,471.88011718301095
1124,1,467,524.4,54.9071944284171,44,1,487.3068257952727
1125,2,465,524.4,54.9071944284171,44,1,486.6020027716872
1126,2,465,480.6,35.472524578890784,44,0,470.13318268337594
1127,3,473,466.4,3.974921382872113,44,0,474.0874077627265
1128,3,473,502.8,47.86648096528506,44,1,477.455830427669
1129,4,461,465.2,4.604345773290081,44,0,469.91589042503375
1130,4,461,482.0,34.92849839314592,44,1,469.8990610375424
1131,0,622,533.8,40.456149099982326,45,0,502.90308758417774
1132,0,622,534.2,42.11531787841564,45,1,502.68652383035095
1133,1,463,534.4,41.68692840687587,45,1,482.23949724174224
1134,1,463,513.4,46.11182061033808,45,0,475.0740306901889
1135,2,463,513.2,46.381030605194624,45,0,475.1097090455616
1136,2,463,513.2,46.38103060519457,45,1,475.1097090455616
1137,3,466,499.4,48.49020519651362,45,1,472.34005015597944
1138,5,473,483.4,38.56552864930024,45,1,493.74612438037934
1139,5,466,499.4,48.49020519651368,45,0,490.9058475059273
1140,6,460,465.0,4.9497474683058025,45,1,564.762055262724
1141,6,460,480.8,39.858499720887686,45,0,565.1328306075401
1142,0,572,484.8,48.79241744369717,45,0,478.398005860028
1143,0,572,486.8,47.87170354186277,45,1,478.398005860028
1144,1,469,488.0,47.19639816765679,45,1,470.61257257180483
1145,1,469,486.0,48.192323040086,45,0,470.36177525431435
1146,0,465,487.8,47.314902514958185,45,1,469.18442484307326
1147,1,465,486.4,47.96144284735399,45,0,469.65695223072885
1148,2,468,486.8,47.75667492612946,45,0,470.36177525431435
1149,3,468,488.4,46.7578870352372,45,0,470.61257257180483
1150,3,465,486.2,48.06974100200663,45,1,469.65695223072885
1151,4,480,490.2,46.137836967070704,45,1,484.0029018099109
1152,4,480,470.0,5.787918451395686,45,0,484.45949100955056
1153,5,472,470.2,6.22093240599838,45,1,493.94925840989356
1154,5,472,470.6,5.813776741500012,45,0,493.94925840989356
1155,6,465,469.4,6.655824516917568,45,1,564.3202203911719
1156,6,465,470.6,5.813776741500012,45,0,564.3202203911719
1157,0,576,492.2,47.18262392025269,45,0,480.4587340702936
1158,0,576,491.6,47.58466139419295,45,1,480.4587340702936
1159,1,540,506.6,48.90603234775847,45,0,489.8429092768683
1160,1,540,506.6,48.906032347758426,45,1,489.8429092768683
1161,5,462,456.8,5.019960159204678,46,0,490.4281127272681
1162,6,452,457.4,3.911521443121869,46,0,564.3103827351053
1163,6,452,457.4,3.9115214431226017,46,1,564.3103827351053
1164,0,559,478.2,45.31776693527615,46,1,482.9771681508265
1165,0,559,478.2,45.31776693527608,46,0,482.9771681508265
1166,1,452,476.8,46.15950606321528,46,1,463.60672042004
1167,1,452,476.8,46.159506063215225,46,0,463.60672042004
1168,2,461,477.2,45.974993202827214,46,1,468.35114850823635
1169,2,461,477.2,45.97499320282716,46,0,468.35114850823635
1170,0,461,477.0,46.059743811706205,46,1,468.35114850823635
1171,0,461,477.0,46.05974381170615,46,0,468.35114850823635
1172,1,458,478.2,45.31776693527615,46,1,468.92731602779276
1173,1,458,478.2,45.31776693527608,46,0,468.92731602779276
1174,2,459,458.2,3.701351104665394,46,1,469.8614390565155
1175,2,459,458.2,3.7013511046646568,46,0,469.8614390565155
1176,3,454,458.6,2.880972058177991,46,0,464.9457520799363
1177,3,454,458.6,2.8809720581789384,46,1,464.9457520799363
1178,4,457,457.8,2.588435821109411,46,0,469.5464443856521
1179,5,457,457.8,2.588435821110465,46,1,489.2254091134126
1180,5,452,456.0,2.9154759474230554,46,0,483.21998341665636
1181,6,459,457.4,2.07364413533466,46,1,564.7076038942057
1182,6,459,456.2,3.1144823004798683,46,0,564.7076038942057
1183,0,573,479.0,52.6165373243052,46,0,474.80677855166687
1184,0,573,480.4,51.80540512340395,46,1,474.80677855166687
1185,1,560,500.6,60.35975480400835,46,1,486.93294883530757
1186,1,560,500.2,60.751131676702144,46,0,486.93294883530757
1187,2,454,500.6,60.35975480400835,46,1,466.12124511651774
1188,2,454,499.6,61.2968188407849,46,0,466.12124511651774
1189,3,460,501.2,59.83059418056955,46,0,472.6982415640081
1190,4,442,497.8,63.21550442731596,46,0,465.6766684677517
1191,3,446,472.4,49.46513923967063,46,0,462.0142031692149
1192,3,619,501.2,59.83059418056959,46,1,487.41816887597327
1193,4,455,451.4,7.266360849834138,46,0,465.5433117165704
1194,5,450,450.6,7.1274118724823445,46,0,483.21998341665636
1195,5,470,539.4,39.6017676373164,47,1,517.2472662117957
1196,0,598,496.0,48.73910134583931,47,0,481.8852428802769
1197,0,598,518.6,50.55986550615024,47,1,490.7353631422488
1198,1,460,478.2,40.014997188554034,47,0,469.04402365423226
1199,2,468,462.0,6.782329983123775,47,0,471.1084191417871
1200,2,460,497.2,47.50473660594279,47,1,471.7354574872805
1201,0,476,466.4,7.402702209327466,47,0,484.4050396410323
1202,1,463,465.0,7.211102550926668,47,0,469.8614390565155
1203,2,466,466.6,6.066300355239741,47,0,470.4035961182016
1204,3,453,465.2,8.348652585895596,47,0,464.9457520799363
1205,3,476,482.6,37.83913318246073,47,1,484.388210253541
1206,5,460,463.6,8.443932733032664,47,0,490.4281127272681
1207,0,601,462.4,6.426507605222285,47,0,477.27728165484996
1208,1,601,464.8,7.823042886243238,47,1,480.01309097667433
1209,1,545,478.8,37.55928646819568,47,0,484.28055900140055
1210,2,455,461.8,8.197560612767738,47,1,464.9457520799363
1211,2,455,476.6,38.79819583434242,47,0,464.7426180504221
1212,3,455,477.0,38.503246616356726,47,0,464.9457520799363
1213,3,455,461.2,8.642916174532814,47,1,464.9457520799363
1214,4,451,459.4,9.81325634027772,47,1,465.5433117165704
1215,4,451,475.2,39.688789349134666,47,0,465.05076111763105
1216,5,458,472.8,40.43760625952016,47,0,489.9355621283288
1217,0,459,455.6,3.1304951684959943,47,0,469.8614390565155
1218,0,458,455.8,3.4205262752975227,47,1,469.8614390565155
1219,1,455,455.6,3.1304951684959943,47,0,464.9457520799363
1220,1,455,454.8,2.489979919597899,47,1,464.9457520799363
1221,2,466,457.8,5.540758070876016,47,0,470.4035961182016
1222,3,465,460.6,4.722287581244811,47,0,470.4035961182016
1223,3,466,457.0,5.61248608016098,47,1,470.4035961182016
1224,4,452,456.4,6.024948132556887,47,1,465.5433117165704
1225,4,452,459.4,6.107372593839221,47,0,465.5433117165704
1226,5,452,458.0,6.964194138590465,47,0,483.21998341665636
1227,5,452,456.6,5.813776741499522,47,1,483.21998341665636
1228,4,483,496.8,32.537670475926824,48,0,487.6194199741071
1229,4,482,519.4,37.77300623461149,48,1,503.0203447079474
1230,5,484,482.6,0.8944271910001645,48,0,504.2668902881993
1231,0,480,482.2,1.4832396974192783,48,0,484.7130750568849
1232,1,485,482.8,1.9235384061672447,48,0,484.7130750568849
1233,1,484,511.0,40.509258201058174,48,1,488.72516380397406
1234,2,473,481.0,4.847679857416373,48,0,474.03295639420827
1235,1,467,477.8,7.661592523751211,48,0,471.1084191417871
1236,2,462,473.4,9.343446901438485,48,0,469.8614390565155
1237,4,485,474.4,10.43072384832426,48,0,484.4050396410323
1238,5,481,473.6,9.528903399657294,48,0,504.2668902881993
1239,6,477,474.4,9.633275663033851,48,0,559.5900469649503
1240,0,551,491.2,34.54272716506328,48,0,486.3949035158567
1241,1,562,511.2,41.63171867698956,48,0,488.93495387575064
1242,2,466,507.4,45.32438637201833,48,0,474.17391558966614
1243,3,475,506.2,46.26769931604554,48,0,486.16823502278754
1244,4,482,507.2,45.52691511622549,48,0,489.477526001181
1245,5,479,492.8,39.149712642623584,48,0,504.19314335291864
1246,0,478,476.0,6.123724356958038,48,0,484.4050396410323
1247,1,487,480.2,4.549725266431058,48,0,484.4050396410323
1248,2,481,481.4,3.507135583350204,48,0,484.7130750568849
1249,2,473,509.8,41.763620532707634,48,1,478.35308055715
1250,3,482,481.4,3.507135583350204,48,0,484.7130750568849
1251,4,474,465.8,4.764451699828591,49,0,475.257094333751
1252,4,474,465.8,4.764451699826605,49,1,475.257094333751
1253,5,464,466.0,4.636809247747802,49,0,490.4281127272681
1254,5,464,466.0,4.636809247745771,49,1,490.4281127272681
1255,2,460,465.4,5.272570530583768,49,1,469.8614390565155
1256,2,460,465.4,5.27257053058558,49,0,469.8614390565155
1257,1,468,466.4,5.176871642216066,49,1,471.1084191417871
1258,1,468,466.4,5.176871642217868,49,0,471.1084191417871
1259,2,469,467.0,5.291502622127399,49,1,471.1084191417871
1260,2,469,467.0,5.291502622129137,49,0,471.1084191417871
1261,3,468,465.8,3.76828873628078,49,1,471.1084191417871
1262,3,468,465.8,3.768288736283292,49,0,471.1084191417871
1263,4,462,465.4,4.0987803063837775,49,0,469.8614390565155
1264,4,462,465.4,4.098780306381448,49,1,469.8614390565155
1265,5,472,467.8,3.633180424914441,49,1,493.8948070413753
1266,5,472,467.8,3.633180424916924,49,0,493.8948070413753
1267,2,465,467.2,3.8340579025360992,49,0,470.4035961182016
1268,2,465,467.2,3.834057902533712,49,1,470.4035961182016
1269,3,467,466.8,3.7013511046617857,49,1,471.1084191417871
1270,3,467,466.8,3.701351104664283,49,0,471.1084191417871
1271,4,467,466.6,3.646916505759481,49,1,471.1084191417871
1272,4,467,466.6,3.646916505762026,49,0,471.1084191417871
1273,5,462,466.6,3.646916505762026,49,0,490.4281127272681
1274,5,462,466.6,3.646916505759481,49,1,490.4281127272681
1275,2,463,464.8,2.280350850198177,49,0,469.8614390565155
1276,2,463,464.8,2.280350850193912,49,1,469.8614390565155
1277,3,473,466.4,4.335896677735714,49,0,474.03295639420827
1278,3,473,466.4,4.335896677733551,49,1,474.03295639420827
1279,4,461,465.2,4.919349550497535,49,1,469.8614390565155
1280,4,461,465.2,4.919349550499494,49,0,469.8614390565155
1281,5,474,466.6,6.348228099241513,49,0,495.11894498091806
1282,0,568,494.2,53.79312223695518,50,0,481.8852428802769
1283,0,568,491.2,56.32672545071302,50,1,478.00254884680703
1284,1,456,492.4,55.28381318252208,50,1,467.5384110188777
1285,2,449,491.2,56.35334950116099,50,1,463.3559231025495
1286,2,456,495.4,52.61463674682171,50,0,469.28084353332315
1287,0,449,491.4,56.16315518202305,50,1,466.3906071378797
1288,0,449,494.2,53.8209996191078,50,0,468.1330396523252
1289,1,450,474.4,52.40515241844071,50,1,462.9711183208494
1290,1,450,477.2,51.06564402805473,50,0,463.3559231025495
1291,2,447,474.0,52.654534467603085,50,0,462.45877981798094
1292,3,446,449.6,3.911521443121767,50,0,464.5011754311703
1293,3,447,450.2,3.4205262752975454,50,1,464.9457520799363
1294,4,448,448.6,1.1401754250995246,50,1,465.03150768226357
1295,4,448,448.0,1.5811388300846436,50,0,465.03150768226357
1296,5,447,448.2,1.3038404810408672,50,1,482.70817938234956
1297,5,447,447.6,1.5165750888107847,50,0,482.70817938234956
1298,6,455,449.4,3.3615472627944585,50,1,564.3103827351053
1299,6,455,448.6,3.646916505762287,50,0,563.7985787007985
1300,0,561,471.4,50.21254823248868,50,0,475.46861866560675
1301,1,524,487.0,52.41660042391153,50,0,483.9091527258696
1302,2,450,487.4,52.05093659099711,50,0,463.3559231025495
1303,2,561,471.6,50.08792269599529,50,1,478.7650737675622
1304,3,489,495.8,47.04997343251112,50,0,485.4467830850217
1305,3,489,480.0,48.42520005121301,50,1,482.86921453542385
1306,4,452,495.2,47.71477758514653,50,0,465.34915293448546
1307,4,452,480.8,47.79330497046632,50,1,463.3559231025495
1308,5,459,474.8,31.649644547767064,50,0,490.4281127272681
1309,5,459,483.2,45.936913261559056,50,1,489.2426869823329
1310,0,453,482.8,46.25148646259924,50,1,465.9781224240693
1311,0,453,460.6,16.226521500309353,50,0,467.3171540839656
1312,1,450,460.6,16.226521500309353,50,0,464.9457520799363
1313,1,450,460.6,16.22652150030933,50,1,464.9457520799363
1314,2,455,453.8,3.420526275297588,50,1,464.9457520799363
1315,2,455,453.8,3.4205262752976875,50,0,464.9457520799363
1316,3,456,454.6,3.3615472627944967,50,1,468.95578511342205
1317,4,456,454.6,3.3615472627945984,50,0,468.95578511342205
1318,0,592,472.8,31.300159744001256,51,1,479.6882261733304
1319,1,550,477.8,40.59187110740285,51,0,484.06399524757376
1320,2,459,478.2,40.344764220404194,51,0,469.04402365423226
1321,0,463,479.0,39.90613987846992,51,0,469.04402365423226
1322,1,454,476.4,41.28316848305138,51,0,463.7980831578963
1323,2,455,476.2,41.40893623361999,51,0,463.7980831578963
1324,3,459,458.0,3.605551275464872,51,0,469.8614390565155
1325,4,457,457.6,3.577708764000554,51,0,469.5464443856521
1326,5,460,457.0,2.549509756797649,51,0,490.4281127272681
1327,5,550,477.2,41.032913618216256,51,1,514.2751352871102
1328,0,635,457.6,1.9493588689634376,51,0,477.27728165484996
1329,1,555,477.6,43.28741156502668,51,0,484.06399524757376
1330,2,458,477.4,43.39700450491953,51,0,468.92731602779276
1331,3,454,476.8,43.76871028485996,51,0,464.1828879395964
1332,3,457,476.6,41.36786192202828,51,1,468.22751657522923
1333,4,455,477.0,41.09136162260868,51,1,464.1828879395964
1334,4,455,475.8,44.3023701397567,51,0,463.7980831578963
1335,5,461,476.6,43.91241282371086,51,0,489.4340497201892
1336,0,458,457.2,2.77488738510351,51,0,469.8614390565155
1337,0,461,475.8,41.54154546956573,51,1,468.54251124609266
1338,1,457,457.0,2.7386127875270345,51,0,469.5464443856521
1339,2,457,457.6,2.19089023002217,51,0,469.5464443856521
1340,3,454,457.4,2.5099800796035323,51,0,464.9457520799363
1341,3,457,476.0,41.424630354415925,51,1,468.22751657522923
1342,4,452,455.6,2.5099800796035323,51,0,465.5433117165704
1343,5,454,454.8,2.1679483388693965,51,0,483.21998341665636
1344,5,452,456.4,3.286335345030577,51,1,483.21998341665636
1345,6,453,452.8,1.4832396974281692,52,0,564.3103827351053
1346,0,569,475.6,52.21877057151001,52,1,474.42197376996677
1347,0,569,475.6,52.21877057151016,52,0,474.42197376996677
1348,1,449,475.2,52.46141439191284,52,1,462.9711183208494
1349,2,449,475.2,52.461414391913,52,0,462.9711183208494
1350,0,453,475.4,52.35265036270847,52,1,466.00580235617963
1351,0,543,493.4,57.90336777770364,52,0,483.67544524214156
1352,1,453,475.4,52.35265036270847,52,1,462.9711183208494
1353,1,453,493.4,57.90336777770364,52,0,463.3559231025495
1354,2,453,493.4,57.90336777770364,52,0,463.3559231025495
1355,3,453,475.4,52.35265036270847,52,1,462.9711183208494
1356,3,453,470.2,40.73327877792333,52,0,463.7980831578963
1357,4,454,471.2,40.13975585376695,52,0,464.2995955660359
1358,4,454,452.4,1.9493588689614456,52,1,465.5433117165704
1359,5,454,453.4,0.547722557503957,52,1,483.21998341665636
1360,5,454,453.4,0.5477225575285546,52,0,483.21998341665636
1361,0,453,453.4,0.547722557503957,52,1,467.3171540839656
1362,0,453,453.4,0.5477225575285546,52,0,467.3171540839656
1363,1,526,468.0,32.4268407341819,52,1,483.7948026735634
1364,1,526,468.0,32.426840734182214,52,0,483.7948026735634
1365,2,452,467.8,32.545352970893084,52,0,464.9457520799363
1366,2,452,467.8,32.545352970892765,52,1,464.9457520799363
1367,4,451,467.2,32.88920795641056,52,0,465.5433117165704
1368,4,451,467.2,32.88920795641024,52,1,465.5433117165704
1369,5,537,483.8,43.72299166342576,52,1,509.63487316529483
1370,0,537,483.8,43.72299166342592,52,0,485.73568797562126
1371,0,451,483.4,44.08287649416719,52,1,466.5542899436257
1372,1,450,468.2,38.46686886139808,52,1,464.9457520799363
1373,2,450,483.2,44.26849895806286,52,0,464.1828879395964
1374,2,453,468.4,38.36404566778637,52,1,464.9457520799363
1375,3,450,468.2,38.47986486462754,52,1,464.9457520799363
1376,3,450,468.0,38.5810834477211,52,0,464.7426180504221
1377,4,454,468.4,38.38359024374894,52,0,465.5433117165704
1378,4,454,451.6,1.8165902124577396,52,1,465.5433117165704
1379,5,451,451.6,1.8165902124577396,52,1,483.21998341665636
1380,6,452,453.2,2.3874672772637147,53,1,564.3103827351053
1381,0,568,475.8,51.58682002217234,53,0,474.42197376996677
1382,0,568,475.8,51.586820022172375,53,1,474.42197376996677
1383,1,460,477.8,50.51930324143441,53,1,468.13602954611855
1384,0,460,477.8,50.51930324143437,53,0,468.0759868722734
1385,1,455,477.6,50.62904304843224,53,1,463.3559231025495
1386,1,454,477.4,50.74248712863808,53,0,463.3559231025495
1387,2,449,476.6,51.2523170207943,53,0,462.9711183208494
1388,2,449,476.8,51.14391459401602,53,1,463.3559231025495
1389,3,459,478.2,50.38551379116824,53,1,468.13602954611855
1390,3,459,478.0,50.50247518686585,53,0,468.13602954611855
1391,4,449,454.4,5.272570530586012,53,1,465.5433117165704
1392,4,449,454.2,5.263078946776392,53,0,465.5433117165704
1393,5,454,453.2,4.266145801540779,53,1,483.21998341665636
1394,5,454,453.0,4.183300132670482,53,0,483.21998341665636
1395,6,458,453.8,4.764451699829057,53,1,564.7076038942057
1396,6,458,453.8,4.764451699828728,53,0,564.7076038942057
1397,1,557,475.4,45.78536884202203,53,0,482.9798237347657
1398,1,557,475.4,45.78536884202207,53,1,482.9798237347657
1399,2,456,474.8,46.07276852979431,53,1,467.0606897834428
1400,2,456,474.8,46.072768529794274,53,0,467.0606897834428
1401,3,457,476.4,45.08103814243861,53,1,468.22751657522923
1402,3,457,476.4,45.08103814243857,53,0,468.22751657522923
1403,5,456,476.8,44.84082960873942,53,0,488.02549161580373
1404,5,456,476.8,44.840829608739455,53,1,488.02549161580373
1405,0,455,476.2,45.17410762815359,53,1,466.1694851619256
1406,1,455,476.2,45.17410762815356,53,0,463.7980831578963
1407,2,452,455.2,1.9235384061683136,53,1,464.9457520799363
1408,2,466,458.0,4.527692569068859,53,0,470.4035961182016
1409,3,457,458.2,4.438468204234582,53,0,469.5464443856521
1410,3,457,455.4,2.073644135333868,53,1,469.5464443856521
1411,4,454,454.8,1.9235384061683136,53,1,465.5433117165704
1412,5,454,457.6,4.827007354459012,53,0,483.21998341665636
1413,5,457,455.0,2.1213203435607126,53,1,489.2254091134126
1414,1,544,538.8,2.9495762407505053,54,1,529.9668515260471
1415,1,544,538.8,2.9495762407505643,54,0,529.9668515260471
1416,0,541,539.6,2.880972058177569,54,1,529.9668515260471
1417,0,541,539.6,2.880972058177629,54,0,529.9668515260471
1418,1,541,540.2,2.774887385102299,54,1,529.9668515260471
1419,1,541,540.2,2.7748873851023617,54,0,529.9668515260471
1420,2,538,540.2,2.7748873851023617,54,0,529.9668515260471
1421,2,538,540.2,2.774887385102299,54,1,529.9668515260471
1422,3,545,541.8,2.7748873851023617,54,0,530.1850932151043
1423,3,545,541.8,2.774887385102299,54,1,530.1850932151043
1424,4,533,539.6,4.449719092257386,54,1,529.260188187439
1425,5,535,538.4,4.774934554525316,54,1,538.643635968158
1426,5,533,539.6,4.449719092257425,54,0,538.3847199606008
1427,1,534,538.2,4.969909455915702,54,0,529.3833873989905
1428,1,534,537.0,4.847679857416314,54,1,528.5233411567796
1429,3,543,538.6,5.3197744313081845,54,0,529.9668515260471
1430,3,543,538.0,5.567764362830009,54,1,529.3830897200248
1431,4,536,536.2,3.962322551231772,54,1,528.7288614480599
1432,4,536,538.2,5.449770637375517,54,0,529.8013183850718
1433,5,537,537.0,3.535533905932712,54,1,541.1538738879211
1434,0,537,537.4,3.361547262794294,54,1,529.1068052838361
1435,0,537,536.6,3.911521443121645,54,0,529.1068052838361
1436,1,540,538.6,2.8809720581775564,54,1,529.9668515260471
1437,1,540,538.0,3.535533905932796,54,0,529.3830897200248
1438,2,535,538.2,3.271085446759295,54,0,529.5191041949962
1439,2,535,537.0,1.8708286933869327,54,1,528.6590579527852
1440,3,538,537.2,1.923538406167268,54,0,529.1068052838361
1441,3,538,537.4,1.816590212458457,54,1,529.1068052838361
1442,4,540,538.0,2.12132034355976,54,0,529.3830897200248
1443,4,540,538.0,2.121320343559611,54,1,529.3830897200248
1444,2,447,467.6,46.23094201938786,55,0,462.7095771354714
1445,2,447,467.6,46.2309420193879,55,1,462.7095771354714
1446,0,534,486.2,51.28547552670255,55,1,483.49308717945337
1447,0,534,486.2,51.28547552670251,55,0,483.49308717945337
1448,1,449,485.6,51.80057914734165,55,1,463.3559231025495
1449,1,449,485.6,51.80057914734161,55,0,463.3559231025495
1450,2,450,465.6,38.25310444918173,55,1,464.9457520799363
1451,2,450,465.6,38.25310444918168,55,0,464.9457520799363
1452,3,452,466.4,37.8325256888832,55,1,464.9457520799363
1453,3,452,466.4,37.832525688883145,55,0,464.9457520799363
1454,4,445,466.0,38.09855640309752,55,0,465.09873506780434
1455,4,445,466.0,38.098556403097575,55,1,465.09873506780434
1456,5,446,448.4,2.880972058178807,55,1,482.2636027335835
1457,5,446,448.4,2.880972058178097,55,0,482.2636027335835
1458,6,450,448.6,2.966479394838758,55,0,563.7985787007985
1459,0,550,468.6,45.593859235647095,55,0,483.67919046587366
1460,0,450,448.6,2.966479394839448,55,1,466.8053500496588
1461,1,526,483.4,50.59446610055296,55,0,482.4230666571014
1462,1,526,463.8,34.8883934855133,55,1,483.7948026735634
1463,2,450,463.4,35.06850438784076,55,1,464.9457520799363
1464,2,450,484.4,49.68702043793733,55,0,463.3559231025495
1465,3,448,484.8,49.307200285556696,55,0,463.3559231025495
1466,3,448,464.0,34.698703145795044,55,1,464.9457520799363
1467,4,455,485.8,48.46854650182944,55,0,463.3559231025495
1468,4,455,465.8,33.75203697556648,55,1,465.5433117165704
1469,5,456,467.0,33.1511689085016,55,0,488.63474984118255
1470,5,456,467.0,33.15116890850165,55,1,488.63474984118255
1471,0,448,451.4,3.847076812334621,55,0,467.3171540839656
1472,1,444,450.2,5.118593556828154,55,0,464.5011754311703
1473,1,448,451.4,3.847076812335152,55,1,464.9457520799363
1474,2,450,450.6,4.9799598391957645,55,0,464.9457520799363
1475,2,450,451.4,3.847076812335152,55,1,464.9457520799363
1476,3,453,450.2,4.604345773288833,55,0,464.9457520799363
1477,4,446,448.2,3.492849839314985,55,0,464.58693103349754
1478,4,453,452.4,3.3615472627953373,55,1,465.5433117165704
1479,5,449,448.4,3.5071355833504243,55,0,482.70817938234956
1480,0,569,486.6,46.34436319553867,56,0,480.06327705707264
1481,0,469,487.2,46.029338470154016,56,1,470.1814372032112
1482,0,469,487.2,46.029338470154,56,0,470.1814372032112
1483,1,465,485.4,46.84335598566779,56,0,469.5122925349984
1484,1,465,485.4,46.843355985667806,56,1,469.5122925349984
1485,2,469,486.4,46.32278057284558,56,1,470.2171155585839
1486,2,469,486.4,46.322780572845566,56,0,470.2171155585839
1487,3,468,488.0,45.31004303683677,56,1,470.7576047227676
1488,3,468,488.0,45.31004303683676,56,0,470.7576047227676
1489,4,462,466.6,3.049590136395461,56,1,469.8614390565155
1490,4,462,466.6,3.0495901363952376,56,0,469.8614390565155
1491,5,472,467.2,3.834057902536231,56,1,493.8948070413753
1492,5,472,467.2,3.834057902536053,56,0,493.8948070413753
1493,6,465,467.2,3.834057902536053,56,0,564.2657690226537
1494,6,465,467.2,3.834057902536231,56,1,564.2657690226537
1495,0,564,486.2,43.64859677011392,56,0,482.31436828751214
1496,0,564,486.2,43.64859677011393,56,1,482.31436828751214
1497,1,525,497.6,45.12538088481914,56,1,487.3374042352372
1498,1,525,497.6,45.12538088481912,56,0,487.3374042352372
1499,2,467,498.6,44.18483902878904,56,0,473.4407026480183
1500,2,467,498.6,44.18483902878906,56,1,473.4407026480183
1501,3,467,497.6,44.986664690772535,56,1,473.4407026480183
1502,3,467,497.6,44.98666469077252,56,0,473.4407026480183
1503,4,467,498.0,44.6318272088428,56,1,473.4407026480183
1504,4,467,498.0,44.63182720884279,56,0,473.4407026480183
1505,5,463,477.8,26.442390209661465,56,1,490.4281127272681
1506,5,463,477.8,26.44239020966144,56,0,490.4281127272681
1507,0,463,465.4,2.190890230020816,56,1,469.8614390565155
1508,0,463,465.4,2.190890230020505,56,0,469.8614390565155
1509,1,464,464.8,2.04939015319208,56,1,469.8614390565155
1510,1,464,464.8,2.049390153191747,56,0,469.8614390565155
1511,2,465,464.4,1.673320053068351,56,1,470.4035961182016
1512,2,465,464.4,1.6733200530679433,56,0,470.4035961182016
1513,3,473,465.6,4.2190046219457065,56,0,474.03295639420827
1514,3,473,465.6,4.219004621945868,56,1,474.03295639420827
1515,4,461,465.2,4.604345773288449,56,0,469.8614390565155
1516,4,461,465.2,4.604345773288596,56,1,469.8614390565155
1517,5,474,467.4,5.770615218501339,56,0,495.11894498091806
1518,5,455,455.2,0.4472135954999571,57,0,483.21998341665636
1519,6,454,455.0,0.7071067811865476,57,0,564.3103827351053
1520,6,454,455.0,0.70710678118912,57,1,564.3103827351053
1521,0,548,473.6,41.59687488261588,57,0,483.67919046587366
1522,0,548,473.6,41.59687488261592,57,1,483.67919046587366
1523,1,454,473.2,41.817460468086765,57,0,463.7980831578963
1524,1,454,473.2,41.81746046808681,57,1,463.7980831578963
1525,3,452,472.6,42.16396565789327,57,1,463.7980831578963
1526,4,454,472.4,42.27055712904673,57,1,463.7980831578963
1527,4,452,472.6,42.16396565789323,57,0,463.7980831578963
1528,1,455,472.6,42.16396565789327,57,1,463.7980831578963
1529,1,455,472.6,42.16396565789323,57,0,463.7980831578963
1530,2,454,472.6,42.16396565789323,57,0,463.7980831578963
1531,2,454,453.8,1.0954451150120963,57,1,464.9457520799363
1532,3,457,454.4,1.816590212458563,57,0,469.5464443856521
1533,3,457,454.4,1.816590212459564,57,1,469.5464443856521
1534,4,455,455.0,1.2247448713931817,57,1,465.5433117165704
1535,4,455,454.6,1.816590212458563,57,0,465.5433117165704
1536,5,456,455.4,1.1401754250992395,57,0,488.63474984118255
1537,5,456,455.4,1.1401754251008505,57,1,488.63474984118255
1538,0,450,454.4,2.7018512172219764,57,1,467.3171540839656
1539,0,450,454.4,2.701851217221297,57,0,467.3171540839656
1540,2,455,454.6,2.701851217221297,57,0,464.9457520799363
1541,2,455,454.6,2.7018512172219764,57,1,464.9457520799363
1542,3,451,453.4,2.701851217221297,57,0,464.9457520799363
1543,4,450,452.4,2.8809720581776173,57,0,465.5433117165704
1544,4,451,453.4,2.7018512172219764,57,1,465.5433117165704
1545,5,459,453.0,3.9370039370059247,57,0,490.4281127272681
1546,5,459,454.2,3.701351104664874,57,1,490.4281127272681
1547,2,466,489.0,53.169540152233786,58,0,469.2614952175079
1548,0,497,496.0,50.98529199681022,58,0,484.0397335073367
1549,1,467,496.6,50.53018899628222,58,0,472.6494161663441
1550,2,461,472.0,14.282856857085749,58,0,469.8614390565155
1551,3,497,471.6,14.432601983010477,58,1,484.4050396410323
1552,3,461,470.4,15.126136320951272,58,0,469.8614390565155
1553,4,492,475.6,17.51570723664909,58,0,484.0801748376884
1554,5,492,477.6,15.630099167951489,58,1,504.2668902881993
1555,5,493,474.8,16.34625339336208,58,0,504.2668902881993
1556,6,471,475.6,15.962455951387971,58,0,562.8167871665585
1557,0,579,499.2,46.671190256945465,58,0,484.96886059006533
1558,1,471,479.0,14.370107863199834,58,1,472.4734069162406
1559,1,557,518.4,46.773924359625866,58,0,496.19429974402726
1560,2,465,513.0,51.86520991955978,58,0,476.0525229928326
1561,2,465,478.2,15.155856953666383,58,1,470.4035961182016
1562,3,452,504.8,58.6191095121719,58,0,467.5592810817512
1563,3,452,475.4,18.82285844392391,58,1,464.9457520799363
1564,4,476,505.8,57.93703478777631,58,0,488.8758239242953
1565,5,458,481.6,43.08480010398102,58,0,489.8188545018893
1566,0,476,471.2,14.686728703152292,58,1,484.4050396410323
1567,0,467,463.6,9.126883367283892,58,0,471.1084191417871
1568,1,500,470.6,18.78297101099832,58,0,484.0801748376884
1569,2,468,473.8,15.974980438172784,58,0,470.7835543384432
1570,3,469,472.4,16.040573555830324,58,0,470.7835543384432
1571,4,500,472.8,17.655027612552672,58,1,484.0801748376884
1572,4,463,473.4,15.043270920913546,58,0,469.8614390565155
1573,5,465,473.0,15.280706789936229,58,0,490.9702697889542
1574,5,452,471.6,41.076757418277296,59,0,481.4747548579823
1575,6,450,452.6,2.408318915758321,59,0,564.3103827351053
1576,6,450,470.4,41.72888687707827,59,1,563.4284801201867
1577,0,564,474.2,50.22150933613997,59,1,475.15033512351914
1578,0,564,474.6,50.027992164387314,59,0,475.15033512351914
1579,1,455,474.4,50.12284908103284,59,1,462.9711183208494
1580,2,455,475.4,49.58628842734651,59,0,462.9711183208494
1581,0,453,474.8,49.89689369089017,59,1,466.00580235617963
1582,0,547,493.6,56.8533200437758,59,0,484.7508160401772
1583,1,539,492.2,54.87895771604992,59,1,485.0212819071246
1584,2,452,492.6,54.50045871366584,59,1,463.3559231025495
1585,2,539,511.0,54.189482374350085,59,0,489.72441835365976
1586,4,453,511.6,53.35541209661864,59,0,470.9107762792358
1587,4,453,470.4,38.364045667786336,59,1,465.5433117165704
1588,5,451,489.0,49.39635614091386,59,0,481.0325948026355
1589,5,451,469.6,38.80463889794616,59,1,483.01684938714214
1590,0,455,470.0,38.60051813123751,59,1,467.1140200544514
1591,2,546,471.4,41.72888687707829,59,1,483.67919046587366
1592,2,455,489.0,49.39635614091386,59,0,463.3559231025495
1593,3,447,470.4,42.36507995979703,59,1,463.7980831578963
1594,3,447,469.0,39.24283374069715,59,0,464.453201480997
1595,4,445,450.2,4.147288270665378,59,0,465.09873506780434
1596,5,456,450.8,4.816637831516772,59,0,488.63474984118255
1597,0,454,451.4,5.0299105359835785,59,0,467.3171540839656
1598,0,445,468.8,43.3266661537672,59,1,465.72490851315956
1599,1,556,471.6,47.40569586030774,59,0,482.3674467912641
1600,1,556,489.8,56.10436703145305,59,1,485.89133677683265
1601,2,455,473.2,46.49408564538072,59,0,462.7095771354714
1602,2,455,489.8,56.10436703145305,59,1,463.3559231025495
1603,3,453,471.2,47.58361062382715,59,1,462.7095771354714
1604,3,453,474.8,45.40594674709468,59,0,463.7980831578963
1605,4,453,474.2,45.73510686551413,59,0,463.2219156383399
1606,4,453,472.4,46.89136381040752,59,1,462.7095771354714
1607,5,459,475.2,45.23494224601153,59,0,489.4340497201892
1608,5,459,475.2,45.23494224601151,59,1,489.4340497201892
1609,1,460,479.0,41.92851058647335,60,1,468.92731602779276
1610,1,460,478.8,42.03807797699604,60,0,468.92731602779276
1611,2,457,478.4,42.288296253218896,60,1,468.61232135692933
1612,3,457,459.0,1.8708286933887937,60,1,469.5464443856521
1613,3,457,478.2,42.39339571206816,60,0,468.61232135692933
1614,4,457,458.4,1.94935886896354,60,1,469.5464443856521
1615,4,457,477.6,42.73523136710505,60,0,468.61232135692933
1616,5,459,458.0,1.4142135623754966,60,1,490.4281127272681
1617,5,459,458.6,1.5165750888103842,60,0,490.4281127272681
1618,6,456,457.2,1.0954451150134308,60,1,564.0916659138366
1619,6,456,457.8,1.6431676725155715,60,0,564.0916659138366
1620,0,566,479.0,48.646685395821166,60,0,475.8882043323509
1621,0,566,479.0,48.64668539582123,60,1,475.8882043323509
1622,1,540,495.6,53.20996147339337,60,1,486.98652679889113
1623,1,540,495.6,53.20996147339331,60,0,486.98652679889113
1624,2,460,496.2,52.68016704605254,60,0,470.46177067026724
1625,2,460,496.2,52.6801670460526,60,1,470.46177067026724
1626,3,457,495.8,53.03960784168752,60,0,469.8715028055532
1627,3,457,495.8,53.03960784168758,60,1,469.8715028055532
1628,4,456,495.8,53.03960784168758,60,1,469.28084353332315
1629,4,456,495.8,53.03960784168752,60,0,469.28084353332315
1630,5,462,475.0,36.41428291206634,60,1,490.4281127272681
1631,5,462,475.0,36.414282912066255,60,0,490.4281127272681
1632,0,458,458.6,2.4083189157598763,60,1,469.8614390565155
1633,0,458,458.6,2.4083189157585543,60,0,469.8614390565155
1634,1,458,458.2,2.2803508501983787,60,0,469.8614390565155
1635,1,458,458.2,2.2803508501997745,60,1,469.8614390565155
1636,2,457,458.2,2.2803508501983787,60,0,469.5464443856521
1637,2,457,458.2,2.2803508501997745,60,1,469.5464443856521
1638,3,474,461.8,7.085195833567371,60,0,475.257094333751
1639,3,474,461.8,7.085195833567821,60,1,475.257094333751
1640,4,457,460.8,7.3959448348407,60,1,469.5464443856521
1641,4,457,460.8,7.395944834840269,60,0,469.5464443856521
1642,5,462,461.6,7.231873892705849,60,0,490.4281127272681
1643,2,537,499.0,34.25638626592132,61,1,489.25213127765915
1644,2,537,498.2,34.99571402329153,61,0,489.25213127765915
1645,3,459,495.8,37.63907544029214,61,1,471.8623153773203
1646,3,459,495.8,37.63907544029215,61,0,471.8623153773203
1647,4,472,483.0,30.813957876261256,61,1,474.01612700671694
1648,4,472,495.2,38.07492613256135,61,0,476.2244472277602
1649,5,471,482.2,31.123945765278584,61,0,492.3352575634077
1650,5,471,482.2,31.12394576527859,61,1,492.3352575634077
1651,1,593,490.2,32.93478404362177,61,0,481.80257068778656
1652,1,593,490.2,32.93478404362177,61,1,481.80257068778656
1653,2,461,475.0,21.482551058940903,61,1,469.5365742531716
1654,2,461,475.0,21.482551058940903,61,0,469.5365742531716
1655,3,543,491.8,34.651118308072,61,0,486.2639968863698
1656,3,543,491.8,34.65111830807201,61,1,486.2639968863698
1657,4,464,490.2,35.95413745314999,61,1,470.1198828628748
1658,4,464,490.2,35.95413745314998,61,0,470.1198828628748
1659,5,549,505.8,41.960695895087376,61,1,517.158400332354
1660,5,549,505.8,41.96069589508737,61,0,517.158400332354
1661,0,461,495.6,46.07385375676754,61,0,470.67688963238504
1662,0,461,495.6,46.07385375676755,61,1,470.67688963238504
1663,2,462,495.8,45.88790690367128,61,0,470.67688963238504
1664,2,462,495.8,45.887906903671286,61,1,470.67688963238504
1665,3,542,495.6,45.63222545526355,61,1,488.01267802430954
1666,3,542,495.6,45.63222545526354,61,0,488.01267802430954
1667,4,463,495.4,45.8072046735009,61,1,470.67688963238504
1668,4,463,495.4,45.80720467350089,61,0,470.67688963238504
1669,5,463,478.2,35.67492116319252,61,0,490.4281127272681
1670,0,445,463.4,30.18774585821208,62,0,466.87257743519956
1671,0,448,464.6,29.381967258847855,62,1,467.3171540839656
1672,1,450,451.2,2.387467277264822,62,1,464.9457520799363
1673,2,450,462.8,30.474579570520756,62,0,464.9457520799363
1674,2,452,451.0,2.236067977502104,62,1,464.9457520799363
1675,3,452,450.6,1.6733200530712784,62,1,464.9457520799363
1676,3,452,449.8,3.4928498393147414,62,0,464.9457520799363
1677,4,452,449.4,2.966479394838442,62,0,465.5433117165704
1678,4,452,450.8,1.7888543820027465,62,1,465.5433117165704
1679,5,444,450.0,3.464101615139295,62,1,482.77540676789033
1680,6,448,449.6,3.577708764001167,62,1,564.3103827351053
1681,6,444,448.6,3.847076812334411,62,0,563.7985787007985
1682,0,569,473.0,53.76802023508031,62,1,473.9096352670983
1683,0,569,473.4,53.54250647849801,62,0,473.9096352670983
1684,1,543,491.2,59.93079342041119,62,1,485.76043014734574
1685,1,543,492.0,59.23259237953377,62,0,485.76043014734574
1686,2,454,491.6,59.60956299118456,62,1,463.3559231025495
1687,3,452,493.2,58.10077452151563,62,1,463.3559231025495
1688,3,454,492.4,58.90076400183619,62,0,463.3559231025495
1689,4,451,493.8,57.52999217799356,62,1,464.2084815232641
1690,4,451,492.2,59.07368280376636,62,0,463.3559231025495
1691,5,451,470.2,40.7148621513079,62,1,481.4747548579823
1692,5,451,493.6,57.71308343867968,62,0,481.0325948026355
1693,0,460,471.8,39.97123966053596,62,0,469.04402365423226
1694,0,460,453.6,3.781534080238935,62,1,469.8614390565155
1695,1,455,454.2,3.7013511046647194,62,0,464.9457520799363
1696,1,455,453.8,3.83405790253727,62,1,464.9457520799363
1697,2,456,454.6,3.781534080238908,62,1,468.95578511342205
1698,2,456,454.6,3.781534080238168,62,0,468.95578511342205
1699,3,453,455.0,3.3911649915630315,62,0,464.9457520799363
1700,3,453,455.0,3.391164991563852,62,1,464.9457520799363
1701,4,540,472.8,37.65235716392806,62,1,484.28055900140055
1702,4,540,472.8,37.65235716392803,62,0,484.28055900140055
1703,5,445,469.8,39.480374871573886,62,0,482.282856168951
1704,5,445,469.8,39.48037487157392,62,1,482.282856168951
1705,0,542,502.6,56.051761792114974,63,0,487.877161027649
1706,0,461,463.2,2.1679483388686114,63,1,469.8614390565155
1707,1,462,502.2,56.402127619443576,63,0,472.6982415640081
1708,1,462,463.4,1.9493588689626056,63,1,469.8614390565155
1709,2,463,478.4,35.571055649221314,63,0,469.5365742531716
1710,2,463,462.8,1.303840481041738,63,1,469.8614390565155
1711,4,466,463.2,1.923538406167957,63,1,470.4035961182016
1712,4,466,478.8,35.379372521287024,63,0,470.0787313148577
1713,5,464,463.2,1.923538406167957,63,1,490.4281127272681
1714,5,464,479.4,35.025704846583736,63,0,490.4281127272681
1715,0,459,462.8,2.5884358211095724,63,1,469.8614390565155
1716,1,547,479.8,37.65235716392804,63,1,484.28055900140055
1717,1,459,462.8,2.588435821108784,63,0,469.8614390565155
1718,2,468,464.0,3.3911649915625017,63,0,471.1084191417871
1719,3,460,463.4,3.8470768123341488,63,0,469.8614390565155
1720,3,468,480.8,37.157771730823725,63,1,470.7835543384432
1721,4,471,481.8,36.72465112155598,63,1,472.4565775287493
1722,4,471,464.4,5.128352561983147,63,0,472.4734069162406
1723,5,461,481.2,37.11064537299241,63,1,490.4281127272681
1724,5,461,463.8,5.357238094391467,63,0,490.4281127272681
1725,0,467,465.4,4.722287581246944,63,0,471.1084191417871
1726,0,467,482.8,36.07214992206596,63,1,471.0915897542958
1727,1,466,465.0,4.527692569068608,63,0,470.4035961182016
1728,2,465,466.0,3.605551275463864,63,0,470.4035961182016
1729,2,466,466.6,3.646916505762562,63,1,470.4035961182016
1730,3,464,464.6,2.302172886644072,63,0,469.8614390565155
1731,3,464,465.8,3.701351104664813,63,1,469.8614390565155
1732,4,465,464.6,2.302172886645016,63,1,470.4035961182016
1733,4,465,465.4,1.1401754250987302,63,0,470.4035961182016
1734,5,459,463.8,2.774887385102155,63,0,490.4281127272681
1735,1,460,484.0,55.93299562869844,64,0,468.7193381558218
1736,5,452,483.2,56.45972015516902,64,0,481.0325948026355
1737,6,457,457.8,3.56370593624032,64,0,564.0916659138366
1738,0,577,481.4,53.556512209067535,64,0,475.8583352476403
1739,1,552,499.6,59.96915874013912,64,0,488.879471168122
1740,1,461,458.6,3.6469165057623383,64,1,469.8614390565155
1741,2,454,498.4,61.010654807172855,64,0,466.12124511651774
1742,3,454,456.8,3.114482300479781,64,1,464.9457520799363
1743,3,453,498.6,60.82187106625382,64,0,466.12124511651774
1744,4,455,498.2,61.16943681283983,64,0,466.12124511651774
1745,5,455,457.0,2.915475947422962,64,1,483.21998341665636
1746,5,460,474.8,43.24002775207249,64,0,489.4340497201892
1747,0,459,456.2,3.1144823004787066,64,0,469.8614390565155
1748,1,458,457.0,2.915475947421846,64,0,469.8614390565155
1749,2,459,457.6,2.96647939483857,64,1,469.8614390565155
1750,3,460,458.4,2.0736441353317234,64,0,469.8614390565155
1751,5,456,458.6,1.6733200530668615,64,0,488.63474984118255
1752,5,467,459.2,5.215361924162296,64,1,490.9702697889542
1753,0,466,480.6,57.06838003658422,65,1,468.6181439339595
1754,0,444,477.8,58.94234471074255,65,0,465.9460304891137
1755,1,437,474.6,61.022946503753815,65,0,462.5265416720834
1756,1,437,477.2,59.503781392446015,65,1,462.9113464537835
1757,2,440,473.8,61.548354973955234,65,0,462.0142031692149
1758,2,440,475.6,60.583000916098605,65,1,462.5265416720834
1759,3,448,447.0,11.4017542509914,65,0,464.4339480456295
1760,4,433,440.4,5.856620185738564,65,0,462.54540663902964
1761,4,448,474.6,61.088460448762376,65,1,462.9711183208494
1762,0,443,446.8,11.476062042356055,65,1,465.6336072566342
1763,0,443,440.2,5.7183913821983525,65,0,464.31924900642485
1764,1,573,468.2,58.72563324477656,65,1,477.20609036905375
1765,2,573,467.4,59.28153169411196,65,0,477.20609036905375
1766,2,460,472.8,56.53052272887636,65,1,467.23888626154996
1767,3,453,475.4,54.92085214196886,65,1,462.9711183208494
1768,3,453,470.0,58.05170109479998,65,0,462.45877981798094
1769,4,443,469.0,58.5662018573853,65,0,462.0142031692149
1770,4,443,474.4,55.585969452731554,65,1,462.5265416720834
1771,5,426,467.6,59.71431989062592,65,0,479.6908748693009
1772,5,426,471.0,58.43372313998147,65,1,479.6908748693009
1773,0,466,472.2,58.21254160402208,65,0,467.72100064939093
1774,0,466,449.6,15.72577502064702,65,1,470.4035961182016
1775,1,460,449.6,15.725775020646864,65,0,469.8614390565155
1776,1,460,449.6,15.72577502064702,65,1,469.8614390565155
1777,2,430,445.0,17.720045146669374,65,0,461.9478470023956
1778,2,430,445.0,17.720045146669513,65,1,461.9478470023956
1779,3,455,447.4,18.18790807102361,65,1,464.4339480456295
1780,3,455,447.4,18.187908071023475,65,0,464.4339480456295
1781,4,446,451.4,14.028542333400182,65,0,465.09873506780434
1782,5,449,448.0,11.423659658795904,65,0,482.70817938234956
1783,5,446,451.4,14.028542333400358,65,1,482.77540676789033
1784,1,465,466.6,4.277849927241223,66,1,470.4035961182016
1785,1,465,466.6,4.277849927241649,66,0,470.4035961182016
1786,2,469,467.8,3.834057902536338,66,0,471.1084191417871
1787,2,469,467.8,3.834057902535864,66,1,471.1084191417871
1788,4,468,468.2,3.70135110466453,66,0,471.1084191417871
1789,4,468,468.2,3.701351104664039,66,1,471.1084191417871
1790,5,472,467.8,2.9495762407501296,66,1,493.8948070413753
1791,5,472,467.8,2.949576240750746,66,0,493.8948070413753
1792,1,465,467.8,2.9495762407501296,66,1,470.4035961182016
1793,1,465,467.8,2.949576240750746,66,0,470.4035961182016
1794,2,467,468.2,2.588435821109206,66,0,471.1084191417871
1795,2,467,468.2,2.588435821108503,66,1,471.1084191417871
1796,3,538,482.0,31.40859754907878,66,1,485.2012090678871
1797,3,538,482.0,31.40859754907884,66,0,485.2012090678871
1798,4,467,481.8,31.52300747073479,66,0,471.0915897542958
1799,4,467,481.8,31.52300747073473,66,1,471.0915897542958
1800,5,462,479.8,32.59907974161231,66,1,490.4281127272681
1801,0,463,479.4,32.83747858773565,66,1,469.5365742531716
1802,0,462,479.8,32.599079741612364,66,0,469.5365742531716
1803,1,464,479.6,32.715439780018265,66,0,469.5365742531716
1804,1,464,478.8,33.146643872343965,66,1,469.5365742531716
1805,2,465,479.2,32.91959902550457,66,0,470.0787313148577
1806,2,465,464.2,1.9235384061666032,66,1,470.4035961182016
1807,3,473,466.2,4.207136793592664,66,0,474.03295639420827
1808,3,473,465.4,4.393176527297531,66,1,474.03295639420827
1809,1,449,475.4,52.35742545236561,67,0,462.9711183208494
1810,2,453,475.6,52.24748797789227,67,1,462.9711183208494
1811,2,453,475.6,52.2474879778925,67,0,462.9711183208494
1812,0,543,493.6,57.73040793204216,67,1,484.7508160401772
1813,0,543,493.6,57.73040793204231,67,0,484.7508160401772
1814,1,453,493.4,57.90336777770354,67,1,463.3559231025495
1815,1,453,493.4,57.903367777703686,67,0,463.3559231025495
1816,2,453,470.2,40.7332787779234,67,0,463.7980831578963
1817,2,453,470.2,40.73327877792304,67,1,463.7980831578963
1818,3,453,471.0,40.24922359499616,67,1,464.2995955660359
1819,3,453,471.0,40.24922359499652,67,0,464.2995955660359
1820,4,454,471.2,40.13975585376703,67,0,464.2995955660359
1821,4,454,471.2,40.139755853766665,67,1,464.2995955660359
1822,5,454,453.4,0.5477225575006036,67,1,483.21998341665636
1823,5,454,453.4,0.5477225575343664,67,0,483.21998341665636
1824,6,453,453.4,0.5477225575006036,67,1,564.3103827351053
1825,6,453,453.4,0.5477225575343664,67,0,564.3103827351053
1826,0,564,475.6,49.419631726673096,67,1,476.23176090420316
1827,0,564,475.6,49.41963172667337,67,0,476.23176090420316
1828,1,526,490.2,51.7996138981749,67,1,483.9091527258696
1829,1,526,490.2,51.7996138981751,67,0,483.9091527258696
1830,2,452,489.8,52.155536618848,67,1,463.3559231025495
1831,2,452,489.8,52.1555366188482,67,0,463.3559231025495
1832,3,451,489.2,52.68491245128907,67,1,463.3559231025495
1833,3,451,489.2,52.68491245128928,67,0,463.3559231025495
1834,4,452,489.0,52.85830114560999,67,1,463.3559231025495
1835,4,452,489.0,52.85830114561019,67,0,463.3559231025495
1836,5,454,467.0,33.000000000000384,67,0,483.21998341665636
1837,5,454,467.0,32.999999999999915,67,1,483.21998341665636
1838,0,452,452.2,1.0954451150078413,67,1,467.3171540839656
1839,1,449,451.6,1.816590212456998,67,1,464.9457520799363
1840,1,452,452.2,1.095445115024975,67,0,464.9457520799363
1841,2,452,452.2,1.095445115024975,67,0,464.9457520799363
1842,2,452,451.8,1.7888543819983105,67,1,464.9457520799363
1843,3,449,451.2,2.1679483388666227,67,1,464.9457520799363
1844,3,449,451.8,1.7888543820088518,67,0,464.9457520799363
1845,4,454,451.2,2.1679483388666227,67,1,465.5433117165704
1846,4,454,452.2,2.049390153199752,67,0,465.5433117165704
1847,5,451,451.0,2.121320343558357,67,1,483.21998341665636
1848,2,461,482.0,50.98529199681018,68,0,468.44406496197115
1849,0,469,484.6,49.64171632810451,68,0,469.90627556724826
1850,1,464,481.8,48.93056304601455,68,1,468.44406496197115
1851,1,466,486.6,48.386981720293306,68,0,469.2614952175079
1852,2,456,463.2,4.969909455914994,68,0,468.95578511342205
1853,3,464,463.2,4.969909455914994,68,0,469.8614390565155
1854,4,456,462.2,5.932958789675947,68,0,468.95578511342205
1855,5,469,462.2,5.932958789675947,68,0,490.9702697889542
1856,1,458,460.6,5.727128425309908,68,0,469.8614390565155
1857,2,460,461.4,5.176871642217231,68,0,469.8614390565155
1858,3,455,459.6,5.594640292279078,68,0,464.9457520799363
1859,4,468,462.0,6.204836822994874,68,0,471.1084191417871
1860,5,456,480.2,49.78152267659161,68,1,487.2342051341295
1861,5,460,460.2,4.816637831516156,68,0,490.4281127272681
1862,0,544,477.4,37.52066097498812,68,0,484.28055900140055
1863,1,456,476.6,38.02367683430938,68,0,468.6309203100781
1864,1,544,475.2,38.64194612076369,68,1,484.28055900140055
1865,2,467,479.0,36.67424164178445,68,0,470.7835543384432
1866,3,463,478.0,37.11468711979122,68,0,469.5365742531716
1867,4,452,476.4,38.24003138074021,68,0,465.5433117165704
1868,4,467,477.0,37.84177585684906,68,1,470.7835543384432
1869,5,462,460.0,5.958187643905873,68,0,490.4281127272681
1870,2,457,490.0,42.55584566190637,69,1,468.92035677278193
1871,3,456,487.6,44.71353262715881,69,0,468.3296975005519
1872,4,456,488.6,43.76414057193394,69,1,468.3296975005519
1873,4,465,473.8,36.75187070068671,69,0,470.0787313148577
1874,5,458,488.8,43.58554806354963,69,1,489.8188545018893
1875,5,458,457.6,4.722287581246197,69,0,490.4281127272681
1876,6,449,457.0,5.700877125494983,69,0,564.3103827351053
1877,0,578,481.2,54.41231478259306,69,0,475.11481396751947
1878,0,449,471.8,37.73194932679722,69,1,467.3171540839656
1879,1,460,456.0,4.183300132669333,69,1,469.8614390565155
1880,1,460,482.0,53.976846888272334,69,0,468.44406496197115
1881,1,471,483.2,53.569580920518646,69,0,469.97460704101223
1882,2,471,458.8,7.981227975693438,69,1,472.4734069162406
1883,2,466,484.8,52.74182401093079,69,0,469.2614952175079
1884,3,482,491.4,49.07952730008712,69,0,483.58191023936064
1885,3,482,464.0,12.747548783981658,69,1,484.4050396410323
1886,3,469,469.6,8.08084154033426,69,0,471.1084191417871
1887,3,469,466.2,12.397580409095662,69,1,471.1084191417871
1888,4,510,479.6,18.036074961032792,69,0,483.7948026735634
1889,4,462,460.4,2.5099800796023124,70,1,469.8614390565155
1890,5,454,459.6,3.781534080237872,70,1,483.21998341665636
1891,3,572,482.2,50.3408382925831,70,1,479.15479034959577
1892,4,556,501.6,57.36549485535709,70,1,490.09305256234006
1893,5,455,499.8,58.95930800136651,70,1,482.0554843021583
1894,6,460,499.4,59.28574870911221,70,1,564.1703851309081
1895,0,573,523.2,60.37963232746619,70,1,492.73213385227905
1896,1,460,500.8,58.49529895641189,70,1,472.6982415640081
1897,2,461,481.8,51.03626161857867,70,1,468.44406496197115
1898,3,450,480.8,51.7368340739942,70,1,463.3559231025495
1899,2,442,473.4,45.20287601469625,71,0,463.3535065091303
1900,0,437,466.6,48.11756436063656,71,0,465.0488872045451
1901,0,437,466.6,48.117564360636536,71,1,465.0488872045451
1902,1,448,466.0,48.37871432768753,71,1,462.45877981798094
1903,1,448,466.0,48.37871432768756,71,0,462.45877981798094
1904,2,440,443.6,5.770615218501563,71,0,461.9478470023956
1905,3,460,445.4,9.09945053286197,71,0,467.3081106277408
1906,4,440,443.6,5.770615218501327,71,1,462.54540663902964
1907,4,457,448.4,10.11434624679233,71,0,469.0346403513453
1908,5,447,442.8,4.658325879540755,71,1,480.66665498788166
1909,5,447,450.4,8.080841540334902,71,0,483.21998341665636
1910,6,448,450.4,8.080841540334902,71,0,564.3103827351053
1911,6,448,444.0,5.147815070493418,71,1,559.7673182873874
1912,0,547,471.8,42.41108345703989,71,0,483.67919046587366
1913,1,547,466.0,45.40374433898595,71,1,483.67919046587366
1914,1,558,491.4,56.04730145154183,71,0,484.8045096800854
1915,2,461,492.2,55.45899386032894,71,0,468.7193381558218
1916,3,458,494.4,53.39756548757633,71,0,470.46177067026724
1917,4,455,495.8,51.94901346512754,71,0,465.098355616995
1918,5,461,468.6,44.47808449112888,71,1,489.4340497201892
1919,5,463,479.0,44.26623995778276,71,0,489.8188545018893
1920,0,461,459.6,3.1304951685002123,71,0,469.8614390565155
1921,1,451,457.6,4.774934554525667,71,0,464.9457520799363
1922,1,461,472.8,42.026182315313854,71,1,468.54251124609266
1923,2,454,456.8,5.019960159204777,71,0,464.9457520799363
1924,2,454,474.2,41.05727706509528,71,1,463.7980831578963
1925,3,463,458.4,5.549774770204937,71,0,469.8614390565155
1926,3,463,477.2,39.168865186522815,71,1,469.04402365423226
1927,4,459,457.6,4.979959839195817,71,0,469.8614390565155
1928,4,459,459.6,3.435112807463369,71,1,469.8614390565155
1929,5,462,457.8,5.167204273105838,71,0,490.4281127272681
1930,5,462,459.8,3.563705936240934,71,1,490.4281127272681
1931,4,458,454.0,2.2360679774999963,72,1,469.8614390565155
1932,5,454,454.2,2.1679483388668865,72,0,483.21998341665636
1933,6,454,454.2,2.1679483388680927,72,1,564.3103827351053
1934,6,453,454.2,2.1679483388668865,72,0,564.3103827351053
1935,0,564,476.4,49.01326351101298,72,0,476.23176090420316
1936,0,564,476.4,49.01326351101303,72,1,476.23176090420316
1937,1,540,493.8,53.834932896772536,72,1,486.09665270516024
1938,1,540,493.8,53.834932896772486,72,0,486.09665270516024
1939,2,452,493.6,54.02591970526741,72,1,464.2084815232641
1940,2,452,492.6,54.888978857326144,72,0,463.3559231025495
1941,3,451,492.2,55.25576892958781,72,1,463.3559231025495
1942,3,451,492.0,55.43013620766231,72,0,463.3559231025495
1943,4,452,491.8,55.60755344375436,72,0,463.3559231025495
1944,4,452,491.8,55.6075534437544,72,1,463.3559231025495
1945,5,454,469.8,39.25812017914252,72,0,482.72743281771704
1946,5,454,469.8,39.25812017914258,72,1,482.72743281771704
1947,0,452,452.2,1.0954451150112658,72,1,467.3171540839656
1948,1,452,452.2,1.0954451150089828,72,0,464.9457520799363
1949,1,449,451.6,1.8165902124590636,72,1,464.9457520799363
1950,2,452,451.8,1.7888543820004077,72,1,464.9457520799363
1951,2,452,452.2,1.0954451150089828,72,0,464.9457520799363
1952,3,450,452.0,1.414213562372051,72,0,464.9457520799363
1953,3,450,451.4,1.9493588689623187,72,1,464.9457520799363
1954,4,454,452.4,1.6733200530672725,72,0,465.5433117165704
1955,4,454,451.4,1.9493588689623187,72,1,465.5433117165704
1956,5,452,451.4,1.9493588689623187,72,1,483.21998341665636
1957,4,459,480.2,40.86196275266278,73,0,468.92731602779276
1958,4,453,452.0,6.403124237432955,74,0,465.5433117165704
1959,0,446,450.2,6.610597552415599,74,1,466.87257743519956
1960,0,446,452.6,5.412947441089874,74,0,466.87257743519956
1961,1,455,452.6,5.41294744109003,74,1,464.9457520799363
1962,1,455,451.6,3.974921382870539,74,0,464.9457520799363
1963,2,452,451.0,3.535533905933185,74,1,464.9457520799363
1964,3,453,451.8,3.420526275297876,74,1,464.9457520799363
1965,3,452,451.0,3.5355339059329447,74,0,464.9457520799363
1966,4,456,452.4,3.91152144312178,74,0,468.95578511342205
1967,0,449,451.6,4.159326868617265,74,0,467.3171540839656
1968,0,456,452.4,3.911521443121997,74,1,469.5099091108891
1969,2,457,454.6,2.0736441353335477,74,1,469.5464443856521
1970,3,457,453.8,3.271085446759447,74,0,469.5464443856521
1971,3,462,456.0,3.937003937006314,74,1,469.8614390565155
1972,4,458,454.4,3.781534080238004,74,0,469.8614390565155
1973,4,458,457.2,3.271085446759717,74,1,469.8614390565155
1974,5,457,455.4,3.646916505762301,74,0,489.2254091134126
1975,1,449,475.0,52.01442107723594,75,1,462.9711183208494
1976,1,568,475.4,51.77161384388163,75,0,477.71842887192224
1977,2,453,475.2,51.90568369648941,75,1,462.9711183208494
1978,2,453,475.8,51.5431857765893,75,0,462.9711183208494
1979,0,449,474.4,52.36220010656549,75,1,466.00580235617963
1980,0,449,475.2,51.90568369648931,75,0,466.00580235617963
1981,1,453,475.2,51.90568369648931,75,0,462.9711183208494
1982,1,453,474.4,52.36220010656549,75,1,462.9711183208494
1983,2,453,475.2,51.90568369648931,75,0,462.9711183208494
1984,2,453,451.4,2.190890230022016,75,1,464.9457520799363
1985,3,453,452.2,1.7888543819988156,75,0,464.9457520799363
1986,3,453,452.2,1.7888543820014928,75,1,464.9457520799363
1987,4,454,452.4,1.9493588689608623,75,0,465.5433117165704
1988,4,454,452.4,1.9493588689633192,75,1,465.5433117165704
1989,5,454,453.4,0.547722557510625,75,1,483.21998341665636
1990,5,454,453.4,0.5477225575018815,75,0,483.21998341665636
1991,6,453,453.4,0.547722557510625,75,1,564.3103827351053
1992,6,453,453.4,0.5477225575018815,75,0,564.3103827351053
1993,0,566,476.0,50.31401395237709,75,0,474.42197376996677
1994,0,566,476.0,50.31401395237718,75,1,474.42197376996677
1995,1,557,496.8,59.14980980527322,75,0,488.879471168122
1996,1,557,496.8,59.1498098052733,75,1,488.879471168122
1997,2,452,496.4,59.51722439764816,75,1,466.12124511651774
1998,2,452,496.4,59.51722439764808,75,0,466.12124511651774
1999,3,451,495.8,60.06413239196914,75,0,465.098355616995
2000,4,451,495.8,60.06413239196922,75,1,465.098355616995
2001,4,452,495.6,60.24367186684421,75,0,465.098355616995
2002,5,454,473.2,46.858297024112986,75,0,480.3862488355574
2003,5,454,496.0,59.88739433303143,75,1,481.0325948026355
2004,0,452,452.2,1.095445115008464,75,0,467.3171540839656
2005,1,452,473.2,46.858297024113085,75,1,462.7095771354714
2006,1,449,451.6,1.8165902124573736,75,0,464.9457520799363
2007,2,452,451.8,1.7888543819986915,75,0,464.9457520799363
2008,2,452,452.2,1.095445115012615,75,1,464.9457520799363
2009,3,449,451.2,2.1679483388669376,75,0,464.9457520799363
2010,3,449,451.6,1.816590212459877,75,1,464.9457520799363
2011,4,454,451.2,2.1679483388669376,75,0,465.5433117165704
2012,4,454,452.2,2.049390153193145,75,1,465.5433117165704
2013,5,452,451.2,2.1679483388669376,75,0,483.21998341665636
2014,5,452,451.8,1.7888543820012337,75,1,483.21998341665636
2015,4,449,490.8,54.96544368964916,76,0,463.8469072336501
2016,1,496,463.0,19.710403344427,76,1,484.23015332408625
2017,1,496,478.0,40.32369030731174,76,0,483.7376027251469
2018,2,453,463.8,19.07092027144991,76,1,465.09573056633417
2019,2,453,460.4,20.06987792688285,76,0,465.09573056633417
2020,0,456,461.8,19.305439647933408,76,1,469.33502279394304
2021,0,456,461.8,19.305439647932914,76,0,469.33502279394304
2022,1,457,462.2,19.14941252362537,76,0,469.371558068706
2023,1,457,462.2,19.149412523625863,76,1,469.371558068706
2024,2,455,463.4,18.28387267511948,76,0,465.09573056633417
2025,2,455,463.4,18.283872675119984,76,1,465.09573056633417
2026,3,463,456.8,3.768288736283208,76,1,470.01141754291336
2027,4,454,457.0,3.53553390593258,76,1,465.6932902029682
2028,4,463,456.8,3.76828873628038,76,0,470.01141754291336
2029,5,456,457.4,3.209361307172788,76,0,488.7847283275804
2030,5,456,457.0,3.53553390593258,76,1,488.7847283275804
2031,0,462,458.6,3.646916505759133,76,0,470.01141754291336
2032,0,462,458.0,4.183300132670245,76,1,470.01141754291336
2033,2,541,475.2,36.98242825991824,76,1,484.4305374877984
2034,2,541,475.4,36.84155262743396,76,0,484.4305374877984
2035,3,464,475.4,36.90257443593873,76,1,469.68655273956944
2036,3,464,477.2,35.80083797901925,76,0,469.68655273956944
2037,4,446,473.8,38.212563379077295,76,1,465.2487135542022
2038,5,446,473.8,38.21256337907712,76,0,482.9253852542882
2039,5,453,473.2,38.58367530446003,76,1,483.16682787354
2040,0,461,474.8,37.692174254080726,76,0,469.68655273956944
2041,1,461,473.0,38.6587635601554,76,1,469.4834187100552
2042,1,446,471.6,39.67744951480607,76,0,464.1586033186288
2043,2,458,455.0,8.485281374237182,76,0,470.01141754291336
2044,2,458,456.4,7.092249290598779,76,1,470.01141754291336
2045,3,460,454.2,7.563068160474035,76,0,470.01141754291336
2046,3,460,455.6,6.188699378706223,76,1,470.01141754291336
2047,4,459,456.8,6.140032573201651,76,0,470.01141754291336
2048,4,459,458.2,3.1144823004792825,76,1,470.01141754291336
2049,5,456,455.8,5.674504383642404,76,0,488.7847283275804
2050,5,456,458.8,1.9235384061668104,76,1,488.7847283275804
2051,6,464,466.0,4.6368092477476806,77,0,564.8575823806035
2052,0,569,487.2,45.931470692761394,77,0,481.3776243339524
2053,0,569,486.4,46.48978382397581,77,1,480.5542611881732
2054,1,469,487.0,46.1789995560753,77,1,470.70809968968445
2055,2,465,485.2,46.98084716136995,77,1,470.00327666609894
2056,0,468,486.0,46.5617869072913,77,1,469.9847749845384
2057,1,465,487.2,45.76243000540949,77,1,469.96759831072626
2058,1,469,488.4,45.213935904762806,77,0,470.90758320916547
2059,2,469,489.0,44.86089611231589,77,0,470.90758320916547
2060,3,469,467.2,2.049390153192587,77,1,471.258397628185
2061,3,468,487.8,45.43897005875022,77,0,470.90758320916547
2062,4,461,465.6,3.1304951685001465,77,1,470.01141754291336
2063,5,472,467.0,4.183300132670707,77,1,494.0447855277732
2064,6,465,466.4,4.219004621946123,77,1,564.4157475090515
2065,6,461,487.2,45.84975463402176,77,0,564.8764882241264
2066,0,564,486.2,43.688671300464186,77,1,482.46434677391
2067,0,564,486.2,43.61994956439082,77,0,482.46434677391
2068,1,560,504.4,52.69060637343245,77,0,488.6375143606262
2069,1,560,504.4,52.747511789657,77,1,488.6375143606262
2070,2,466,503.8,53.20902179142181,77,0,473.6491586680771
2071,3,466,505.4,51.75712511336003,77,1,473.8736132390925
2072,3,467,503.6,53.37883475685846,77,0,474.35398169166274
2073,4,467,504.4,52.60513282941128,77,1,474.35398169166274
2074,4,467,504.8,52.23696009531949,77,0,475.6077645498974
2075,5,462,484.4,42.31193685001906,77,0,489.96883298828715
2076,5,462,503.8,53.18082361152377,77,1,491.7550230450565
2077,0,463,483.6,42.75862486095647,77,1,469.3853299300432
2078,0,463,465.0,2.345207879911715,77,0,470.01141754291336
2079,1,464,464.6,2.302172886644269,77,0,470.01141754291336
2080,2,464,464.4,2.073644135334032,77,1,470.01141754291336
2081,2,465,464.2,1.9235384061671408,77,0,470.5535746045995
2082,3,473,465.4,4.393176527297767,77,0,474.1829348806061
2083,3,473,465.8,4.438468204235014,77,1,474.1829348806061
2084,4,461,464.6,4.8270073544594085,77,1,470.01141754291336
2085,4,461,465.2,4.604345773288544,77,0,470.01141754291336
2086,5,475,467.6,6.066300355241244,77,0,502.6773952476068
2087,5,475,467.2,6.340346993659356,77,1,502.6773952476068
2088,0,568,475.8,51.56258333326594,78,0,474.91295790106733
2089,0,568,475.4,51.77161384388177,78,1,474.91295790106733
2090,1,449,475.0,52.01442107723598,78,1,463.46210245195
2091,1,449,474.6,52.23313124827951,78,0,463.46210245195
2092,2,453,475.0,52.014421077235816,78,0,463.46210245195
2093,2,453,475.2,51.90568369648945,78,1,463.46210245195
2094,0,449,474.4,52.36220010656552,78,1,466.4967864872802
2095,1,453,474.4,52.36220010656552,78,1,463.46210245195
2096,1,449,474.4,52.36220010656536,78,0,463.46210245195
2097,2,453,474.4,52.36220010656536,78,0,463.46210245195
2098,2,453,451.4,2.1908902300228466,78,1,465.09573056633417
2099,3,453,451.4,2.190890230018089,78,0,465.09573056633417
2100,3,453,452.2,1.7888543820025098,78,1,465.09573056633417
2101,4,453,452.2,1.7888543819967249,78,0,465.6932902029682
2102,4,453,452.2,1.7888543820025098,78,1,465.6932902029682
2103,5,454,452.4,1.9493588689589532,78,0,483.3699619030542
2104,5,454,453.2,0.4472135955106857,78,1,483.3699619030542
2105,6,453,453.2,0.4472135955106857,78,1,564.4603612215031
2106,6,453,453.2,0.4472135954877724,78,0,564.4603612215031
2107,0,564,475.4,49.530798499519406,78,0,475.6413192546197
2108,0,564,475.4,49.53079849951957,78,1,475.6413192546197
2109,1,578,500.4,64.63977103919845,78,0,486.67468938109346
2110,2,578,500.4,64.63977103919855,78,1,486.67468938109346
2111,2,451,500.0,65.0115374375964,78,0,466.6122292476183
2112,3,451,500.0,65.0115374375965,78,1,466.6122292476183
2113,3,451,499.4,65.55379470328165,78,0,466.6122292476183
2114,4,452,499.6,65.3704826355138,78,1,466.6122292476183
2115,4,452,499.2,65.73203176534253,78,0,466.6122292476183
2116,5,454,499.8,65.19355796395845,78,1,482.54646843325884
2117,0,451,477.2,56.36222138986371,78,1,466.8815912689803
2118,0,454,477.2,56.36222138986357,78,0,466.8815912689803
2119,1,450,451.6,1.516575088806832,78,0,465.09573056633417
2120,1,450,451.6,1.516575088813762,78,1,465.09573056633417
2121,2,452,451.8,1.4832396974226605,78,1,465.09573056633417
2122,2,452,451.8,1.4832396974155917,78,0,465.09573056633417
2123,3,449,451.4,1.9493588689590784,78,0,465.09573056633417
2124,4,449,451.2,1.923538406169853,78,1,465.6932902029682
2125,4,454,451.8,2.280350850195977,78,0,465.6932902029682
2126,5,452,450.8,1.303840481044535,78,1,483.3699619030542
2127,3,449,511.0,56.70537893357198,79,1,469.30907338718043
2128,4,453,494.6,58.36351600100872,79,0,465.58933974809554
2129,5,455,473.8,47.12430370838387,79,0,480.87723296665797
2130,6,455,453.2,2.489979919598204,79,0,564.4603612215031
2131,0,566,475.6,50.59446610055295,79,0,474.91295790106733
2132,1,454,476.6,49.982997109017,79,0,463.46210245195
2133,1,453,493.8,59.08214620340037,79,1,464.69946565436464
2134,2,459,477.8,49.342679294906574,79,0,468.6270136772191
2135,0,457,478.2,49.11924266517147,79,0,468.8061003299776
2136,1,459,473.8,47.23028689305161,79,1,467.980667710141
2137,1,461,479.4,48.47989273915528,79,0,468.6270136772191
2138,2,457,457.6,2.6076809620811474,79,0,469.69642287204994
2139,2,457,453.6,4.3358966777299,79,1,469.69642287204994
2140,3,460,455.6,4.560701700391127,79,1,470.01141754291336
2141,3,460,458.8,1.7888543819999516,79,0,470.01141754291336
2142,4,463,459.6,2.607680962081137,79,0,470.01141754291336
2143,4,463,458.4,3.714835124194932,79,1,470.01141754291336
2144,5,459,460.0,2.2360679774998764,79,0,490.57809121366597
2145,5,459,459.6,2.1908902300099733,79,1,490.57809121366597
2146,0,722,458.8,3.033150177620686,79,0,477.4272601412478
2147,1,551,477.6,41.13149644736987,79,0,484.2139737339716
2148,3,456,476.8,41.59567285187247,79,0,468.17164057109716
2149,4,722,458.8,3.033150177612808,79,1,477.4272601412478
2150,4,460,476.2,41.865260061296645,79,0,468.6924897324905
2151,5,462,459.8,3.1144823004719884,79,1,490.57809121366597
2152,5,462,476.8,41.57763822056275,79,0,489.96883298828715
2153,0,454,476.6,41.71090984382863,79,0,466.31946364832345
2154,0,454,458.6,4.037325847631386,79,1,467.46713257036345
2155,1,460,458.0,3.3911649915555717,79,1,470.01141754291336
2156,2,460,458.4,3.286335345031102,79,0,470.01141754291336
2157,3,471,460.4,6.804410334478194,79,1,472.62338540263846
2158,4,459,459.0,3.0000000000001186,79,0,470.01141754291336
2159,5,526,472.2,30.21919919521364,79,0,505.4871764236319
2160,5,449,459.2,8.34865258589389,79,1,483.3699619030542
2161,2,465,485.4,46.84335598566783,80,1,470.00327666609894
2162,2,465,487.4,45.90533738030919,80,0,469.96759831072626
2163,0,468,486.2,46.41874621314111,80,1,469.9847749845384
2164,0,468,486.2,46.418746213141226,80,0,469.9847749845384
2165,1,465,487.2,45.76243000540948,80,1,469.96759831072626
2166,1,465,487.2,45.7624300054096,80,0,469.96759831072626
2167,2,469,467.2,2.049390153196109,80,0,471.258397628185
2168,2,469,467.2,2.0493901531922543,80,1,471.258397628185
2169,3,468,467.0,1.8708286933873357,80,1,471.258397628185
2170,3,468,467.0,1.870828693391572,80,0,471.258397628185
2171,4,462,466.4,2.880972058177818,80,1,470.01141754291336
2172,4,462,466.4,2.880972058180596,80,0,470.01141754291336
2173,5,542,481.2,34.09838705862806,80,0,514.6416775273348
2174,6,542,481.2,34.098387058627885,80,1,567.8269930845978
2175,6,465,481.2,34.09838705862806,80,0,564.4157475090515
2176,0,564,500.2,48.869213212410216,80,0,484.12747786445266
2177,0,564,501.0,48.17675788178364,80,1,485.3410592586707
2178,1,558,518.8,49.81164522478657,80,1,497.1976860616716
2179,1,558,518.2,50.588536250814826,80,0,497.1976860616716
2180,2,467,519.2,49.23108773935434,80,0,480.0857734745183
2181,2,467,518.6,50.067953822779735,80,1,480.0857734745183
2182,3,467,504.2,51.900867044780725,80,0,474.35398169166274
2183,3,467,519.6,48.68572686116542,80,1,482.00063067703934
2184,4,467,504.6,51.52960314227157,80,1,475.6077645498974
2185,4,467,504.6,51.52960314227159,80,0,475.6077645498974
2186,5,462,484.2,41.312225793341184,80,1,489.96883298828715
2187,5,462,484.2,41.312225793341206,80,0,489.96883298828715
2188,0,463,465.2,2.489979919598658,80,1,470.01141754291336
2189,0,463,465.2,2.4899799195990235,80,0,470.01141754291336
2190,1,464,464.6,2.3021728866452533,80,1,470.01141754291336
2191,1,464,464.6,2.302172886645648,80,0,470.01141754291336
2192,2,465,464.2,1.923538406168792,80,0,470.5535746045995
2193,2,465,464.2,1.9235384061683192,80,1,470.5535746045995
2194,3,473,465.4,4.393176527298283,80,1,474.1829348806061
2195,3,473,465.4,4.39317652729849,80,0,474.1829348806061
2196,4,461,465.2,4.604345773289036,80,1,470.01141754291336
2197,4,461,465.2,4.604345773289234,80,0,470.01141754291336
2198,5,474,467.4,5.770615218501808,80,1,495.2689234673159
2199,4,543,541.0,45.89117562233513,81,1,509.7111696161661
2200,4,543,541.0,45.891175622335055,81,0,509.7111696161661
2201,5,550,558.6,13.371611720357665,81,1,556.3018517502409
2202,5,550,558.6,13.371611720357391,81,0,556.3018517502409
2203,0,547,552.8,9.731392500562624,81,1,537.401780210971
2204,0,547,552.8,9.73139250056225,81,0,537.401780210971
2205,1,469,533.0,36.09016486523716,81,0,495.34211227058273
2206,1,469,533.0,36.09016486523726,81,1,495.34211227058273
2207,2,480,517.8,39.79572841398934,81,0,492.50557640995487
2208,2,480,517.8,39.79572841398943,81,1,492.50557640995487
2209,3,448,498.8,46.81559569203412,81,1,466.8630265651088
2210,3,448,498.8,46.81559569203404,81,0,466.8630265651088
2211,4,468,482.4,37.91173960661782,81,0,471.24156824069365
2212,4,468,482.4,37.91173960661792,81,1,471.24156824069365
2213,5,453,463.6,12.973048986263848,81,1,483.3699619030542
2214,5,453,463.6,12.973048986263567,81,0,483.3699619030542
2215,6,466,463.0,12.727922061357914,81,1,564.4157475090515
2216,0,546,476.2,39.92743417751761,81,1,484.4305374877984
2217,0,466,463.0,12.727922061357628,81,0,470.5535746045995
2218,1,460,459.0,8.485281374238228,81,0,470.01141754291336
2219,1,460,478.6,38.12872932579844,81,1,469.68655273956944
2220,2,464,477.8,38.44736661983499,81,1,469.68655273956944
2221,2,464,462.2,5.932958789676042,81,0,470.01141754291336
2222,0,462,479.6,37.18601887806763,81,1,469.68655273956944
2223,0,462,461.0,4.999999999999418,81,0,470.01141754291336
2224,1,450,476.4,39.27849284277595,81,1,464.60317996739485
2225,2,450,460.4,6.228964600958502,81,0,465.09573056633417
2226,3,460,459.2,5.40370243444197,81,0,470.01141754291336
2227,3,443,455.8,8.95544527089531,81,1,464.65115391756814
2228,4,454,454.6,8.648699324175931,81,1,465.6932902029682
2229,4,454,458.0,5.830951894844793,81,0,465.6932902029682
2230,5,451,455.4,5.36656314599894,81,0,483.3699619030542
2231,5,451,452.0,6.892024376045203,81,1,483.3699619030542
2232,1,548,544.6,4.774934554524469,82,0,531.151016935288
2233,1,544,513.0,45.70557952810576,82,1,494.14511918372193
2234,2,454,511.4,48.01874633932043,82,1,468.3272313028641
2235,2,454,527.8,41.366653236634825,82,0,473.3855023620857
2236,3,459,511.2,49.9969999099945,82,0,474.6724884404527
2237,4,459,493.0,48.892739747328434,82,0,469.21032228692235
2238,4,459,510.4,49.28792955683977,82,1,476.7651754636086
2239,5,459,475.8,40.4190549122563,82,0,490.08554061472665
2240,5,459,492.2,47.78807382600808,82,1,489.51855215131565
2241,6,459,458.0,2.236067977497604,82,0,564.8575823806035
2242,6,459,475.0,38.6328875441637,82,1,564.8575823806035
2243,0,544,476.0,38.013155617496295,82,0,484.4305374877984
2244,0,544,475.0,38.6328875441637,82,1,484.4305374877984
2245,1,550,494.2,48.24624337707547,82,1,488.34756579969974
2246,1,550,494.2,48.24624337707538,82,0,488.34756579969974
2247,2,462,494.8,47.71477758514651,82,1,471.2035521188583
2248,2,462,494.8,47.714777585146415,82,0,471.2035521188583
2249,3,458,494.6,47.904070808230806,82,0,470.9527548013678
2250,3,458,494.6,47.9040708082309,82,1,470.9527548013678
2251,4,459,494.6,47.9040708082309,82,1,470.9527548013678
2252,4,459,494.6,47.904070808230806,82,0,470.9527548013678
2253,5,456,477.0,40.86563348340499,82,0,488.1754701022016
2254,5,456,477.0,40.8656334834051,82,1,488.1754701022016
2255,0,563,482.4,45.0976717802594,83,0,481.4015589554273
2256,1,471,484.4,44.09988662116943,83,1,472.4019580778525
2257,1,471,484.8,43.842901363846856,83,0,472.4019580778525
2258,2,463,484.8,43.842901363846856,83,0,469.66060312389385
2259,2,463,484.4,44.09988662116943,83,1,469.66060312389385
2260,0,471,486.4,42.98604424694134,83,1,472.4019580778525
2261,0,471,486.4,42.98604424694141,83,0,472.4019580778525
2262,1,464,486.4,42.98604424694133,83,1,469.66060312389385
2263,1,464,486.4,42.98604424694141,83,0,469.66060312389385
2264,2,460,465.8,4.969909455915444,83,1,470.01141754291336
2265,2,460,465.8,4.969909455916039,83,0,470.01141754291336
2266,3,464,464.4,4.037325847636993,83,1,470.01141754291336
2267,3,464,464.4,4.0373258476377245,83,0,470.01141754291336
2268,4,464,464.6,3.9749213828700793,83,1,470.01141754291336
2269,4,464,464.6,3.974921382870822,83,0,470.01141754291336
2270,5,459,462.2,2.4899799195973067,83,1,490.57809121366597
2271,5,459,462.2,2.489979919598494,83,0,490.57809121366597
2272,1,468,463.0,3.6055512754645047,83,0,471.258397628185
2273,1,468,463.0,3.605551275463685,83,1,471.258397628185
2274,2,471,465.2,4.549725266431341,83,0,472.62338540263846
2275,2,471,465.2,4.549725266430691,83,1,472.62338540263846
2276,3,465,465.4,4.505552130427283,83,1,470.5535746045995
2277,3,465,465.4,4.5055521304279385,83,0,470.5535746045995
2278,4,469,466.4,4.669047011971271,83,1,471.258397628185
2279,4,469,466.4,4.669047011971904,83,0,471.258397628185
2280,5,459,466.4,4.669047011971271,83,1,490.57809121366597
2281,5,459,466.4,4.669047011971904,83,0,490.57809121366597
2282,0,459,464.6,5.549774770204985,83,0,470.01141754291336
2283,0,459,464.6,5.549774770204452,83,1,470.01141754291336
2284,1,459,462.2,4.604345773288952,83,0,470.01141754291336
2285,1,459,462.2,4.604345773288309,83,1,470.01141754291336
2286,2,467,462.6,4.979959839195874,83,0,471.258397628185
2287,2,467,462.6,4.97995983919528,83,1,471.258397628185
2288,3,467,462.2,4.381780460041094,83,1,471.258397628185
2289,4,467,462.2,4.381780460041768,83,0,471.258397628185
2290,4,457,461.8,4.816637831516707,83,1,469.69642287204994
2291,4,448,449.0,5.522680508594006,84,1,465.1814861686614
2292,5,449,449.4,5.412947441090127,84,1,483.3699619030542
2293,6,450,447.8,2.774887385103057,84,1,563.9485571871963
2294,0,581,475.4,59.0364294313266,84,1,474.91295790106733
2295,2,441,473.8,60.030825414948325,84,1,462.50518730031547
2296,3,445,473.2,60.36720964232159,84,1,462.50518730031547
2297,4,529,464.2,36.40329655402104,84,0,483.9447811599613
2298,4,471,477.6,58.94743421048965,84,1,470.1575557562602
2299,5,455,465.4,35.87199464763564,84,0,483.3699619030542
2300,5,455,478.6,58.40205475837306,84,1,481.5235789337361
2301,0,446,465.2,36.00277767061869,84,0,467.0225559215974
2302,0,446,451.6,11.991663771137263,84,1,467.0225559215974
2303,2,459,461.6,4.929503017546128,85,1,470.01141754291336
2304,0,465,462.2,5.167204273105177,85,1,470.5535746045995
2305,0,465,459.6,4.7749345545253234,85,0,470.5535746045995
2306,2,457,458.2,4.147288270665541,85,0,469.69642287204994
2307,3,450,457.2,5.495452665613631,85,0,465.09573056633417
2308,3,457,460.0,4.358898943540257,85,1,469.69642287204994
2309,4,455,458.2,4.147288270665105,85,1,465.6932902029682
2310,4,455,456.4,5.458937625582467,85,0,465.6932902029682
2311,5,455,456.4,5.458937625582467,85,0,483.3699619030542
2312,0,635,455.6,3.974921382870339,85,0,477.4272601412478
2313,1,558,475.8,46.11615768903562,85,0,482.38398076911903
2314,2,461,478.0,44.82186966202994,85,0,469.0772945141906
2315,3,635,458.2,4.147288270665105,85,1,477.4272601412478
2316,3,464,479.8,43.83719881561777,85,0,469.0772945141906
2317,4,463,481.4,42.84040149204953,85,0,469.3853299300432
2318,4,463,459.0,4.690415759823042,85,1,470.01141754291336
2319,5,458,480.8,43.2168948444934,85,0,489.96883298828715
2320,0,458,457.6,3.2863353450304422,85,1,470.01141754291336
2321,0,458,460.8,2.7748873851023643,85,0,470.01141754291336
2322,1,462,458.6,3.781534080237322,85,1,470.01141754291336
2323,1,462,461.0,2.828427124746232,85,0,470.01141754291336
2324,2,560,479.6,45.05885040699547,85,1,481.18062430440995
2325,2,560,480.2,44.66766168045962,85,0,481.18062430440995
2326,3,459,479.4,45.08658337022224,85,0,469.0772945141906
2327,3,459,480.4,44.54548237475935,85,1,469.0772945141906
2328,4,457,479.2,45.20730029541689,85,0,468.7622998433272
2329,4,457,479.2,45.20730029541684,85,1,468.7622998433272
2330,5,458,479.2,45.20730029541689,85,0,489.96883298828715
2331,5,458,479.2,45.20730029541684,85,1,489.96883298828715
2332,5,460,491.8,48.77704378086071,86,1,489.6663508182537
2333,6,464,456.0,5.700877125498523,86,0,565.0053810475415
2334,2,573,478.6,53.03112293738478,86,0,480.24789559642005
2335,2,464,492.6,48.15391988197848,86,1,470.8640000986195
2336,0,457,479.8,52.31347818679253,86,0,470.45977814167475
2337,1,453,480.0,52.182372502599165,86,0,465.50058504534724
2338,1,457,494.2,46.44566718220335,86,1,472.26696206584137
2339,2,461,481.6,51.26207174900382,86,0,470.58872690476886
2340,4,1133,478.8,52.82234375716415,86,0,480.24789559642005
2341,5,1133,477.2,37.42592684223072,86,1,510.3109168347536
2342,5,450,454.2,4.764451699832388,86,0,484.0169652806528
2343,6,452,453.2,4.549725266434932,86,0,565.1073645991017
2344,6,452,458.8,4.549725266432042,86,1,565.1073645991017
2345,0,557,474.0,46.62081080376039,86,0,483.78878402891576
2346,0,557,478.2,44.279792230768265,86,1,485.86765154566876
2347,1,558,493.4,58.52179081333729,86,0,486.9491716228831
2348,2,452,493.8,58.15668491239859,86,0,466.3531434660618
2349,2,558,497.0,55.32178594369492,86,1,491.0241331109197
2350,3,454,494.6,57.42647473073729,86,0,467.2430175597927
2351,4,459,496.0,56.20053380529413,86,0,472.60643261306495
2352,5,452,475.0,46.48655719667808,86,0,482.03657484712505
2353,5,454,496.4,55.87754468478372,86,1,483.19347181085743
2354,0,451,453.6,3.2093613071820477,86,0,471.8602513261094
2355,1,450,453.2,3.56370593624636,86,0,466.7494083780313
2356,2,451,452.6,3.646916505767296,86,0,466.7494083780313
2357,3,450,450.8,0.83666002655746,86,0,466.7494083780313
2358,4,452,450.8,0.83666002655746,86,0,467.3469680146654
2359,4,451,494.4,57.61336650465759,86,1,467.2430175597927
2360,0,650,557.4,9.762171889492626,87,0,553.6482521073716
2361,5,608,558.6,8.792041856133313,87,0,555.8074142893914
2362,0,559,559.0,8.746427842267956,87,0,553.2744469027278
2363,0,608,560.2,5.761944116355192,87,1,554.864355694671
2364,1,557,556.4,6.228964600958982,87,0,553.1079251235466
2365,2,556,554.8,4.604345773288541,87,0,551.8323620246729
2366,3,557,560.0,5.87367006223538,87,1,554.3240287108459
2367,3,561,557.6,2.408318915758488,87,0,553.6482521073716
2368,4,555,557.6,2.408318915758488,87,0,552.705771815574
2369,2,537,510.8,25.64566240127165,88,0,504.7622376651693
2370,3,539,532.4,10.334408546211035,88,1,534.8133357213172
2371,3,539,510.6,25.363359398943956,88,0,504.7622376651693
2372,4,508,526.0,13.784048752090207,88,1,532.2110609978799
2373,4,508,514.2,22.86263326915774,88,0,513.1798241270926
2374,1,498,514.0,23.032585612562,88,0,512.8525816405837
2375,1,498,522.6,18.47430648224717,88,1,529.1475293389602
2376,4,546,525.6,21.19669785603408,88,1,533.6168263236015
2377,4,546,525.6,21.19669785603404,88,0,533.6168263236015
2378,5,503,518.8,22.061278294786085,88,1,521.5015236262109
2379,5,503,518.8,22.06127829478605,88,0,521.5015236262109
2380,0,569,524.8,31.140006422606888,88,0,526.8702071811746
2381,0,569,524.8,31.14000642260692,88,1,526.8702071811746
2382,1,557,534.6,32.22266283223657,88,1,532.3605981860584
2383,1,557,534.6,32.222662832236544,88,0,532.3605981860584
2384,2,545,544.0,24.89979919597743,88,0,539.6421255274333
2385,3,508,536.4,29.50932056147681,88,0,536.4166360197726
2386,3,545,544.0,24.899799195977465,88,1,539.6421255274333
2387,4,548,545.4,22.897598127314534,88,0,542.5203752316255
2388,1,545,542.0,1.8708286933870255,89,1,539.7863642180106
2389,0,540,541.8,2.049390153191964,89,1,539.6590831835605
2390,1,543,542.0,2.121320343559685,89,1,539.7863642180106
2391,2,540,541.8,2.049390153191931,89,0,539.6590831835605
2392,2,540,541.6,2.3021728866443087,89,1,539.5400394153459
2393,3,537,541.0,3.082207001484517,89,1,539.5400394153459
2394,3,537,540.8,2.949576240750523,89,0,539.5400394153459
2395,4,542,540.4,2.3021728866443087,89,1,539.1398111177693
2396,4,542,540.8,2.949576240750523,89,0,539.5400394153459
2397,5,543,541.0,2.54950975679643,89,1,540.145666873046
2398,5,543,541.4,3.0495901363953832,89,0,540.145666873046
2399,1,542,540.8,2.3874672772627084,89,1,539.5400394153459
2400,1,542,540.8,2.387467277262665,89,0,539.5400394153459
2401,2,540,540.8,2.387467277262665,89,0,539.5400394153459
2402,2,540,540.8,2.3874672772627084,89,1,539.5400394153459
2403,3,538,541.0,2.0000000000000657,89,1,539.5400394153459
2404,3,538,541.0,2.000000000000014,89,0,539.5400394153459
2405,5,542,541.0,2.0000000000000657,89,1,540.145666873046
2406,5,542,541.0,2.000000000000014,89,0,540.145666873046
2407,0,538,540.0,2.000000000000014,89,0,539.1398111177693
2408,0,538,540.0,2.0000000000000657,89,1,539.1398111177693
2409,1,538,539.2,1.78885438199991,89,1,539.1398111177693
2410,1,538,539.2,1.7888543819998524,89,0,539.1398111177693
2411,2,537,538.6,1.949358868961817,89,0,539.1398111177693
2412,2,537,538.6,1.9493588689618704,89,1,539.1398111177693
2413,3,539,538.8,1.9235384061671592,89,0,539.1398111177693
2414,3,539,538.8,1.9235384061672127,89,1,539.1398111177693
2415,4,538,538.0,0.7071067811865827,89,0,538.5560493117471
2416,4,538,538.0,0.7071067811867284,89,1,538.5560493117471
2417,0,619,553.4,7.300684899377589,90,1,552.3703627755849
2418,0,619,551.2,7.155417527999344,90,0,547.9170442042424
2419,0,555,552.8,6.942621983083909,90,1,550.3258882882099
2420,1,553,552.6,6.542170893518462,90,0,549.4303905207425
2421,1,553,553.2,6.870225614927066,90,1,551.4278824837874
2422,5,548,552.0,6.855654600401055,90,0,548.0584155736601
2423,0,559,553.6,7.469939758793247,90,0,551.9965575709411
2424,0,548,552.6,7.231873892705817,90,1,547.7114874818282
2425,3,554,551.8,5.449770637375504,90,0,548.4008682833856
2426,3,554,550.8,4.6583258795408575,90,1,546.9745639124449
2427,0,537,543.0,4.062019202318112,91,0,539.7863642180106
2428,0,537,543.0,4.062019202317875,91,1,539.7863642180106
2429,0,552,544.6,5.770615218501324,91,1,541.9132916763936
2430,1,552,544.6,5.770615218501492,91,0,541.9132916763936
2431,3,537,543.8,6.610597552415432,91,0,540.1846543988947
2432,3,533,543.0,7.778174593051962,91,1,539.0797008794025
2433,5,530,540.6,8.79204185613336,91,0,538.1264447208556
2434,5,530,539.8,9.364827814754468,91,1,538.1264447208556
2435,1,540,538.4,8.502940667792457,91,1,539.1398111177693
2436,1,540,539.2,8.043631020876143,91,0,539.1398111177693
2437,5,541,540.0,7.968688725254673,91,0,539.7454385754695
2438,5,541,539.2,8.526429498916812,91,1,539.7454385754695
2439,0,560,540.8,11.691877522451184,91,1,542.0122892213798
2440,1,560,541.6,11.148990985735024,91,0,542.0122892213798
2441,2,541,542.4,10.876580344942951,91,1,539.7863642180106
2442,2,542,542.6,10.853570840972145,91,0,539.7863642180106
2443,3,544,545.4,8.29457654133113,91,0,541.6581026703786
2444,3,544,545.2,8.408329203831132,91,1,541.5364487202503
2445,4,540,545.4,8.29457654133113,91,0,541.6581026703786
2446,1,540,539.0,1.999999999999833,92,1,539.1398111177693
2447,1,540,539.0,1.999999999999776,92,0,539.1398111177693
2448,2,543,539.6,2.7018512172211318,92,1,539.1398111177693
2449,2,543,539.6,2.701851217221089,92,0,539.1398111177693
2450,3,536,539.2,3.1144823004793816,92,1,538.974277976794
2451,3,536,539.2,3.114482300479345,92,0,538.974277976794
2452,4,538,538.6,2.966479394838159,92,1,539.1398111177693
2453,4,538,538.6,2.966479394838121,92,0,539.1398111177693
2454,5,541,539.6,2.701851217221137,92,1,539.7454385754695
2455,1,536,538.8,3.114482300479376,92,1,538.974277976794
2456,1,541,539.6,2.701851217221096,92,0,539.1398111177693
2457,3,544,539.0,3.464101615137646,92,1,539.1398111177693
2458,3,544,540.4,3.361547262794195,92,0,539.1398111177693
2459,4,541,540.0,3.0822070014843463,92,0,539.1398111177693
2460,4,541,540.0,3.082207001484366,92,1,539.1398111177693
2461,5,541,541.0,2.1213203435594368,92,0,540.145666873046
2462,5,541,540.6,2.880972058177456,92,1,539.7454385754695
2463,0,537,540.8,2.4899799195975603,92,0,539.5400394153459
2464,0,537,539.8,3.271085446759104,92,1,539.1398111177693
2465,1,541,540.8,2.4899799195975603,92,0,539.5400394153459
2466,1,541,540.8,2.4899799195975985,92,1,539.5400394153459
2467,2,539,539.8,1.7888543819995566,92,0,539.1398111177693
2468,2,539,539.8,1.78885438199961,92,1,539.1398111177693
2469,3,541,539.8,1.7888543819995566,92,0,539.1398111177693
2470,3,541,539.8,1.78885438199961,92,1,539.1398111177693
2471,4,534,538.4,2.966479394838091,92,0,538.4069358040798
2472,4,534,538.4,2.966479394838123,92,1,538.4069358040798
2473,0,543,539.6,2.607680962081101,93,0,539.1398111177693
2474,1,539,539.6,2.607680962080687,93,1,539.1398111177693
2475,1,539,539.6,2.607680962081101,93,0,539.1398111177693
2476,2,543,540.4,2.96647939483794,93,1,539.1398111177693
2477,2,543,540.4,2.9664793948383044,93,0,539.1398111177693
2478,3,536,539.4,3.507135583350065,93,0,538.974277976794
2479,3,536,539.4,3.5071355833497573,93,1,538.974277976794
2480,4,537,539.6,3.2863353450307056,93,1,539.1398111177693
2481,4,537,539.6,3.286335345031034,93,0,539.1398111177693
2482,5,542,539.4,3.0495901363950746,93,1,539.7454385754695
2483,5,542,539.4,3.0495901363954285,93,0,539.7454385754695
2484,1,536,538.8,3.420526275297451,93,0,538.974277976794
2485,3,536,538.8,3.420526275297135,93,1,538.974277976794
2486,3,543,538.8,3.420526275297451,93,0,539.1398111177693
2487,4,541,538.4,2.880972058177248,93,1,539.1398111177693
2488,4,541,539.8,3.114482300479537,93,0,539.1398111177693
2489,5,541,539.4,2.7018512172209035,93,1,539.7454385754695
2490,5,541,540.6,2.701851217221323,93,0,539.7454385754695
2491,0,537,539.6,2.9664793948383283,93,0,539.1398111177693
2492,0,537,539.4,2.7018512172209035,93,1,539.1398111177693
2493,1,541,540.6,2.190890230020744,93,0,539.1398111177693
2494,1,541,539.2,2.489979919597352,93,1,539.1398111177693
2495,2,539,539.8,1.78885438199993,93,0,539.1398111177693
2496,2,539,539.8,1.7888543819992666,93,1,539.1398111177693
2497,3,540,539.6,1.67332005306825,93,0,539.1398111177693
2498,3,540,539.6,1.673320053067541,93,1,539.1398111177693
2499,4,534,538.2,2.7748873851023936,93,0,538.4069358040798
2500,4,534,538.2,2.774887385101966,93,1,538.4069358040798
2501,5,538,515.6,31.91081321433222,94,1,519.164828674981
2502,0,767,485.8,63.93512336736358,94,1,490.56000288387514
2503,4,396,461.2,71.21586901807771,94,1,471.9258654343842
2504,5,524,460.6,70.53226212167026,94,1,503.8782257164695
2505,6,537,476.0,78.34219807996199,94,1,557.9701627365688
2506,0,400,448.4,75.28811327161812,94,1,477.6999904137632
2507,1,333,438.0,88.64254057730972,94,1,470.210266599743
2508,2,540,466.8,94.76655528191368,94,1,490.8029270803106
2509,3,462,454.4,89.3101338035052,94,1,476.8540094300871
2510,4,458,438.6,77.21269325700277,94,1,478.5696082647283
2511,2,540,541.8,2.4899799195976944,95,0,539.6590831835605
2512,0,536,540.6,3.577708763999869,95,1,538.974277976794
2513,1,536,540.6,3.5777087639996314,95,0,538.974277976794
2514,1,543,541.0,3.741657386774139,95,1,539.5400394153459
2515,2,540,540.4,3.5777087639996314,95,0,539.1398111177693
2516,2,540,541.0,3.741657386774139,95,1,539.5400394153459
2517,4,538,539.4,2.607680962081341,95,1,539.1398111177693
2518,4,538,540.0,3.741657386773911,95,0,539.1398111177693
2519,5,543,539.4,2.607680962081021,95,0,539.7454385754695
2520,5,543,540.0,3.0822070014847256,95,1,539.7454385754695
2521,1,542,541.2,2.167948338868215,95,1,539.5400394153459
2522,1,542,539.8,2.8635642126552403,95,0,539.1398111177693
2523,2,541,540.8,1.9235384061675196,95,1,539.5400394153459
2524,2,541,540.8,1.923538406167104,95,0,539.5400394153459
2525,3,538,540.4,2.302172886644241,95,0,539.1398111177693
2526,3,538,540.4,2.302172886644588,95,1,539.1398111177693
2527,5,542,541.2,1.923538406167104,95,0,540.145666873046
2528,5,542,541.2,1.9235384061675196,95,1,540.145666873046
2529,0,538,540.2,2.0493901531922947,95,1,539.1398111177693
2530,0,538,540.2,2.0493901531919048,95,0,539.1398111177693
2531,1,538,539.4,1.949358868961781,95,0,539.1398111177693
2532,1,538,539.4,1.9493588689621912,95,1,539.1398111177693
2533,2,537,538.6,1.9493588689621912,95,1,539.1398111177693
2534,2,537,538.6,1.949358868961781,95,0,539.1398111177693
2535,3,539,538.8,1.9235384061675376,95,1,539.1398111177693
2536,4,539,538.8,1.9235384061671223,95,0,539.1398111177693
2537,4,538,538.0,0.7071067811876127,95,1,538.5560493117471
2538,0,540,541.8,2.4899799195976287,96,1,539.6590831835605
2539,1,540,541.8,2.4899799195975887,96,0,539.6590831835605
2540,1,543,542.0,2.549509756796277,96,1,539.7863642180106
2541,2,540,541.8,2.683281572999633,96,1,539.6590831835605
2542,2,540,541.4,2.6076809620809063,96,0,539.5400394153459
2543,3,538,541.4,3.1304951684996074,96,1,539.5400394153459
2544,3,538,540.8,3.0331501776204823,96,0,539.5400394153459
2545,4,543,540.8,2.167948338867738,96,1,539.5400394153459
2546,4,543,541.4,3.130495168499576,96,0,539.5400394153459
2547,5,543,540.8,2.167948338867692,96,0,540.145666873046
2548,5,543,541.4,2.302172886644139,96,1,540.145666873046
2549,1,542,541.2,2.167948338867692,96,0,539.5400394153459
2550,1,542,541.2,2.167948338867738,96,1,539.5400394153459
2551,2,541,541.4,2.0736441353326187,96,1,539.5400394153459
2552,2,541,541.4,2.0736441353325707,96,0,539.5400394153459
2553,3,538,541.4,2.0736441353325707,96,0,539.5400394153459
2554,3,538,541.4,2.0736441353326187,96,1,539.5400394153459
2555,5,542,541.2,1.9235384061669636,96,1,540.145666873046
2556,5,542,541.2,1.923538406166912,96,0,540.145666873046
2557,0,538,540.2,2.049390153191773,96,1,539.1398111177693
2558,0,538,540.2,2.0493901531917245,96,0,539.1398111177693
2559,1,538,539.4,1.9493588689615915,96,0,539.1398111177693
2560,1,538,539.4,1.9493588689616423,96,1,539.1398111177693
2561,2,537,538.6,1.9493588689615915,96,0,539.1398111177693
2562,2,537,538.6,1.9493588689616423,96,1,539.1398111177693
2563,3,539,538.8,1.9235384061669305,96,0,539.1398111177693
2564,3,539,538.8,1.923538406166982,96,1,539.1398111177693
2565,4,538,538.0,0.7071067811859597,96,0,538.5560493117471
2566,4,538,538.0,0.7071067811861004,96,1,538.5560493117471
2567,1,546,542.0,2.345207879911713,97,0,539.8951073418574
2568,2,540,541.8,2.489979919597616,97,1,539.6590831835605
2569,2,540,541.8,2.48997991959774,97,0,539.6590831835605
2570,0,536,540.6,3.577708763999577,97,1,538.974277976794
2571,1,543,541.0,3.7416573867738583,97,1,539.5400394153459
2572,2,540,541.0,3.7416573867738583,97,1,539.5400394153459
2573,2,536,540.6,3.577708763999663,97,0,538.974277976794
2574,3,537,539.2,2.774887385102216,97,1,539.1398111177693
2575,3,537,539.8,3.898717737923581,97,0,539.1398111177693
2576,4,542,539.6,3.049590136395284,97,1,539.1398111177693
2577,4,542,540.2,4.024922359499613,97,0,539.1398111177693
2578,5,543,541.0,2.549509756796271,97,1,540.145666873046
2579,5,543,539.6,3.04959013639538,97,0,539.7454385754695
2580,1,542,540.0,3.240370349203929,97,0,539.1398111177693
2581,1,542,540.8,2.3874672772625387,97,1,539.5400394153459
2582,2,541,541.0,2.345207879911713,97,0,539.5400394153459
2583,2,541,541.0,2.345207879911589,97,1,539.5400394153459
2584,5,538,541.2,1.923538406166993,97,1,540.145666873046
2585,5,538,541.2,1.9235384061671448,97,0,540.145666873046
2586,1,538,540.4,2.302172886644148,97,1,539.1398111177693
2587,1,538,540.4,2.3021728866442746,97,0,539.1398111177693
2588,2,537,539.2,2.16794833886789,97,0,539.1398111177693
2589,2,537,539.2,2.167948338867756,97,1,539.1398111177693
2590,3,539,538.6,1.516575088810337,97,0,539.1398111177693
2591,4,525,535.4,5.856620185738531,97,0,535.8447793451635
2592,4,539,538.6,1.5165750888101452,97,1,539.1398111177693
2593,1,546,540.8,3.27108544675923,98,0,539.6487825391927
2594,1,546,540.8,3.271085446759295,98,1,539.6487825391927
2595,5,608,542.6,3.781534080237869,98,1,544.313942434826
2596,4,608,542.6,3.781534080237813,98,0,542.457481787307
2597,4,539,542.2,4.0865633483405714,98,1,539.7863642180106
2598,5,535,541.0,5.244044240850804,98,1,539.6979195419951
2599,0,556,544.6,8.080841540334795,98,1,542.1521883537165
2600,0,535,541.4,5.128352561983232,98,0,539.092292084295
2601,1,554,544.0,7.58287544405155,98,0,541.9132916763936
2602,1,553,546.0,8.944271909999182,98,1,543.3867399478775
2603,2,558,548.0,8.803408430829505,98,0,544.0670153652859
2604,2,558,548.2,10.473776778220945,98,1,544.0670153652859
2605,3,564,551.6,11.148990985734985,98,0,548.60146568596
2606,3,564,553.2,10.940749517286282,98,1,552.3703627755849
2607,4,533,548.8,13.989281611290826,98,0,541.4144563986403
2608,4,533,552.8,11.777096416349808,98,1,545.9620086163526
2609,2,542,557.2,17.79606698121807,99,0,548.2823437468938
2610,3,608,568.2,16.08415369237688,99,1,560.1324760095584
2611,3,608,558.0,16.777961735562506,99,0,553.1057232359102
2612,0,602,564.4,18.756332264064863,99,1,557.0363846718516
2613,0,602,556.2,17.512852423291868,99,0,553.1057232359102
2614,1,550,545.0,4.062019202317828,100,0,543.2650859977491
2615,1,550,545.0,4.062019202318003,100,1,543.2650859977491
2616,2,547,546.6,2.3021728866439983,100,0,542.7616473291354
2617,3,608,546.6,2.302172886644307,100,1,544.329220239675
2618,3,608,547.2,1.788854381999481,100,0,544.329220239675
2619,4,556,549.0,4.301162633521167,100,0,546.0150561517993
2620,4,556,549.0,4.301162633521332,100,1,546.0150561517993
2621,5,544,548.8,4.549725266430785,100,0,543.0294487294493
2622,5,544,548.4,4.827007354458882,100,1,543.0294487294493
2623,5,533,545.4,8.264381404557668,100,0,541.8597683239715
2624,0,533,546.0,8.51469318296321,100,1,540.9514393317705
2625,2,552,546.4,8.792041856133226,100,0,543.3867399478775
2626,3,543,545.6,8.905054744357194,100,0,541.6581026703786
2627,3,552,546.4,8.792041856133318,100,1,543.3867399478775
2628,4,553,545.0,8.09320702811924,100,0,543.2650859977491
2629,4,553,547.6,9.289779329994882,100,1,543.4983402781321
2630,2,535,534.8,7.72657750883274,101,0,536.4545761447191
2631,0,540,533.2,4.438468204234518,101,1,535.1556755998714
2632,1,534,533.6,4.393176527297847,101,1,535.848584093373
2633,2,540,533.2,4.438468204234392,101,0,535.1556755998714
2634,2,530,533.6,4.393176527297847,101,1,535.1265794033866
2635,3,545,536.8,5.80517010948007,101,1,538.2797648755584
2636,5,545,536.4,6.107372593840961,101,0,538.8020082844927
2637,5,539,537.6,5.770615218501479,101,1,538.8853923332586
2638,1,547,539.4,7.021395872616766,101,0,540.2433557765261
2639,1,547,539.0,7.176350047203723,101,1,540.2433557765261
2640,2,549,543.2,5.67450438364442,101,0,541.589455831603
2641,2,549,542.0,7.6811457478686656,101,1,541.1911656507189
2642,3,543,544.6,3.847076812334385,101,1,540.1846543988947
2643,4,538,543.2,4.816637831517019,101,1,540.1846543988947
2644,5,543,544.8,3.4928498393145384,101,0,540.7902818565949
2645,5,538,543.0,5.049752469181129,101,1,540.3919916757108
2646,0,531,539.8,6.68580586017877,101,1,537.6849311140934
2647,0,531,543.0,7.071067811865452,101,0,538.4808954009676
2648,1,542,538.4,4.72228758124711,101,1,539.1398111177693
2649,2,534,536.6,4.219004621945876,101,1,537.5468895618689
2650,3,528,534.6,5.549774770204708,101,1,535.596854658727
2651,3,542,542.4,6.985699678629168,101,0,539.7863642180106
2652,4,532,539.4,7.700649323271355,101,0,537.6849311140934
2653,0,543,539.8,2.588435821108756,102,1,539.1398111177693
2654,1,539,539.6,2.6076809620810315,102,0,539.1398111177693
2655,1,539,539.6,2.60768096208086,102,1,539.1398111177693
2656,2,543,540.4,2.966479394838092,102,1,539.1398111177693
2657,2,543,540.4,2.966479394838243,102,0,539.1398111177693
2658,3,536,539.4,3.507135583349886,102,1,538.974277976794
2659,3,536,539.4,3.507135583350013,102,0,538.974277976794
2660,4,538,539.8,3.114482300479461,102,0,539.1398111177693
2661,4,538,539.8,3.114482300479318,102,1,539.1398111177693
2662,5,541,539.4,2.7018512172210576,102,1,539.7454385754695
2663,5,541,539.4,2.7018512172212232,102,0,539.7454385754695
2664,1,535,538.6,3.3615472627941645,102,1,538.5426526000855
2665,1,535,538.6,3.3615472627942973,102,0,538.5426526000855
2666,3,543,538.6,3.3615472627941645,102,1,539.1398111177693
2667,3,543,538.6,3.3615472627942973,102,0,539.1398111177693
2668,4,541,539.6,3.1304951684995315,102,1,539.1398111177693
2669,4,541,539.6,3.1304951684996745,102,0,539.1398111177693
2670,5,540,540.0,2.9999999999998166,102,1,539.7454385754695
2671,5,540,540.0,2.999999999999966,102,0,539.7454385754695
2672,1,537,539.2,3.193743884534235,102,0,539.1398111177693
2673,1,537,539.2,3.193743884534095,102,1,539.1398111177693
2674,2,539,540.0,2.236067977499537,102,1,539.1398111177693
2675,2,539,540.0,2.2360679774997374,102,0,539.1398111177693
2676,3,540,539.4,1.5165750888102345,102,0,539.1398111177693
2677,3,540,539.4,1.516575088809939,102,1,539.1398111177693
2678,4,534,538.0,2.549509756796345,102,0,537.8231739980575
2679,4,534,538.0,2.5495097567961693,102,1,537.8231739980575
2680,3,547,551.2,11.454256850621112,103,1,545.4225254365668
2681,3,547,553.0,9.669539802906812,103,0,547.7722166137174
2682,5,548,553.2,9.52365476064726,103,0,550.0837965754474
2683,5,548,546.8,4.604345773288639,103,1,543.9712330952879
2684,0,556,550.4,3.507135583349963,103,0,546.9338046762628
2685,0,556,548.2,6.220932405998382,103,1,543.737236955455
2686,1,554,548.8,6.685805860178781,103,1,544.409260369134
2687,2,554,551.2,3.834057902536091,103,0,546.9745639124449
2688,2,550,551.0,3.8729833462075542,103,1,546.0476180553089
2689,3,543,549.6,5.319774431308107,103,0,543.5603933482988
2690,3,543,550.2,5.118593556828005,103,1,544.0393248643051
2691,4,556,551.4,5.727128425310498,103,0,547.2134605897678
2692,4,556,551.8,5.495452665613743,103,1,548.6397649607086
2693,2,540,538.6,2.607680962080964,104,1,539.1398111177693
2694,2,540,538.4,3.781534080237773,104,0,539.1398111177693
2695,0,536,539.2,2.1679483388678413,104,0,538.974277976794
2696,0,536,538.0,2.8284271247461024,104,1,538.3905161707718
2697,1,537,538.2,2.683281572999658,104,1,539.1398111177693
2698,1,537,538.8,2.3874672772626235,104,0,539.1398111177693
2699,2,546,540.2,4.024922359499548,104,1,539.2485542416161
2700,3,539,539.6,3.911521443121517,104,1,539.1398111177693
2701,3,546,540.2,4.024922359499587,104,0,539.2485542416161
2702,4,532,538.2,5.215361924162103,104,0,537.6849311140934
2703,5,529,536.0,6.442049363362552,104,0,537.0539877838437
2704,5,532,538.0,5.147815070493445,104,1,537.5426829148333
2705,1,542,537.2,6.978538528947145,104,0,538.2797648755584
2706,4,542,539.2,5.2630789467762495,104,1,539.1398111177693
2707,4,545,538.8,7.791020472312974,104,0,539.1398111177693
2708,5,534,536.4,6.804410334481582,104,0,538.0691329708031
2709,5,534,538.6,5.727128425310489,104,1,539.01256326178
2710,0,533,536.6,6.65582451691748,104,0,537.4236903503173
2711,0,533,536.0,4.301162633521249,104,1,537.2112796555164
2712,1,554,539.0,9.273618495495676,104,1,540.8684483952682
2713,1,554,541.6,8.61974477580396,104,0,541.2686766928447
2714,2,544,541.4,8.532291603080585,104,1,539.5400394153459
2715,2,544,542.0,8.689073598491365,104,0,539.7863642180106
2716,3,542,541.4,8.532291603080585,104,1,539.5400394153459
2717,3,542,541.4,8.532291603080598,104,0,539.5400394153459
2718,4,536,541.8,8.136338242723175,104,0,539.4935500425852
2719,0,563,548.6,11.14899098573498,105,1,545.3517406609316
2720,0,563,548.6,11.148990985734985,105,0,545.3517406609316
2721,1,543,549.0,10.83974169433939,105,1,543.4880188425907
2722,1,543,549.0,10.839741694339391,105,0,543.4880188425907
2723,2,546,550.6,9.289779329994868,105,0,544.1480679881519
2724,2,546,550.6,9.289779329994865,105,1,544.1480679881519
2725,4,547,548.4,8.354639429682164,105,0,543.2246643960051
2726,4,547,548.4,8.354639429682159,105,1,543.2246643960051
2727,5,546,549.0,7.968688725254606,105,1,544.5050909586384
2728,5,546,549.0,7.968688725254611,105,0,544.5050909586384
2729,1,537,543.8,4.086563348340484,105,1,540.1846543988947
2730,1,537,543.8,4.086563348340494,105,0,540.1846543988947
2731,2,541,543.4,4.277849927241461,105,1,540.1846543988947
2732,2,541,543.4,4.277849927241472,105,0,540.1846543988947
2733,3,544,543.0,4.062019202317961,105,0,539.7863642180106
2734,5,536,540.8,4.324349662087904,105,0,539.9801337320707
2735,5,544,543.0,4.06201920231795,105,1,540.3919916757108
2736,0,551,543.8,5.263078946776294,105,1,541.9132916763936
2737,0,551,541.8,6.05805249234437,105,0,541.3877204610593
2738,1,542,543.0,5.147815070493484,105,1,539.7863642180106
2739,2,539,543.4,4.615192303685709,105,1,540.1846543988947
2740,3,542,542.8,5.449770637375475,105,0,539.7863642180106
2741,3,547,544.6,4.615192303685709,105,1,541.2881990576515
2742,4,546,545.0,4.63680924774783,105,1,541.6451918440971
2743,0,541,539.4,4.8270073544588765,106,0,539.1398111177693
2744,0,543,544.2,3.033150177620601,106,1,540.1846543988947
2745,1,546,540.2,5.630275304103697,106,0,539.2485542416161
2746,1,546,544.2,3.033150177620601,106,1,540.2933975227415
2747,0,535,539.2,6.099180272790766,106,0,538.5426526000855
2748,0,535,542.4,5.128352561983217,106,1,539.3386168869597
2749,2,546,542.0,4.636809247747829,106,1,539.8951073418574
2750,2,546,539.8,6.685805860178725,106,0,539.2485542416161
2751,4,540,541.6,4.615192303685765,106,0,539.5400394153459
2752,5,540,542.0,4.636809247747829,106,1,540.3919916757108
2753,5,540,541.4,4.669047011971533,106,0,540.145666873046
2754,2,543,540.8,4.086563348340547,106,0,539.5400394153459
2755,2,543,542.0,4.636809247747829,106,1,539.7863642180106
2756,3,551,543.0,6.041522986797268,106,1,541.5150014955094
2757,3,551,544.0,4.636809247747893,106,0,541.9132916763936
2758,4,549,544.6,5.128352561983268,106,0,541.589455831603
2759,4,549,545.8,4.43846820423441,106,1,543.0629041030869
2760,0,543,545.2,4.60434577328852,106,1,541.5364487202503
2761,0,543,545.2,4.604345773288573,106,0,541.5364487202503
2762,2,541,545.4,4.335896677735788,106,0,541.6581026703786
2763,3,541,545.0,4.690415759823457,106,0,541.5364487202503
2764,4,532,541.2,6.099180272790795,106,0,538.2345705983029
2765,0,546,540.0,5.477225575051573,107,0,539.2485542416161
2766,1,544,541.0,5.700877125495606,107,0,539.5400394153459
2767,2,545,540.6,3.6469165057621344,107,1,539.1398111177693
2768,2,541,540.2,5.263078946776215,107,0,539.1398111177693
2769,3,547,542.2,5.630275304103603,107,0,540.8899088767673
2770,4,538,543.2,3.7013511046641954,107,0,540.1846543988947
2771,5,538,541.6,3.911521443121452,107,0,540.145666873046
2772,1,533,539.4,5.128352561983126,107,0,538.2837365925283
2773,2,541,539.4,5.128352561983126,107,0,539.1398111177693
2774,3,532,536.4,3.78153408023765,107,0,536.7415008231166
2775,4,534,535.6,3.78153408023765,107,0,536.9518850468006
2776,4,547,541.2,4.494441010848873,107,1,540.6435840741026
2777,5,548,537.6,6.804410334481508,107,0,540.2901937659668
2778,5,548,543.2,4.9193495504995495,107,1,542.1950832893032
2779,0,547,545.2,3.6331804249169912,107,1,542.639993379007
2780,0,547,540.4,7.300684899377508,107,0,540.2433557765261
2781,1,533,544.0,6.244997998398392,107,1,539.4779910602866
2782,1,533,538.8,7.9812279756938835,107,0,538.2837365925283
2783,2,537,539.8,7.190271204898932,107,0,539.1398111177693
2784,3,541,541.2,6.418722614352394,107,0,539.5400394153459
2785,4,537,539.0,5.291502622129079,107,0,539.1398111177693
2786,2,558,542.0,9.246621004453448,108,0,542.0836765826632
2787,2,540,542.2,9.2843955107481,108,1,539.7863642180106
2788,0,542,543.2,8.642916174532743,108,0,540.1846543988947
2789,0,542,543.4,8.648699324175825,108,1,540.1846543988947
2790,1,540,543.0,8.774964387392087,108,1,539.7863642180106
2791,1,540,543.8,8.197560612767653,108,0,540.1846543988947
2792,2,537,543.8,8.197560612767653,108,0,540.1846543988947
2793,2,537,543.4,8.354639429682129,108,1,540.1846543988947
2794,3,543,544.0,8.15475321515002,108,0,540.1846543988947
2795,3,543,540.4,2.302172886644105,108,1,539.1398111177693
2796,4,532,538.8,4.438468204234372,108,0,537.6849311140934
2797,4,532,538.8,4.438468204234335,108,1,537.6849311140934
2798,5,534,537.2,4.438468204234335,108,1,538.152517019569
2799,5,534,537.2,4.438468204234372,108,0,538.152517019569
2800,1,533,535.8,4.438468204234335,108,1,537.2112796555164
2801,1,533,535.8,4.438468204234372,108,0,537.2112796555164
2802,3,542,536.8,5.263078946776264,108,0,538.2797648755584
2803,3,542,536.8,5.263078946776233,108,1,538.2797648755584
2804,4,535,535.2,3.962322551231722,108,0,536.7025008311556
2805,4,535,535.2,3.96232255123168,108,1,536.7025008311556
2806,5,536,536.0,3.535533905932608,108,1,538.5074484974823
2807,0,537,536.6,3.3615472627941854,108,1,538.2797648755584
2808,0,536,536.0,3.535533905932655,108,0,537.9018210397821
2809,1,539,537.0,3.535533905932655,108,0,538.2797648755584
2810,2,534,537.2,3.2710854467591437,108,0,537.5468895618689
2811,3,537,536.2,1.9235384061670096,108,0,538.0673541807574
2812,3,539,537.8,2.7748873851021543,108,1,538.5560493117471
2813,4,539,537.0,2.121320343559525,108,0,538.2797648755584
2814,4,539,537.2,1.7888543819995486,108,1,538.2797648755584
2815,5,545,545.0,11.64044672682284,109,1,542.1420761779505
2816,1,553,542.8,7.429670248402734,109,1,541.5150014955094
2817,2,647,545.0,5.049752469181127,109,1,544.2075662895467
2818,2,647,546.2,11.099549540409257,109,0,544.329220239675
2819,5,609,543.8,7.94984276574069,109,0,544.7122326157101
2820,5,609,547.0,3.9370039370060175,109,1,546.4883824216948
2821,0,551,547.4,5.549774770204621,109,0,543.4983402781321
2822,1,560,551.6,5.549774770204621,109,0,548.60146568596
2823,1,551,548.4,3.847076812334386,109,1,544.409260369134
2824,2,536,541.2,9.093954035511718,110,0,539.3745062743706
2825,3,543,541.6,9.126883367283702,110,0,539.5400394153459
2826,3,550,548.0,7.999999999999953,110,1,543.4983402781321
2827,5,547,545.2,3.4928498393144856,110,1,543.2456208367072
2828,5,547,541.0,8.514693182963196,110,0,541.2492115318028
2829,0,555,542.0,9.999999999999996,110,0,541.5150014955094
2830,1,555,547.6,5.272570530585546,110,1,543.4983402781321
2831,1,544,545.0,6.892024376045105,110,0,541.5364487202503
2832,2,559,549.6,7.05691150575093,110,0,546.7846515700874
2833,3,552,551.4,6.024948132556812,110,0,546.9745639124449
2834,4,558,553.6,6.024948132556812,110,0,551.9965575709411
2835,4,559,550.4,6.985699678629134,110,1,547.2635830860936
2836,0,616,552.4,4.2190046219458095,111,0,549.3433485751832
2837,0,616,553.4,4.722287581247054,111,1,552.3703627755849
2838,5,602,555.6,5.079370039680127,111,0,555.2535196178206
2839,5,602,554.4,6.228964600958989,111,1,554.5295249576047
2840,0,547,554.2,6.418722614352499,111,0,548.8742108092949
2841,0,547,552.0,6.32455532033677,111,1,546.8488298075076
2842,0,543,551.8,8.074651695274545,111,0,545.7452851487509
2843,0,543,550.6,7.536577472566722,111,1,544.0393248643051
2844,2,559,552.2,8.438009243891589,111,0,548.9695433705394
2845,2,559,552.2,8.438009243891601,111,1,548.9695433705394
2846,2,544,542.4,4.15932686861716,112,1,539.7863642180106
2847,2,544,542.4,4.159326868617136,112,0,539.7863642180106
2848,0,536,540.0,3.535533905932821,112,1,538.974277976794
2849,0,536,540.0,3.535533905932793,112,0,538.974277976794
2850,1,540,540.0,3.535533905932793,112,0,539.1398111177693
2851,1,540,540.0,3.535533905932821,112,1,539.1398111177693
2852,3,540,540.6,3.1304951684997686,112,0,539.1398111177693
2853,3,540,540.6,3.1304951684998006,112,1,539.1398111177693
2854,4,542,540.4,2.9664793948383363,112,0,539.1398111177693
2855,4,542,540.4,2.96647939483837,112,1,539.1398111177693
2856,5,540,539.6,2.1908902300207544,112,0,539.7454385754695
2857,5,540,539.6,2.1908902300208,112,1,539.7454385754695
2858,1,542,540.8,1.0954451150105995,112,1,539.5400394153459
2859,1,542,540.8,1.095445115010509,112,0,539.5400394153459
2860,2,537,540.2,2.049390153192076,112,1,539.1398111177693
2861,2,537,540.2,2.049390153192028,112,0,539.1398111177693
2862,3,535,539.2,3.1144823004796,112,1,538.5426526000855
2863,3,535,539.2,3.114482300479568,112,0,538.5426526000855
2864,4,537,538.2,2.774887385102422,112,0,539.1398111177693
2865,5,536,537.4,2.7018512172213653,112,0,538.7198591922833
2866,5,537,538.2,2.774887385102458,112,1,539.7454385754695
2867,0,545,539.2,4.147288270665628,112,1,539.1398111177693
2868,0,545,538.0,4.000000000000068,112,0,538.5560493117471
2869,1,542,539.2,4.147288270665628,112,1,539.1398111177693
2870,1,542,539.0,4.301162633521376,112,0,539.1398111177693
2871,2,525,537.0,7.648529270389212,112,0,536.8248848718824
2872,2,525,536.8,7.69415362466857,112,1,536.8248848718824
2873,3,536,537.0,7.648529270389211,112,1,538.1142317345831
2874,3,536,536.8,7.661592523751216,112,0,538.1142317345831
2875,4,543,538.2,8.105553651663806,112,0,539.1398111177693
2876,2,539,540.8,1.7888543819995664,113,1,539.5400394153459
2877,1,648,539.6,2.607680962080879,113,1,541.198226805099
2878,1,648,539.6,2.6076809620807864,113,0,541.198226805099
2879,2,539,539.2,2.4899799195975603,113,1,539.1398111177693
2880,2,539,539.2,2.489979919597463,113,0,539.1398111177693
2881,3,537,538.8,2.6832815729994794,113,0,539.1398111177693
2882,3,537,538.8,2.6832815729995696,113,1,539.1398111177693
2883,4,542,538.6,2.302172886644042,113,1,539.1398111177693
2884,5,542,538.6,2.3021728866439366,113,0,539.7454385754695
2885,5,543,539.4,3.049590136395216,113,1,539.7454385754695
2886,1,542,539.2,2.7748873851020406,113,0,539.1398111177693
2887,1,542,540.6,2.509980079602028,113,1,539.1398111177693
2888,2,540,540.8,2.387467277262451,113,1,539.5400394153459
2889,2,540,540.0,2.121320343559264,113,0,539.1398111177693
2890,3,538,541.0,1.9999999999997584,113,1,539.5400394153459
2891,3,538,539.8,2.280350850197918,113,0,539.1398111177693
2892,0,542,540.8,1.7888543819993916,113,0,539.5400394153459
2893,0,542,541.0,1.9999999999997584,113,1,539.5400394153459
2894,1,537,539.8,2.2803508501980554,113,1,539.1398111177693
2895,1,537,539.8,2.280350850197918,113,0,539.1398111177693
2896,2,537,538.8,2.1679483388674905,113,0,539.1398111177693
2897,2,537,538.8,2.167948338867635,113,1,539.1398111177693
2898,3,539,538.6,2.07364413533236,113,0,539.1398111177693
2899,3,539,538.6,2.073644135332511,113,1,539.1398111177693
2900,4,538,538.6,2.07364413533236,113,0,539.1398111177693
2901,4,538,538.6,2.073644135332511,113,1,539.1398111177693
2902,2,539,539.6,5.272570530585606,114,0,539.1398111177693
2903,0,536,538.4,5.272570530585589,114,1,538.974277976794
2904,0,536,538.4,5.272570530585606,114,0,538.974277976794
2905,1,543,538.8,5.58569601750756,114,0,539.1398111177693
2906,1,543,538.8,5.585696017507544,114,1,539.1398111177693
2907,2,540,540.6,3.507135583350001,114,1,539.1398111177693
2908,2,540,540.6,3.507135583350027,114,0,539.1398111177693
2909,3,537,539.0,2.738612787525824,114,0,539.1398111177693
2910,3,537,539.0,2.7386127875257915,114,1,539.1398111177693
2911,4,542,539.6,3.049590136395344,114,1,539.1398111177693
2912,4,542,539.6,3.049590136395373,114,0,539.1398111177693
2913,5,543,541.0,2.549509756796342,114,1,540.145666873046
2914,1,534,539.2,3.701351104664325,114,1,538.4069358040798
2915,1,543,541.0,2.549509756796377,114,0,539.5400394153459
2916,2,541,539.4,3.7815340802377855,114,1,539.1398111177693
2917,3,522,536.4,8.792041856133293,114,1,536.7415008231166
2918,3,541,540.6,2.30217288664425,114,0,539.1398111177693
2919,0,542,536.4,8.792041856133293,114,1,538.1963808267925
2920,0,542,541.0,2.3452078799116967,114,0,539.5400394153459
2921,1,535,534.8,7.9812279756939475,114,1,536.4545761447191
2922,1,535,540.6,3.2093613071762355,114,0,538.5426526000855
2923,2,537,539.6,3.4351128074635318,114,0,539.1398111177693
2924,2,537,535.4,8.018728078691765,114,1,537.2996593488394
2925,3,538,538.6,2.880972058177589,114,0,539.1398111177693
2926,3,538,534.8,7.59605160593316,114,1,537.051734662403
2927,4,538,538.0,2.549509756796398,114,0,538.5560493117471
2928,4,538,538.0,2.549509756796376,114,1,538.5560493117471
2929,1,544,541.4,1.816590212459167,115,1,539.5400394153459
2930,1,539,541.0,2.121320343559878,115,0,539.5400394153459
2931,1,539,541.0,2.121320343560219,115,1,539.5400394153459
2932,2,540,540.6,2.073644135333015,115,0,539.1398111177693
2933,2,540,540.6,2.0736441353333626,115,1,539.1398111177693
2934,3,537,539.8,2.5884358211094227,115,1,539.1398111177693
2935,3,537,539.8,2.5884358211091443,115,0,539.1398111177693
2936,4,542,540.4,2.7018512172214426,115,0,539.1398111177693
2937,4,542,540.4,2.701851217221709,115,1,539.1398111177693
2938,5,543,540.2,2.3874672772631604,115,1,539.7454385754695
2939,5,543,540.2,2.3874672772628585,115,0,539.7454385754695
2940,1,542,540.8,2.3874672772631604,115,1,539.5400394153459
2941,1,542,540.8,2.3874672772628585,115,0,539.5400394153459
2942,2,540,540.8,2.3874672772631604,115,1,539.5400394153459
2943,2,540,540.8,2.3874672772628585,115,0,539.5400394153459
2944,3,538,541.0,2.0000000000006057,115,1,539.5400394153459
2945,3,538,541.0,2.000000000000245,115,0,539.5400394153459
2946,5,542,541.0,2.0000000000006057,115,1,540.145666873046
2947,5,542,541.0,2.000000000000245,115,0,540.145666873046
2948,0,537,539.8,2.280350850198482,115,0,539.1398111177693
2949,0,537,539.8,2.2803508501987984,115,1,539.1398111177693
2950,1,537,538.8,2.167948338868084,115,0,539.1398111177693
2951,1,537,538.8,2.1679483388684164,115,1,539.1398111177693
2952,2,537,538.2,2.167948338868084,115,0,539.1398111177693
2953,2,537,538.2,2.1679483388684164,115,1,539.1398111177693
2954,3,538,538.2,2.167948338868084,115,0,539.1398111177693
2955,3,538,538.2,2.1679483388684164,115,1,539.1398111177693
2956,4,538,537.4,0.5477225575060262,115,0,538.2797648755584
2957,4,538,537.4,0.5477225575073429,115,1,538.2797648755584
2958,2,537,536.8,4.658325879540769,116,1,538.2797648755584
2959,0,540,536.8,4.658325879540769,116,1,538.2797648755584
2960,1,537,536.2,4.324349662087898,116,0,538.0673541807574
2961,1,542,538.2,5.019960159204379,116,1,539.1398111177693
2962,3,538,536.4,4.3931765272977295,116,0,538.1963808267925
2963,4,538,537.4,4.560701700396476,116,1,538.2797648755584
2964,4,538,537.0,4.358898943540645,116,0,538.2797648755584
2965,5,536,535.8,3.3466401061362654,116,0,538.5074484974823
2966,5,536,538.6,2.40831891575833,116,1,539.5799054344942
2967,1,538,537.4,0.8944271909998269,116,0,538.2797648755584
2968,1,538,538.8,2.280350850198135,116,1,539.1398111177693
2969,2,540,538.8,2.280350850198135,116,1,539.1398111177693
2970,3,540,538.0,1.41421356237304,116,0,538.5560493117471
2971,3,528,536.0,4.690415759823356,116,1,536.6124741770815
2972,4,530,534.4,5.1768716422178445,116,1,535.596854658727
2973,4,530,536.4,3.847076812334243,116,0,536.7415008231166
2974,5,536,534.4,5.1768716422178445,116,1,537.4918289791278
2975,0,536,534.0,4.89897948556628,116,1,536.8862015214277
2976,1,536,536.0,3.741657386773913,116,0,537.9018210397821
2977,2,535,535.8,3.7682887362833246,116,0,537.4701956630736
2978,2,535,533.0,3.741657386773842,116,1,534.5585170821876
2979,3,530,533.4,3.1304951684995825,116,1,535.1265794033866
2980,4,530,534.2,4.2661458015402856,116,0,535.596854658727
2981,4,533,534.0,2.549509756796246,116,1,536.1956601371619
2982,0,543,532.8,6.340346993658973,117,1,534.8133357213172
2983,1,531,532.4,6.387487769068554,117,1,533.3584557176413
2984,2,535,534.0,5.656854249492416,117,1,536.4545761447191
2985,1,543,537.0,5.656854249492416,117,1,538.2797648755584
2986,1,543,532.8,6.340346993658924,117,0,534.8133357213172
2987,2,540,538.4,5.272570530585666,117,1,539.1398111177693
2988,3,536,537.0,4.636809247747893,117,1,538.1142317345831
2989,4,532,537.2,4.324349662087983,117,1,536.8248848718824
2990,5,540,534.2,7.1203932475671365,117,0,537.6573621201031
2991,5,539,538.0,4.183300132670428,117,1,539.1616767694472
2992,1,536,536.0,5.873670062235329,117,0,537.9018210397821
2993,1,536,536.6,3.1304951684997744,117,1,538.1142317345831
2994,2,534,535.4,2.6076809620811447,117,1,536.5667840351499
2995,2,534,537.2,4.207136793592481,117,0,537.5468895618689
2996,3,534,535.0,2.6457513110646738,117,1,536.5667840351499
2997,4,539,536.4,2.509980079602318,117,1,538.1963808267925
2998,4,534,537.4,3.9749213828703,117,0,537.5468895618689
2999,5,531,534.8,2.9495762407505906,117,1,536.0383682654892
3000,5,531,535.0,3.316624790355324,117,0,536.2862929519257
3001,0,537,535.0,3.082207001484548,117,1,537.2996593488394
3002,1,534,535.0,3.082207001484548,117,1,536.5667840351499
3003,2,537,534.4,2.302172886644162,117,0,537.051734662403
3004,2,532,534.6,3.36154726279438,117,1,535.596854658727
3005,3,530,533.2,2.77488738510224,117,0,533.7007955961955
3006,3,530,532.8,2.77488738510239,117,1,533.3584557176413
3007,4,526,531.6,4.159326868617036,117,0,533.1914487160985
3008,4,526,531.8,4.147288270665583,117,1,533.1914487160985
3009,5,545,546.8,11.627553482998874,118,0,542.5664316625796
3010,1,545,545.6,11.326958991715276,118,1,541.6581026703786
3011,2,638,545.2,9.549869109050602,118,0,544.2075662895467
3012,2,638,546.0,11.202678251204016,118,1,544.329220239675
3013,5,549,543.8,7.949842765740664,118,0,542.1950832893032
3014,0,547,546.6,5.176871642217848,118,0,542.7616473291354
3015,1,560,550.8,5.932958789676479,118,0,547.9170442042424
3016,1,549,543.0,5.958187643906449,118,1,541.1911656507189
3017,2,540,537.2,3.962322551231884,119,1,538.2797648755584
3018,0,542,538.2,4.494441010848923,119,1,539.1398111177693
3019,1,542,538.6,4.219004621945776,119,0,539.1398111177693
3020,1,540,537.8,4.147288270665637,119,1,538.5560493117471
3021,2,537,538.2,3.898717737923692,119,1,539.1398111177693
3022,2,537,538.6,4.219004621945776,119,0,539.1398111177693
3023,3,543,540.4,2.302172886644432,119,1,539.1398111177693
3024,3,543,538.8,4.438468204234418,119,0,539.1398111177693
3025,4,533,539.0,4.062019202318074,119,1,538.2837365925283
3026,4,533,539.0,4.06201920231798,119,0,538.2837365925283
3027,5,534,537.4,4.159326868617173,119,1,538.152517019569
3028,5,534,537.8,4.549725266430924,119,0,538.4288014557577
3029,1,534,536.2,4.0865633483405,119,0,537.3344788670679
3030,1,534,536.2,4.086563348340602,119,1,537.3344788670679
3031,3,542,537.2,4.868264577855305,119,1,538.2797648755584
3032,3,542,537.2,4.86826457785522,119,0,538.2797648755584
3033,4,535,535.6,3.6469165057620874,119,0,537.0876018428063
3034,4,535,535.6,3.6469165057622006,119,1,537.0876018428063
3035,5,536,536.2,3.3466401061364164,119,1,538.5074484974823
3036,0,536,536.2,3.346640106136292,119,0,537.9018210397821
3037,0,537,536.8,3.1144823004796054,119,1,538.2797648755584
3038,1,539,537.8,2.774887385102464,119,1,538.5560493117471
3039,1,539,537.2,3.2710854467592063,119,0,538.2797648755584
3040,2,534,537.2,3.2710854467592063,119,0,537.5468895618689
3041,2,534,536.2,1.9235384061673328,119,1,537.3344788670679
3042,3,537,536.2,1.9235384061671168,119,0,538.0673541807574
3043,3,537,536.6,1.8165902124587,119,1,538.2797648755584
3044,4,540,537.2,2.387467277262638,119,0,538.2797648755584
3045,4,540,537.4,2.302172886644432,119,1,538.2797648755584
3046,2,540,540.4,3.6469165057623294,120,1,539.1398111177693
3047,4,541,541.4,2.701851217221277,120,0,539.5400394153459
3048,4,541,541.4,2.7018512172215834,120,1,539.5400394153459
3049,0,544,542.0,2.915475947422951,120,1,539.7863642180106
3050,0,544,542.0,2.9154759474226672,120,0,539.7863642180106
3051,1,544,541.6,2.302172886644645,120,1,539.5400394153459
3052,1,544,541.6,2.3021728866442857,120,0,539.5400394153459
3053,3,546,543.0,2.449489742783191,120,0,539.8951073418574
3054,3,546,543.0,2.449489742783529,120,1,539.8951073418574
3055,4,549,544.8,2.949576240750827,120,1,541.589455831603
3056,4,549,544.8,2.949576240750546,120,0,541.589455831603
3057,1,542,545.0,2.645751311064624,120,0,541.5364487202503
3058,5,532,542.6,6.465291950097865,120,0,538.9224090077298
3059,5,542,545.0,2.645751311064937,120,1,542.1420761779505
3060,0,537,541.2,6.833739825307979,120,0,539.5400394153459
3061,0,537,543.6,4.505552130427732,120,1,540.1846543988947
3062,1,537,542.2,5.357238094391732,120,1,539.7863642180106
3063,1,537,539.4,6.426507605223881,120,0,539.1398111177693
3064,2,537,537.0,3.535533905932781,120,0,538.2797648755584
3065,2,537,540.4,5.272570530585815,120,1,539.1398111177693
3066,3,538,536.2,2.387467277262723,120,0,538.0673541807574
3067,3,538,538.2,2.1679483388683245,120,1,539.1398111177693
3068,4,538,537.4,0.5477225575053711,120,0,538.2797648755584
3069,4,538,537.4,0.5477225575069797,120,1,538.2797648755584
3070,1,548,542.2,3.420526275297322,121,1,541.1911656507189
3071,0,539,541.8,3.7013511046642154,121,0,539.6590831835605
3072,0,539,541.8,3.7013511046642567,121,1,539.6590831835605
3073,1,548,543.0,4.636809247747744,121,0,541.1911656507189
3074,1,548,543.0,4.636809247747777,121,1,541.1911656507189
3075,3,540,542.8,4.764451699828529,121,0,539.7863642180106
3076,3,540,542.8,4.7644516998285615,121,1,539.7863642180106
3077,4,542,543.4,4.3358966777356445,121,0,540.1846543988947
3078,4,542,543.4,4.335896677735681,121,1,540.1846543988947
3079,5,543,542.4,3.5071355833499345,121,1,540.3919916757108
3080,5,543,542.4,3.50713558334989,121,0,540.3919916757108
3081,1,542,543.0,2.999999999999833,121,0,539.7863642180106
3082,1,542,543.0,2.999999999999885,121,1,539.7863642180106
3083,2,540,541.4,1.3416407864994968,121,0,539.5400394153459
3084,3,542,541.8,1.0954451150098763,121,0,539.6590831835605
3085,3,540,541.4,1.3416407864996132,121,1,539.5400394153459
3086,5,542,541.8,1.0954451150098763,121,0,540.2647106412606
3087,5,542,541.8,1.0954451150100188,121,1,540.2647106412606
3088,0,537,540.6,2.1908902300204383,121,0,539.1398111177693
3089,1,554,543.0,6.480740698407785,121,0,541.5150014955094
3090,1,537,540.8,2.387467277262509,121,1,539.5400394153459
3091,2,537,542.4,6.949820141557549,121,0,539.7863642180106
3092,2,537,539.6,2.509980079602076,121,1,539.1398111177693
3093,3,539,541.8,7.120393247567085,121,0,539.6590831835605
3094,4,548,543.0,7.648529270389108,121,0,541.1911656507189
3095,4,539,539.0,2.1213203435594683,121,1,539.1398111177693
3096,2,541,537.6,4.449719092257315,122,1,538.2797648755584
3097,2,541,538.0,4.242640687119314,122,0,538.5560493117471
3098,1,648,539.0,4.527692569068736,122,0,541.198226805099
3099,1,648,538.6,4.827007354458789,122,1,541.198226805099
3100,2,537,539.0,4.527692569068736,122,0,539.1398111177693
3101,2,537,537.4,4.159326868616995,122,1,538.2797648755584
3102,3,543,539.0,4.527692569068629,122,1,539.1398111177693
3103,3,543,539.0,4.527692569068736,122,0,539.1398111177693
3104,4,533,539.2,4.147288270665585,122,0,538.2837365925283
3105,4,533,539.2,4.147288270665468,122,1,538.2837365925283
3106,5,534,537.8,4.549725266430964,122,0,538.4288014557577
3107,5,534,537.8,4.549725266430857,122,1,538.4288014557577
3108,1,534,536.2,4.086563348340425,122,1,537.3344788670679
3109,1,534,536.2,4.086563348340544,122,0,537.3344788670679
3110,3,543,537.4,5.128352561983172,122,1,538.2797648755584
3111,3,543,537.4,5.128352561983267,122,0,538.2797648755584
3112,4,535,535.8,4.086563348340425,122,1,537.4701956630736
3113,4,535,535.8,4.086563348340544,122,0,537.4701956630736
3114,5,537,536.6,3.7815340802377206,122,1,538.8853923332586
3115,0,537,537.2,3.4928498393145,122,1,538.2797648755584
3116,0,537,536.6,3.7815340802378494,122,0,538.2797648755584
3117,1,539,537.6,3.577708763999704,122,0,538.2797648755584
3118,1,539,538.2,3.0331501776205,122,1,539.1398111177693
3119,2,535,537.8,3.346640106136336,122,0,537.9588907940632
3120,2,535,536.6,1.673320053067957,122,1,537.6826063578745
3121,3,537,536.6,1.6733200530681949,122,0,538.2797648755584
3122,3,537,537.0,1.414213562372861,122,1,538.2797648755584
3123,4,540,537.6,1.949358868961823,122,0,538.2797648755584
3124,4,540,537.6,1.9493588689616188,122,1,538.2797648755584
3125,1,525,538.2,7.854934754662179,123,1,537.6849311140934
3126,0,542,539.2,7.981227975693949,123,1,539.1398111177693
3127,1,542,539.2,7.981227975693972,123,0,539.1398111177693
3128,1,542,539.0,7.874007874011798,123,1,539.1398111177693
3129,1,531,536.8,8.348652585896703,123,1,536.8248848718824
3130,4,537,535.4,7.36885337077619,123,1,537.2996593488394
3131,4,531,536.8,8.348652585896724,123,0,536.8248848718824
3132,5,544,537.2,8.700574693662476,123,0,538.8853923332586
3133,1,544,537.2,8.700574693662476,123,0,538.2797648755584
3134,1,544,539.2,5.263078946776271,123,1,539.1398111177693
3135,2,545,541.2,5.8051701094799695,123,0,539.5400394153459
3136,2,545,539.8,5.805170109479974,123,1,539.1398111177693
3137,3,539,539.2,5.674504383644417,123,1,539.1398111177693
3138,3,539,540.6,5.856620185738503,123,0,539.1398111177693
3139,4,525,538.0,7.999999999999974,123,1,537.1011693080711
3140,5,537,538.0,7.999999999999974,123,1,539.1616767694472
3141,5,525,539.4,8.384509526501805,123,0,538.1264447208556
3142,0,542,539.0,8.154753215150015,123,0,539.1398111177693
3143,1,542,537.6,7.668115805072297,123,1,538.2797648755584
3144,1,544,539.0,8.154753215150015,123,0,539.1398111177693
3145,2,524,533.4,8.324662155306937,123,1,535.1265794033866
3146,2,524,534.8,9.576011695899256,123,0,535.596854658727
3147,3,546,534.8,9.934787365615817,123,1,537.1604777862498
3148,3,546,536.2,10.779610382569452,123,0,538.1760973046042
3149,4,543,539.8,8.95544527089519,123,0,539.1398111177693
3150,4,543,538.4,8.677557259966646,123,1,539.1398111177693
3151,3,537,539.6,3.2863353450308352,124,1,539.1398111177693
3152,4,536,538.8,3.6331804249170334,124,0,538.974277976794
3153,4,536,538.8,3.633180424916839,124,1,538.974277976794
3154,4,587,539.0,3.535533905932787,124,0,541.198226805099
3155,4,587,539.0,3.535533905932586,124,1,541.198226805099
3156,5,582,546.4,19.93238570768689,124,0,546.2707183535774
3157,5,582,546.4,19.93238570768685,124,1,546.2707183535774
3158,1,579,554.4,23.86000838222822,124,0,551.8278339041235
3159,1,579,554.4,23.860008382228187,124,1,551.8278339041235
3160,2,541,555.2,23.188359148503828,124,0,547.728449075323
3161,2,541,555.2,23.1883591485038,124,1,547.728449075323
3162,3,540,556.0,22.416511771459916,124,0,548.2823437468938
3163,3,540,556.0,22.41651177145988,124,1,548.2823437468938
3164,4,541,556.6,21.84719661649981,124,0,548.2823437468938
3165,4,541,556.6,21.847196616499783,124,1,548.2823437468938
3166,0,540,538.4,2.701851217221159,125,0,539.1398111177693
3167,1,535,537.6,3.0495901363952944,125,0,537.6826063578745
3168,1,535,538.8,2.3874672772628807,125,1,538.5426526000855
3169,2,521,534.2,7.981227975693945,125,0,535.596854658727
3170,2,521,535.4,8.38450952650189,125,1,535.8447793451635
3171,3,539,535.0,8.093207028119378,125,1,537.2996593488394
3172,3,539,535.2,8.258329128825007,125,0,537.2996593488394
3173,4,543,535.6,8.648699324175912,125,1,537.6847603604901
3174,4,543,535.6,8.64869932417584,125,0,537.6847603604901
3175,5,539,535.4,8.53229160308067,125,1,537.9052868065396
3176,5,539,535.4,8.5322916030806,125,0,537.9052868065396
3177,1,549,538.2,10.449880382090484,125,0,540.5446125504776
3178,1,549,538.2,10.449880382090544,125,1,540.5446125504776
3179,5,545,543.0,4.242640687119203,125,0,540.3919916757108
3180,0,545,544.2,3.6331804249168926,125,0,540.1846543988947
3181,0,545,543.0,4.242640687119347,125,1,539.7863642180106
3182,1,554,546.4,5.549774770204583,125,0,543.3867399478775
3183,1,554,546.0,5.744562646538075,125,1,543.3867399478775
3184,3,542,545.8,5.890670590009297,125,1,541.6581026703786
3185,3,542,547.0,4.636809247747785,125,0,541.6581026703786
3186,4,556,548.4,6.188699378706275,125,0,544.648157046457
3187,4,556,549.2,5.890670590009297,125,1,546.4548731602565
3188,0,509,509.6,4.335896677735809,126,1,503.6322224648372
3189,0,509,510.6,2.7018512172212725,126,0,503.6322224648372
3190,1,506,510.2,3.271085446759281,126,1,503.6322224648372
3191,0,527,513.0,8.336666000266554,126,1,513.5046889304366
3192,1,515,514.2,8.043631020876104,126,1,513.5046889304366
3193,1,506,509.2,2.949576240750538,126,0,503.6322224648372
3194,4,518,511.0,4.898979485566364,126,0,503.6322224648372
3195,4,518,515.0,8.215838362577513,126,1,516.2704305732593
3196,5,514,511.0,4.898979485566364,126,0,509.8193651398366
3197,5,514,516.0,7.582875444051573,126,1,518.0696708850606
3198,1,531,521.0,7.582875444051573,126,1,529.0422247974294
3199,1,531,515.6,9.762171889492624,126,0,516.2704305732593
3200,2,515,518.6,7.092249290598883,126,1,520.0295258009185
3201,2,515,516.8,9.093954035511722,126,0,516.2704305732593
3202,3,514,518.4,7.231873892705839,126,1,520.0295258009185
3203,4,514,518.4,7.231873892705821,126,0,520.0295258009185
3204,4,509,516.6,8.384509526501855,126,1,516.2704305732593
3205,5,515,516.8,8.318653737234188,126,1,518.0696708850606
3206,5,515,517.8,7.395944834840239,126,0,518.0696708850606
3207,0,518,518.6,7.092249290598862,126,0,520.0295258009185
3208,0,518,514.2,3.2710854467592343,126,1,513.5046889304366
3209,1,505,512.2,5.167204273105542,126,1,505.358177579719
3210,1,505,513.4,4.929503017546504,126,0,513.1774464439277
3211,2,514,513.2,4.868264577855241,126,0,513.5046889304366
3212,2,514,512.2,5.167204273105542,126,1,505.68542006622795
3213,3,504,511.2,6.3007936008093495,126,0,503.3049799783282
3214,3,504,511.2,6.300793600809354,126,1,503.3049799783282
3215,4,512,510.6,5.983310120660639,126,0,503.6322224648372
3216,4,512,510.6,5.983310120660643,126,1,503.6322224648372
3217,1,533,537.4,4.159326868617115,127,1,537.4236903503173
3218,0,541,538.0,4.472135954999608,127,1,538.5560493117471
3219,0,541,538.6,4.159326868617088,127,0,539.1398111177693
3220,1,541,538.8,4.604345773288567,127,1,539.1398111177693
3221,1,541,539.2,4.266145801540308,127,0,539.1398111177693
3222,2,538,537.6,3.5777087639996927,127,1,538.2797648755584
3223,2,538,539.4,4.159326868617079,127,0,539.1398111177693
3224,3,544,539.4,4.159326868617112,127,1,539.1398111177693
3225,3,544,539.4,4.159326868617079,127,0,539.1398111177693
3226,4,533,539.4,4.159326868617112,127,1,538.2837365925283
3227,4,533,539.4,4.159326868617079,127,0,538.2837365925283
3228,1,535,538.2,4.438468204234458,127,1,538.5426526000855
3229,1,535,538.2,4.438468204234428,127,0,538.5426526000855
3230,3,543,538.6,4.827007354458896,127,1,539.1398111177693
3231,3,543,538.6,4.827007354458868,127,0,539.1398111177693
3232,4,536,538.2,4.969909455915674,127,0,538.974277976794
3233,4,536,538.2,4.9699094559157,127,1,538.974277976794
3234,5,537,536.8,3.768288736283405,127,1,538.8853923332586
3235,0,537,536.8,3.768288736283369,127,0,538.2797648755584
3236,0,537,537.6,3.1304951684997757,127,1,538.2797648755584
3237,1,540,538.6,2.8809720581776577,127,1,539.1398111177693
3238,1,540,538.2,3.2710854467592463,127,0,539.1398111177693
3239,2,535,537.0,1.8708286933870883,127,1,537.6826063578745
3240,3,537,537.2,1.7888543819999556,127,1,538.2797648755584
3241,3,535,538.2,3.2710854467592463,127,0,538.5426526000855
3242,4,540,537.6,2.3021728866443087,127,0,538.2797648755584
3243,4,540,537.8,2.1679483388679888,127,1,538.5560493117471
3244,0,536,538.6,3.130495168499727,128,1,538.974277976794
3245,0,544,538.6,3.1304951684996825,128,0,539.1398111177693
3246,0,533,538.0,3.9370039370058847,128,0,537.699974786506
3247,0,533,537.6,4.03732584763729,128,1,537.4236903503173
3248,1,541,538.6,4.159326868617063,128,0,539.1398111177693
3249,1,541,538.2,4.324349662087945,128,1,539.1398111177693
3250,2,537,538.2,4.324349662087945,128,1,539.1398111177693
3251,2,537,538.4,4.219004621945774,128,0,539.1398111177693
3252,3,545,540.0,4.999999999999981,128,0,539.1398111177693
3253,3,545,538.4,4.669047011971528,128,1,539.1398111177693
3254,4,533,537.8,5.215361924162095,128,0,537.699974786506
3255,4,533,537.8,5.2153619241621385,128,1,537.699974786506
3256,1,535,538.2,4.816637831516951,128,1,538.5426526000855
3257,1,535,538.2,4.816637831516903,128,0,538.5426526000855
3258,3,542,538.4,4.979959839195531,128,1,539.1398111177693
3259,3,542,538.4,4.979959839195486,128,0,539.1398111177693
3260,4,535,538.0,5.196152422706669,128,1,537.9588907940632
3261,4,535,538.0,5.196152422706626,128,0,537.9588907940632
3262,5,537,536.4,3.4351128074635917,128,1,538.8020082844927
3263,0,537,537.2,2.863564212655344,128,1,538.2797648755584
3264,0,537,536.4,3.435112807463525,128,0,538.1963808267925
3265,1,540,537.8,3.114482300479487,128,0,538.5560493117471
3266,1,540,538.2,2.7748873851023874,128,1,539.1398111177693
3267,2,534,537.6,3.3615472627943315,128,0,537.5468895618689
3268,2,534,536.6,2.302172886644363,128,1,537.5468895618689
3269,3,538,536.8,2.3874672772626875,128,0,538.2797648755584
3270,3,538,537.2,2.1679483388679754,128,1,538.2797648755584
3271,4,540,537.8,2.48997991959778,128,0,538.5560493117471
3272,4,540,537.8,2.489979919597836,128,1,538.5560493117471
3273,3,541,544.2,5.069516742254576,129,0,540.1846543988947
3274,1,542,544.8,4.969909455915661,129,1,540.1846543988947
3275,1,542,545.0,4.062019202317901,129,0,541.5364487202503
3276,0,552,545.2,4.438468204234346,129,0,543.2650859977491
3277,0,552,546.0,5.958187643906483,129,1,543.3867399478775
3278,1,556,547.0,6.633249580710746,129,0,543.6256366252004
3279,2,555,549.2,7.1902712048989645,129,0,546.2159764829336
3280,2,556,549.6,5.31977443130814,129,1,546.4548731602565
3281,3,558,552.6,6.308724118234927,129,0,549.9990656078963
3282,4,543,552.8,5.890670590009158,129,0,546.6686719549607
3283,1,517,515.4,5.128352561983297,130,1,516.2704305732593
3284,2,535,518.4,10.285912696499068,130,1,520.8872472869106
3285,2,535,518.4,10.285912696499055,130,0,520.8872472869106
3286,1,542,522.8,14.83913744123966,130,0,531.2545166324891
3287,1,542,522.8,14.83913744123967,130,1,531.2545166324891
3288,2,526,526.2,12.676750372236617,130,1,532.2110609978799
3289,2,526,526.2,12.676750372236604,130,0,532.2110609978799
3290,3,526,529.2,9.576011695899345,130,1,532.6657626476696
3291,3,526,529.2,9.576011695899329,130,0,532.6657626476696
3292,4,509,527.6,12.381437719425032,130,1,532.6657626476696
3293,4,509,527.6,12.381437719425024,130,0,532.6657626476696
3294,1,509,522.4,13.867227552759092,130,1,529.0422247974294
3295,1,509,522.4,13.867227552759084,130,0,529.0422247974294
3296,2,539,521.8,12.833549781724493,130,0,530.4971048011054
3297,2,539,521.8,12.833549781724502,130,1,530.4971048011054
3298,3,513,519.2,13.084341787036944,130,1,520.0295258009185
3299,3,513,519.2,13.08434178703693,130,0,520.0295258009185
3300,4,530,520.0,13.71130920080212,130,0,527.6702731275469
3301,4,530,520.0,13.71130920080213,130,1,527.6702731275469
3302,5,508,519.8,13.91761473816547,130,0,529.4695134393482
3303,5,508,519.8,13.91761473816548,130,1,529.4695134393482
3304,0,518,521.6,12.700393694685252,130,0,529.0422247974294
3305,0,518,521.6,12.700393694685264,130,1,529.0422247974294
3306,1,522,518.2,8.438009243891655,130,0,520.0295258009185
3307,2,525,520.6,8.294576541331143,130,0,527.6702731275469
3308,2,522,518.2,8.43800924389167,130,1,520.0295258009185
3309,3,519,518.4,6.426507605223926,130,0,520.0295258009185
3310,3,519,519.4,7.924645102463656,130,1,523.4487027412413
3311,4,507,518.2,6.833739825308043,130,0,520.0295258009185
3312,4,507,514.8,6.8337398253080295,130,1,514.2956535099203
3313,1,530,537.2,6.685805860179134,131,0,536.8248848718824
3314,1,530,535.2,7.463243262818218,131,1,535.8447793451635
3315,2,535,534.6,7.300684899377699,131,1,536.4545761447191
3316,0,540,533.2,4.438468204234604,131,1,535.1556755998714
3317,3,534,534.2,3.768288736283553,131,1,536.3188593487134
3318,5,535,536.4,6.655824516917894,131,0,538.2048497668088
3319,5,539,535.6,4.037325847637448,131,1,538.2903878181903
3320,1,546,538.8,4.764451699828796,131,1,539.2485542416161
3321,1,546,538.0,7.968688725255001,131,0,538.6647924355939
3322,2,549,541.6,5.941380311005306,131,1,540.9448408480541
3323,2,549,538.4,8.561541917201954,131,0,540.5446125504776
3324,3,543,542.2,5.890670590009382,131,1,539.7863642180106
3325,4,538,543.0,4.636809247747999,131,1,539.7863642180106
3326,4,543,540.6,7.893034904268891,131,0,539.1398111177693
3327,5,538,542.2,5.718391382199003,131,0,540.3919916757108
3328,5,538,542.8,4.868264577855367,131,1,540.3919916757108
3329,0,531,539.8,6.685805860178796,131,1,537.6849311140934
3330,1,542,538.4,4.722287581247146,131,1,539.1398111177693
3331,2,535,536.8,4.086563348340627,131,1,537.6826063578745
3332,3,531,541.4,7.092249290599393,131,0,538.2345705983029
3333,3,528,534.8,5.540758070878104,131,1,535.596854658727
3334,4,518,535.8,11.94571052721458,131,0,536.6124741770815
3335,4,518,530.8,8.871302046486784,131,1,532.6657626476696
3336,0,567,566.0,14.662878298615196,132,1,557.578913543313
3337,0,567,563.0,17.677669529663643,132,0,556.0256488457495
3338,0,543,562.8,17.949930361981917,132,1,551.2022693567332
3339,0,543,562.8,17.949930361981856,132,0,551.2022693567332
3340,1,545,562.6,18.187908071023408,132,0,551.2022693567332
3341,2,555,559.0,17.378147196982724,132,0,552.1632429441127
3342,3,549,551.8,9.654014708917655,132,0,547.1500865814592
3343,3,545,562.6,18.187908071023468,132,1,551.2022693567332
3344,2,547,538.8,8.757853618324534,133,0,540.2433557765261
3345,0,527,539.0,8.396427811873352,133,0,537.6849311140934
3346,0,547,535.2,9.038805230781378,133,1,538.4032040075962
3347,4,544,539.6,5.770615218501454,133,1,539.1398111177693
3348,4,544,540.6,8.443932733033838,133,0,539.1398111177693
3349,5,533,539.6,9.099450532861878,133,0,538.8893640502284
3350,5,533,539.0,6.363961030678971,133,1,538.8893640502284
3351,2,542,539.8,6.457553716385221,133,1,539.1398111177693
3352,2,542,538.6,8.324662155306985,133,0,539.1398111177693
3353,5,541,537.4,7.162401831788023,133,0,538.8853923332586
3354,5,541,541.4,5.2249401910453175,133,1,540.145666873046
3355,0,542,540.4,4.277849927241563,133,1,539.1398111177693
3356,0,542,540.4,4.277849927241548,133,0,539.1398111177693
3357,1,546,540.8,4.764451699828712,133,1,539.6487825391927
3358,1,546,540.8,4.764451699828698,133,0,539.6487825391927
3359,2,540,542.2,2.2803508501984324,133,0,539.7863642180106
3360,2,540,542.2,2.2803508501984604,133,1,539.7863642180106
3361,3,540,541.8,2.489979919597884,133,0,539.6590831835605
3362,4,550,543.6,4.3358966777358345,133,0,541.9132916763936
3363,2,516,530.4,12.300406497348057,134,1,532.6657626476696
3364,2,516,531.8,11.322543883774534,134,0,533.1914487160985
3365,0,535,533.2,11.166915420115007,134,1,534.5585170821876
3366,0,535,533.2,11.16691542011491,134,0,534.5585170821876
3367,1,537,534.2,11.256109452204171,134,0,537.051734662403
3368,1,537,534.2,11.256109452204267,134,1,537.051734662403
3369,2,521,529.0,9.772410142846155,134,1,532.6657626476696
3370,2,521,529.0,9.772410142846043,134,0,532.6657626476696
3371,3,529,527.6,8.98888202169783,134,1,532.6657626476696
3372,3,529,527.6,8.988882021697705,134,0,532.6657626476696
3373,4,518,528.0,8.366600265340898,134,1,532.6657626476696
3374,4,518,528.0,8.366600265340765,134,0,532.6657626476696
3375,5,530,527.0,7.582875444051707,134,1,533.4104997052109
3376,5,530,527.0,7.58287544405156,134,0,533.4104997052109
3377,1,524,524.4,5.128352561983465,134,1,530.0485887335523
3378,1,524,524.4,5.128352561983249,134,0,530.0485887335523
3379,2,536,527.4,6.767569726275633,134,1,533.9551095103702
3380,2,536,527.4,6.76756972627547,134,0,533.9551095103702
3381,3,539,529.4,8.590692637965828,134,0,534.1206426513455
3382,3,539,529.4,8.590692637965958,134,1,534.1206426513455
3383,4,535,532.8,5.890670590009479,134,1,534.2161772036334
3384,5,535,532.8,5.890670590009291,134,0,535.1270858193949
3385,5,509,528.6,12.340988615180017,134,1,533.8652013550005
3386,0,530,529.8,12.07062550160524,134,1,532.6657626476696
3387,0,530,532.8,5.890670590009291,134,0,533.3584557176413
3388,1,538,535.6,3.50713558335011,134,0,537.6847603604901
3389,1,538,530.2,12.357184145265562,134,1,534.1206426513455
3390,0,541,538.6,4.159326868617127,135,0,539.1398111177693
3391,0,541,538.0,4.472135954999536,135,1,538.5560493117471
3392,1,541,538.8,4.604345773288497,135,1,539.1398111177693
3393,1,541,539.2,4.266145801540346,135,0,539.1398111177693
3394,2,538,539.4,4.159326868617118,135,0,539.1398111177693
3395,2,538,537.6,3.5777087639996035,135,1,538.2797648755584
3396,3,545,539.6,4.449719092257421,135,0,539.1398111177693
3397,3,545,539.6,4.449719092257343,135,1,539.1398111177693
3398,4,533,539.6,4.449719092257343,135,1,538.2837365925283
3399,4,533,539.6,4.449719092257421,135,0,538.2837365925283
3400,5,535,538.4,4.774934554525276,135,1,539.1482800577857
3401,5,535,538.4,4.774934554525349,135,0,539.1482800577857
3402,1,534,537.0,4.847679857416347,135,0,537.5468895618689
3403,1,534,537.0,4.847679857416275,135,1,537.5468895618689
3404,3,543,538.0,5.567764362829975,135,1,538.5560493117471
3405,3,543,538.0,5.5677643628300375,135,0,538.5560493117471
3406,4,535,536.0,4.000000000000022,135,0,537.4701956630736
3407,4,535,536.0,3.999999999999935,135,1,537.4701956630736
3408,5,537,536.8,3.633180424916919,135,1,538.8853923332586
3409,0,537,536.8,3.633180424917015,135,0,538.2797648755584
3410,0,537,537.2,3.4928498393145264,135,1,538.2797648755584
3411,1,540,538.4,3.130495168499622,135,1,539.1398111177693
3412,1,540,537.8,3.701351104664381,135,0,538.5560493117471
3413,2,535,538.0,3.464101615137797,135,0,537.9588907940632
3414,2,535,536.8,2.049390153191778,135,1,537.6826063578745
3415,3,537,537.2,1.7888543819996776,135,1,538.2797648755584
3416,3,537,536.8,2.049390153191992,135,0,538.2797648755584
3417,4,540,537.8,2.167948338867961,135,0,538.5560493117471
3418,1,606,542.6,4.2778499272414505,136,1,542.457481787307
3419,1,606,542.6,4.277849927241443,136,0,542.457481787307
3420,2,540,542.8,4.086563348340463,136,1,539.7863642180106
3421,4,540,541.6,3.7815340802377526,136,1,539.5400394153459
3422,5,537,541.6,3.7815340802377526,136,1,540.145666873046
3423,2,539,540.2,2.949576240750463,136,1,539.1398111177693
3424,2,540,542.8,4.086563348340455,136,0,539.7863642180106
3425,3,539,539.0,1.2247448713914673,136,1,539.1398111177693
3426,3,539,541.4,3.911521443121525,136,0,539.5400394153459
3427,4,539,538.8,1.0954451150101974,136,1,539.1398111177693
3428,5,524,535.6,6.542170893518433,136,1,536.6713939635764
3429,5,539,541.8,3.4205262752973384,136,0,540.2647106412606
3430,0,551,542.8,5.215361924162075,136,0,541.5150014955094
3431,0,551,538.4,9.58123165360278,136,1,540.8684483952682
3432,1,538,538.2,9.576011695899282,136,1,539.1398111177693
3433,1,538,541.4,5.412947441089695,136,0,539.5400394153459
3434,2,539,541.2,5.495452665613591,136,0,539.5400394153459
3435,2,539,538.2,9.576011695899282,136,1,539.1398111177693
3436,3,540,538.4,9.607288899580354,136,1,539.1398111177693
3437,3,540,541.4,5.412947441089695,136,0,539.5400394153459
3438,4,544,542.4,5.319774431308109,136,0,539.7863642180106
3439,1,572,548.8,14.618481453283716,137,0,545.3517406609316
3440,0,528,545.8,17.38390059796707,137,0,539.8101049818742
3441,0,570,550.0,20.591260281974,137,0,547.094859419276
3442,5,572,550.8,12.275992831539128,137,1,550.0762063862622
3443,5,550,553.6,18.077610461562664,137,0,550.1899683521206
3444,0,571,558.2,19.188538245525624,137,0,553.1057232359102
3445,1,570,557.8,18.846750383023597,137,0,553.1057232359102
3446,2,571,556.2,14.307340773183531,137,1,553.6482521073716
3447,3,545,561.2,12.63724653553932,137,0,550.2222058131093
3448,3,522,552.4,20.52559377947443,137,1,543.8972874602465
3449,4,560,559.2,11.6490342947388,137,0,553.6482521073716
3450,2,552,544.0,6.204836822995406,138,0,541.9132916763936
3451,2,552,546.4,3.781534080237833,138,1,543.3867399478775
3452,3,538,545.4,5.272570530585642,138,1,541.6581026703786
3453,3,538,543.0,6.782329983125248,138,0,539.7863642180106
3454,4,556,547.0,7.483314773547864,138,0,543.6256366252004
3455,4,556,547.4,7.1274118724822,138,1,543.737236955455
3456,3,544,547.6,6.985699678629212,138,1,541.7697030006333
3457,3,543,547.4,7.127411872482163,138,0,541.7697030006333
3458,4,544,546.8,7.155417527999344,138,1,541.6581026703786
3459,4,544,546.6,7.266360849833959,138,0,541.6581026703786
3460,0,537,543.6,7.569676347110211,138,0,540.1846543988947
3461,1,547,545.4,6.949820141557605,138,0,542.7616473291354
3462,2,554,545.0,6.204836822995403,138,0,543.2650859977491
3463,3,545,545.4,6.107372593840962,138,0,541.6581026703786
3464,3,537,543.8,7.563068160475619,138,1,540.1846543988947
3465,4,556,547.8,7.596051605933165,138,0,543.737236955455
3466,4,556,547.4,8.354639429682182,138,1,543.737236955455
3467,0,540,536.4,3.847076812334167,139,1,538.1963808267925
3468,0,539,537.8,1.0954451150102429,139,0,538.5560493117471
3469,1,535,537.4,1.9493588689615988,139,1,537.6826063578745
3470,1,535,537.2,1.6431676725154474,139,0,537.6826063578745
3471,2,539,537.6,2.0736441353325863,139,1,538.2797648755584
3472,2,539,537.8,1.6431676725154474,139,0,538.5560493117471
3473,3,538,537.8,1.6431676725154474,139,0,538.5560493117471
3474,4,538,537.8,1.6431676725154474,139,0,538.5560493117471
3475,4,538,538.0,1.8708286933867615,139,1,538.5560493117471
3476,1,538,537.6,1.5165750888102485,139,0,538.2797648755584
3477,1,538,538.0,1.8708286933867615,139,1,538.5560493117471
3478,2,531,536.8,3.271085446759181,139,0,536.8248848718824
3479,2,531,536.2,3.271085446759117,139,1,536.6124741770815
3480,3,539,536.8,3.271085446759181,139,0,538.2797648755584
3481,3,539,537.0,3.391164991562527,139,1,538.2797648755584
3482,4,535,536.2,3.271085446759117,139,1,537.4701956630736
3483,5,538,536.2,3.271085446759117,139,1,538.6729816384576
3484,0,535,536.2,3.271085446759181,139,0,537.4701956630736
3485,0,534,535.4,3.2093613071761347,139,1,536.5667840351499
3486,1,536,536.4,2.073644135332612,139,1,538.0308476858172
3487,2,541,536.8,2.7748873851022093,139,1,538.2797648755584
3488,4,536,535.8,3.114482300479445,139,0,537.9018210397821
3489,2,576,547.8,17.880156598866815,140,0,543.8982916984683
3490,0,645,545.8,17.991664736760754,140,0,543.7866913682136
3491,4,562,552.0,16.926310879810774,140,0,548.8008197037218
3492,2,533,551.8,17.195929750961426,140,0,544.4960929386814
3493,5,543,551.0,17.564168070250304,140,0,545.0096457018936
3494,0,566,549.0,14.265342617687118,140,0,546.7186397662739
3495,0,645,554.4,12.239281024635408,140,1,552.3703627755849
3496,3,556,552.0,13.729530217745994,140,0,548.6397649607086
3497,3,556,556.2,11.519548602267385,140,1,552.944668492897
3498,4,557,551.0,12.980754985747184,140,0,547.3767172204174
3499,1,546,550.2,4.207136793592496,141,0,544.1480679881519
3500,1,546,556.8,14.113823011501951,141,1,549.1572986061717
3501,2,544,549.4,5.029910535983684,141,0,543.5603933482988
3502,2,544,555.8,14.95660389259547,141,1,548.2709779467845
3503,5,548,549.2,5.0695167422546,141,0,545.873523773208
3504,5,548,555.2,15.254507530562964,141,1,550.8077912356633
3505,0,551,549.2,5.0695167422546,141,0,545.8485339801845
3506,0,551,549.2,5.069516742254875,141,1,545.8485339801845
3507,1,524,542.6,10.714476188783095,141,0,538.4808954009676
3508,1,524,542.6,10.714476188783223,141,1,538.4808954009676
3509,2,555,544.4,12.095453691366853,141,0,541.9132916763936
3510,2,555,544.4,12.095453691366968,141,1,541.9132916763936
3511,3,550,545.6,12.3409886151799,141,0,543.3867399478775
3512,3,550,545.6,12.340988615180017,141,1,543.3867399478775
3513,4,556,547.2,13.217412757419655,141,0,543.6256366252004
3514,3,606,538.0,17.1172427686237,142,0,540.2896001957328
3515,5,606,541.8,18.806913622388954,142,1,544.1866614003759
3516,5,556,546.2,12.557866060760494,142,0,544.9242885100123
3517,3,569,554.2,11.5628716156498,142,0,552.3703627755849
3518,5,541,554.8,10.545141061171226,142,0,548.8445780063017
3519,5,569,544.6,22.029525641738157,142,1,544.4945685475927
3520,0,564,557.8,10.61602562167215,142,0,553.6482521073716
3521,0,564,549.4,23.351659469939158,142,1,546.6159279032697
3522,1,565,551.4,24.35775030662723,142,1,547.374515332781
3523,1,565,559.0,11.113055385446414,142,0,553.6482521073716
3524,2,563,560.4,11.081516141756037,142,0,555.3471123081414
3525,3,563,562.0,7.615773105863856,142,1,555.3471123081414
3526,3,559,558.4,9.989994994993715,142,0,553.2744469027278
3527,4,560,562.2,2.588435821108892,142,0,555.3471123081414
3528,5,540,540.8,2.28035085019975,143,1,540.145666873046
3529,0,538,539.6,1.67332005307,143,1,539.1398111177693
3530,0,538,541.2,4.147288270665473,143,0,539.5400394153459
3531,1,546,540.8,3.346640106137302,143,1,539.6487825391927
3532,0,539,541.0,3.1622776601694444,143,1,539.5400394153459
3533,0,546,540.8,3.3466401061362387,143,0,539.6487825391927
3534,1,543,541.2,3.271085446760267,143,1,539.5400394153459
3535,1,543,541.4,3.435112807463476,143,0,539.5400394153459
3536,2,547,542.6,4.037325847638196,143,1,540.8899088767673
3537,2,547,543.2,3.563705936241032,143,0,541.2881990576515
3538,3,542,543.4,3.2093613071774723,143,1,540.1846543988947
3539,3,542,543.2,3.563705936241032,143,0,540.1846543988947
3540,5,547,543.6,3.435112807464705,143,1,541.8938265153516
3541,5,547,545.0,2.3452078799116074,143,0,543.2456208367072
3542,0,541,544.0,2.828427124747643,143,1,540.1846543988947
3543,0,541,544.0,2.828427124746101,143,0,540.1846543988947
3544,0,531,541.6,6.542170893518991,143,1,538.2345705983029
3545,1,541,540.4,5.813776741500011,143,1,539.1398111177693
3546,1,541,543.6,3.130495168499628,143,0,540.1846543988947
3547,2,542,542.6,2.509980079602136,143,0,539.7863642180106
3548,2,542,540.4,5.813776741500011,143,1,539.1398111177693
3549,0,540,537.8,4.086563348340509,144,0,538.5560493117471
3550,1,540,538.2,4.266145801540374,144,1,539.1398111177693
3551,1,540,538.4,4.159326868617087,144,0,539.1398111177693
3552,2,537,538.4,4.159326868617087,144,0,539.1398111177693
3553,2,537,537.0,3.3166247903554957,144,1,538.2797648755584
3554,3,545,538.8,4.764451699828646,144,0,539.1398111177693
3555,3,545,538.8,4.764451699828713,144,1,539.1398111177693
3556,4,533,539.0,4.415880433164016,144,1,538.2837365925283
3557,4,533,539.0,4.415880433163943,144,0,538.2837365925283
3558,5,534,537.8,4.868264577855312,144,1,538.4288014557577
3559,5,534,537.8,4.868264577855246,144,0,538.4288014557577
3560,1,533,536.4,5.079370039680124,144,0,537.3403063015514
3561,1,533,536.4,5.079370039680187,144,1,537.3403063015514
3562,3,543,537.6,5.8991524815011065,144,1,538.2797648755584
3563,3,543,537.6,5.899152481501052,144,0,538.2797648755584
3564,4,535,535.6,4.219004621945806,144,0,537.0876018428063
3565,4,535,535.6,4.219004621945883,144,1,537.0876018428063
3566,5,537,536.4,3.974921382870447,144,1,538.8020082844927
3567,0,537,536.4,3.974921382870366,144,0,538.1963808267925
3568,0,537,537.0,3.741657386774038,144,1,538.2797648755584
3569,1,539,537.4,3.8470768123342807,144,0,538.2797648755584
3570,1,539,538.2,3.0331501776207377,144,1,539.1398111177693
3571,2,535,537.8,3.3466401061363142,144,0,537.9588907940632
3572,2,535,536.6,1.673320053068388,144,1,537.6826063578745
3573,3,537,536.6,1.6733200530681525,144,0,538.2797648755584
3574,3,537,537.0,1.4142135623733714,144,1,538.2797648755584
3575,4,540,537.6,1.949358868961787,144,0,538.2797648755584
3576,4,540,537.6,1.949358868961989,144,1,538.2797648755584
3577,5,541,541.2,5.761944116355202,145,0,540.145666873046
3578,0,551,542.0,6.928203230275595,145,1,541.5150014955094
3579,0,551,542.0,6.928203230275538,145,0,541.5150014955094
3580,2,544,542.6,6.949820141557706,145,1,539.7863642180106
3581,2,544,542.6,6.94982014155765,145,0,539.7863642180106
3582,0,571,547.8,14.65264481245624,145,0,544.4408205699297
3583,0,571,547.8,14.652644812456266,145,1,544.4408205699297
3584,2,545,550.4,12.074767078498937,145,1,544.0393248643051
3585,2,545,550.4,12.074767078498905,145,0,544.0393248643051
3586,3,541,550.4,12.074767078498937,145,1,544.0393248643051
3587,4,541,550.4,12.074767078498905,145,0,544.0393248643051
3588,4,542,548.6,12.621410380777649,145,1,542.1211197372484
3589,5,544,549.0,12.389511693363904,145,0,544.3963478347916
3590,5,544,548.6,12.621410380777649,145,1,543.0294487294493
3591,0,554,545.2,5.167204273105697,145,1,543.2650859977491
3592,0,554,551.0,12.18605760695398,145,0,546.9745639124449
3593,1,554,547.6,6.024948132556899,145,0,543.4983402781321
3594,1,554,547.0,6.480740698407997,145,1,543.3867399478775
3595,2,544,547.6,5.899152481501203,145,1,541.7697030006333
3596,2,544,547.4,6.148170459575826,145,0,541.7697030006333
3597,3,547,548.6,5.079370039680204,145,0,543.2246643960051
3598,4,556,551.0,5.196152422706713,145,0,547.2134605897678
3599,4,547,548.6,5.079370039680292,145,1,543.2246643960051
3600,1,536,529.4,6.949820141557672,146,0,533.9551095103702
3601,2,525,526.6,8.73498712076908,146,1,532.2110609978799
3602,2,525,528.0,7.000000000000049,146,0,532.6657626476696
3603,0,521,526.6,8.73498712076908,146,1,532.2110609978799
3604,0,521,527.6,7.402702209328749,146,0,532.6657626476696
3605,1,520,527.4,7.635443667528533,146,1,532.6657626476696
3606,2,522,524.8,6.5345237010819295,146,1,530.7631497525723
3607,3,517,521.0,2.915475947422877,146,1,529.0422247974294
3608,4,514,518.8,3.271085446759417,146,1,520.0295258009185
3609,5,520,518.6,3.130495168499899,146,1,521.8287661127198
3610,1,520,527.4,7.635443667528471,146,0,532.6657626476696
3611,1,534,521.4,7.668115805072411,146,1,529.7642294874158
3612,2,525,525.4,6.348228099241597,146,0,532.2110609978799
3613,2,525,522.0,7.842193570679144,146,1,529.0422247974294
3614,3,510,520.2,6.140032573203554,146,0,527.6702731275469
3615,3,510,520.6,9.42337519151187,146,1,527.6702731275469
3616,4,515,518.2,5.805170109480063,146,0,520.0295258009185
3617,4,515,520.8,9.257429448826562,146,1,529.0422247974294
3618,5,519,520.6,9.289779329994944,146,1,529.4695134393482
3619,5,519,517.8,5.630275304103772,146,0,518.0696708850606
3620,0,521,518.0,5.744562646538097,146,0,517.2822634119613
3621,0,521,518.0,5.744562646538148,146,1,517.2822634119613
3622,1,512,515.4,4.615192303685813,146,0,516.2704305732593
3623,1,512,515.4,4.615192303685877,146,1,516.2704305732593
3624,2,513,516.0,3.872983346207596,146,1,516.2704305732593
3625,3,513,516.0,3.872983346207521,146,0,516.2704305732593
3626,3,516,516.2,3.834057902536344,146,1,516.2704305732593
3627,4,520,516.4,4.03732584763745,146,1,516.2704305732593
3628,5,544,551.2,12.517987058628844,147,1,545.2273097700111
3629,1,553,550.4,12.177848742696687,147,1,546.6949079989398
3630,1,552,545.0,9.669539802906826,147,0,543.2650859977491
3631,2,545,542.6,7.092249290598812,147,0,539.7863642180106
3632,2,544,547.6,11.588787684654475,147,1,541.7697030006333
3633,5,606,545.8,4.9699094559156025,147,0,546.4883824216948
3634,0,548,547.6,3.209361307176151,147,0,543.1745044333416
3635,1,560,550.8,5.718391382198277,147,0,547.9170442042424
3636,1,606,544.6,7.503332592921585,147,1,542.8557719681911
3637,2,561,558.4,11.260550608207376,148,0,553.6482521073716
3638,2,561,558.2,11.12205017071942,148,1,553.6482521073716
3639,5,590,556.6,10.644247272588112,148,0,555.8074142893914
3640,5,590,556.6,10.644247272588135,148,1,555.8074142893914
3641,1,566,555.6,9.071934744033353,148,0,553.0943574358008
3642,2,563,557.6,9.44986772394193,148,0,553.6482521073716
3643,3,551,559.4,5.941380311005118,148,0,551.3366961142106
3644,3,566,555.6,9.07193474403338,148,1,553.0943574358008
3645,4,562,559.6,6.024948132556765,148,0,553.6482521073716
3646,4,562,557.4,9.316651759081696,148,1,553.6482521073716
3647,0,541,536.2,11.606032913963258,149,0,538.0673541807574
3648,1,548,537.6,12.700393694685266,149,1,539.6845663082667
3649,1,548,538.6,12.739701723352804,149,0,540.5446125504776
3650,3,542,543.6,4.159326868616874,149,0,540.1846543988947
3651,3,542,538.8,12.794530081249617,149,1,539.1398111177693
3652,4,545,544.4,3.911521443121793,149,1,540.1846543988947
3653,4,545,544.8,3.271085446758953,149,0,540.1846543988947
3654,5,544,545.4,2.607680962081371,149,1,542.5664316625796
3655,1,539,543.6,3.361547262794566,149,1,540.1846543988947
3656,2,531,540.2,5.630275304103859,149,1,537.6849311140934
3657,2,544,544.0,2.738612787525497,149,0,540.1846543988947
3658,3,542,540.2,5.630275304103859,149,1,539.1398111177693
3659,3,542,544.2,2.489979919597386,149,0,540.1846543988947
3660,4,527,536.6,7.300684899377725,149,1,536.8248848718824
3661,4,527,540.0,7.382411530116582,149,0,537.6849311140934
3662,0,532,538.0,8.031189202104397,149,0,537.1011693080711
3663,0,532,534.2,6.140032573203665,149,1,535.596854658727
3664,1,556,537.6,11.674759098157098,149,1,540.0084021530572
3665,2,556,540.2,11.27829774389726,149,0,540.8684483952682
3666,2,533,538.0,11.423659658795946,149,1,537.699974786506
3667,3,538,537.2,11.211601134539254,149,1,538.2797648755584
3668,3,538,539.0,11.09053650640933,149,0,539.1398111177693
3669,4,556,541.8,13.53513945255084,149,0,541.6266171383822
3670,4,556,543.0,12.083045973594643,149,1,541.7538981728324
3671,0,541,537.8,4.147288270665496,150,1,538.5560493117471
3672,0,541,538.2,3.898717737923558,150,0,539.1398111177693
3673,1,541,538.6,4.335896677735713,150,1,539.1398111177693
3674,1,541,539.0,3.9999999999999702,150,0,539.1398111177693
3675,2,537,537.4,3.5777087639996106,150,1,538.2797648755584
3676,2,537,539.0,3.9999999999999702,150,0,539.1398111177693
3677,3,544,539.2,4.266145801540258,150,1,539.1398111177693
3678,3,544,539.2,4.266145801540273,150,0,539.1398111177693
3679,4,533,539.2,4.266145801540258,150,1,538.2837365925283
3680,4,533,539.2,4.266145801540273,150,0,538.2837365925283
3681,5,534,537.8,4.658325879540797,150,1,538.4288014557577
3682,1,534,536.4,4.505552130427466,150,1,537.463505513103
3683,1,534,537.8,4.6583258795408105,150,0,537.8231739980575
3684,3,542,537.4,5.176871642217866,150,1,538.2797648755584
3685,3,542,538.0,4.84767985741629,150,0,538.5560493117471
3686,4,535,537.6,5.029910535983681,150,0,537.6826063578745
3687,4,535,535.6,3.64691650576202,150,1,537.0876018428063
3688,5,537,536.4,3.3615472627942404,150,1,538.8020082844927
3689,5,537,536.2,3.5637059362410466,150,0,538.6729816384576
3690,0,538,537.2,3.1144823004794264,150,0,538.2797648755584
3691,0,538,537.2,3.1144823004794,150,1,538.2797648755584
3692,1,539,538.2,2.5884358211088725,150,0,539.1398111177693
3693,1,539,538.2,2.588435821108841,150,1,539.1398111177693
3694,2,535,536.8,1.7888543819996716,150,1,537.6826063578745
3695,2,535,536.8,1.7888543819997174,150,0,537.6826063578745
3696,3,537,537.2,1.483239697418949,150,1,538.2797648755584
3697,3,537,537.2,1.4832396974190043,150,0,538.2797648755584
3698,4,540,537.8,1.9235384061670429,150,0,538.5560493117471
3699,4,540,537.8,1.9235384061670004,150,1,538.5560493117471
3700,5,549,435.6,111.63019304829662,151,1,504.5470852928435
3701,1,822,449.2,99.316161826764,151,1,487.2907281503555
3702,4,1119,475.8,73.99121569483763,151,1,490.27588290899035
3703,5,535,500.6,67.3223588416211,151,1,508.7709489950213
3704,6,356,460.6,83.6199736905004,151,1,405.1834016912327
3705,0,330,416.8,83.09452448868072,151,1,470.6348102322402
3706,1,330,402.8,92.04727046469088,151,1,472.35671796050764
3707,2,480,406.2,95.09048322518902,151,1,490.50576863870845
3708,4,529,405.0,93.07523838271892,151,1,490.2203964745835
3709,0,1107,437.6,99.91646510961029,151,1,483.99427304840003
3710,3,554,482.4,89.25973336281031,151,1,494.58897838009284
3711,0,532,522.8,27.12379029560601,151,1,529.4747718254691
3712,1,677,540.8,20.7292064488735,151,1,541.6874244180358
3713,2,570,549.0,22.89104628451969,151,1,546.1761108948125
3714,5,725,553.2,17.23948955160868,151,1,554.3118608894873
3715,0,541,542.6,3.361547262794252,152,1,539.7863642180106
3716,0,541,544.0,2.9154759474225185,152,0,540.1846543988947
3717,0,531,541.0,6.2048368229953885,152,1,538.2345705983029
3718,1,541,540.8,6.180614856144937,152,1,539.5400394153459
3719,1,541,543.0,2.9154759474225185,152,0,539.7863642180106
3720,2,542,539.6,4.878524367060124,152,1,539.1398111177693
3721,2,542,543.0,2.9154759474225185,152,0,539.7863642180106
3722,3,542,539.4,4.722287581246977,152,1,539.1398111177693
3723,3,542,541.8,0.8366600265336186,152,0,539.6590831835605
3724,4,538,538.8,4.658325879540783,152,1,539.1398111177693
3725,4,538,540.8,1.6431676725152484,152,0,539.5400394153459
3726,5,547,542.0,3.240370349203856,152,1,541.4955363344675
3727,5,547,542.0,3.2403703492038027,152,0,541.4955363344675
3728,1,539,541.6,3.50713558334997,152,1,539.5400394153459
3729,1,539,541.6,3.5071355833499216,152,0,539.5400394153459
3730,3,545,542.2,3.8340579025360975,152,1,539.7863642180106
3731,5,536,541.0,4.743416490252516,152,1,539.9801337320707
3732,5,545,542.2,3.834057902536053,152,0,540.3919916757108
3733,0,545,542.4,4.669047011971449,152,1,539.7863642180106
3734,1,545,542.8,4.02492235949952,152,0,539.7863642180106
3735,2,537,542.6,4.335896677735678,152,0,539.7863642180106
3736,2,539,540.8,4.024922359499554,152,1,539.5400394153459
3737,3,534,540.0,4.898979485566287,152,0,538.4069358040798
3738,3,534,539.8,5.069516742254571,152,1,538.4069358040798
3739,4,534,539.0,5.612486080160852,152,0,538.4069358040798
3740,4,534,537.6,4.61519230368566,152,1,537.5468895618689
3741,0,543,539.0,2.5495097567967977,153,1,539.1398111177693
3742,1,543,539.8,3.1144823004798265,153,1,539.1398111177693
3743,2,543,538.2,4.549725266430856,153,0,539.1398111177693
3744,2,529,537.8,5.805170109480169,153,1,537.1011693080711
3745,3,535,538.0,4.690415759823354,153,0,537.9588907940632
3746,3,535,537.2,5.932958789676701,153,1,537.6826063578745
3747,4,540,538.0,6.000000000000168,153,1,538.5560493117471
3748,4,540,537.4,4.0373258476371845,153,0,538.2797648755584
3749,5,531,537.0,4.636809247747781,153,0,537.2663984786446
3750,5,531,535.6,5.899152481501224,153,1,536.6713939635764
3751,1,540,535.0,5.049752469181247,153,1,537.2996593488394
3752,1,540,537.8,4.764451699828572,153,0,538.5560493117471
3753,2,536,536.4,3.781534080238084,153,1,538.0308476858172
3754,2,536,536.4,3.781534080237714,153,0,538.0308476858172
3755,3,536,536.6,3.7148351242012487,153,0,538.1142317345831
3756,4,536,535.8,3.1937438845341584,153,0,537.9018210397821
3757,4,536,536.6,3.7148351242016258,153,1,538.1142317345831
3758,5,536,535.8,3.1937438845345967,153,1,538.5074484974823
3759,5,536,536.8,1.7888543819996618,153,0,538.7198591922833
3760,0,538,537.2,1.7888543820004443,153,1,538.2797648755584
3761,0,538,536.4,0.8944271909995568,153,0,538.1963808267925
3762,1,539,537.0,1.4142135623728689,153,0,538.2797648755584
3763,1,539,537.0,1.4142135623738838,153,1,538.2797648755584
3764,2,541,538.0,2.121320343559492,153,0,538.5560493117471
3765,3,533,537.4,3.0495901363952718,153,0,537.4236903503173
3766,4,544,539.0,4.062019202317899,153,0,539.1398111177693
3767,4,541,538.0,2.1213203435601686,153,1,538.5560493117471
3768,1,527,529.6,3.2093613071759983,154,1,532.6657626476696
3769,1,527,527.6,4.722287581247022,154,0,532.6657626476696
3770,2,525,529.2,3.701351104664144,154,1,532.6657626476696
3771,2,525,527.0,4.847679857416313,154,0,532.2110609978799
3772,3,532,527.0,4.847679857416313,154,0,532.2110609978799
3773,4,525,525.8,4.324349662087912,154,0,532.2110609978799
3774,5,523,526.4,3.435112807463519,154,0,533.4104997052109
3775,5,532,528.8,3.114482300479261,154,1,533.8652013550005
3776,2,529,526.8,3.63318042491698,154,0,532.2110609978799
3777,2,529,529.0,3.082207001484261,154,1,532.6657626476696
3778,3,535,528.8,4.9193495504995415,154,0,533.5234841336617
3779,4,530,528.4,4.669047011971501,154,0,532.6657626476696
3780,4,535,529.6,3.974921382870177,154,1,533.5234841336617
3781,5,533,530.0,4.582575694955843,154,0,534.6281206843734
3782,0,521,529.6,5.366563145999503,154,0,532.6657626476696
3783,1,533,530.8,3.898717737923403,154,1,533.2645681261045
3784,1,515,526.8,8.497058314499196,154,0,532.2110609978799
3785,2,517,529.2,7.155417527999245,154,1,532.6657626476696
3786,2,517,523.2,7.949842765740709,154,0,529.7996366288131
3787,3,516,520.4,7.402702209328696,154,0,527.6702731275469
3788,4,520,517.8,2.588435821108937,154,0,516.2704305732593
3789,4,516,526.0,8.944271909999095,154,1,532.2110609978799
3790,1,532,537.2,4.324349662087901,155,1,536.8248848718824
3791,1,532,537.4,4.277849927241391,155,0,536.8248848718824
3792,2,541,538.0,4.636809247747824,155,1,538.5560493117471
3793,2,541,538.2,4.549725266430835,155,0,539.1398111177693
3794,0,542,539.2,4.764451699828542,155,0,539.1398111177693
3795,0,542,539.0,4.898979485566329,155,1,539.1398111177693
3796,1,540,538.2,4.147288270665509,155,1,539.1398111177693
3797,1,540,539.8,4.604345773288432,155,0,539.1398111177693
3798,2,537,538.4,4.037325847637144,155,0,539.1398111177693
3799,3,543,540.6,2.3021728866440525,155,0,539.1398111177693
3800,3,537,538.4,4.037325847637229,155,1,539.1398111177693
3801,4,533,538.6,3.64691650576206,155,1,538.2837365925283
3802,4,533,539.0,4.062019202317859,155,0,538.2837365925283
3803,5,534,537.4,4.159326868616962,155,0,538.152517019569
3804,5,534,537.2,3.834057902536139,155,1,538.152517019569
3805,1,533,536.0,4.242640687119164,155,0,537.2112796555164
3806,1,533,535.4,3.04959013639536,155,1,536.4435848235984
3807,3,542,537.0,5.049752469180937,155,0,538.2797648755584
3808,3,542,535.8,3.834057902536153,155,1,538.0673541807574
3809,5,535,535.4,3.781534080237671,155,0,537.3081282888558
3810,5,535,535.4,3.781534080237795,155,1,537.3081282888558
3811,0,537,536.2,3.563705936240948,155,0,538.0673541807574
3812,0,537,536.2,3.56370593624108,155,1,538.0673541807574
3813,1,539,537.2,3.4928498393144407,155,0,538.2797648755584
3814,2,534,537.4,3.2093613071760605,155,0,537.5468895618689
3815,2,539,537.2,3.4928498393145757,155,1,538.2797648755584
3816,3,537,538.0,2.645751311064552,155,1,538.5560493117471
3817,3,537,536.4,1.9493588689614856,155,0,538.1963808267925
3818,4,540,537.4,2.302172886644014,155,0,538.2797648755584
3819,4,540,537.6,1.949358868961736,155,1,538.2797648755584
3820,1,532,536.6,4.037325847637203,156,1,536.8248848718824
3821,1,543,539.0,3.240370349203934,156,0,539.1398111177693
3822,2,540,538.6,2.8809720581775897,156,0,539.1398111177693
3823,2,540,537.2,4.324349662087864,156,1,538.2797648755584
3824,0,542,538.4,4.722287581246978,156,1,539.1398111177693
3825,1,540,537.8,4.147288270665476,156,1,538.5560493117471
3826,1,542,539.6,3.04959013639538,156,0,539.1398111177693
3827,2,537,538.2,3.898717737923521,156,1,539.1398111177693
3828,2,537,539.6,3.04959013639538,156,0,539.1398111177693
3829,3,543,540.4,2.302172886644142,156,1,539.1398111177693
3830,3,543,541.0,2.5495097567963856,156,0,539.5400394153459
3831,4,532,538.8,4.438468204234415,156,0,537.6849311140934
3832,4,532,538.8,4.438468204234353,156,1,537.6849311140934
3833,3,534,537.2,4.438468204234353,156,1,537.5468895618689
3834,3,534,537.6,4.827007354458855,156,0,537.5468895618689
3835,4,535,536.2,4.207136793592517,156,0,537.4701956630736
3836,4,535,536.2,4.207136793592452,156,1,537.4701956630736
3837,5,537,536.2,4.207136793592452,156,1,538.6729816384576
3838,0,537,536.2,4.207136793592517,156,0,538.0673541807574
3839,0,537,535.0,2.1213203435595203,156,1,537.2996593488394
3840,1,539,536.4,1.9493588689616643,156,1,538.1963808267925
3841,1,539,535.4,2.701851217221268,156,0,537.2996593488394
3842,2,535,536.0,2.0000000000000178,156,0,537.4701956630736
3843,2,535,536.6,1.67332005306801,156,1,537.6826063578745
3844,3,537,536.6,1.6733200530681716,156,0,538.2797648755584
3845,3,537,537.0,1.4142135623729242,156,1,538.2797648755584
3846,4,540,537.6,1.9493588689618029,156,0,538.2797648755584
3847,4,540,537.6,1.9493588689616643,156,1,538.2797648755584
3848,1,536,536.4,1.8165902124583224,157,0,538.0308476858172
3849,1,536,536.4,1.8165902124583009,157,1,538.0308476858172
3850,2,538,536.2,1.483239697418906,157,0,538.0673541807574
3851,2,538,536.6,1.949358868961608,157,1,538.2797648755584
3852,3,537,536.2,1.4832396974188915,157,1,538.0673541807574
3853,3,537,536.2,1.483239697418906,157,0,538.0673541807574
3854,4,537,536.8,0.8366600265336569,157,0,538.2797648755584
3855,4,537,536.8,0.8366600265336314,157,1,538.2797648755584
3856,5,543,538.2,2.7748873851021774,157,1,539.7454385754695
3857,0,535,538.0,2.999999999999861,157,1,537.9588907940632
3858,0,543,538.2,2.774887385102185,157,0,539.1398111177693
3859,1,533,537.6,3.5777087639995577,157,0,537.4236903503173
3860,1,533,537.0,3.7416573867738303,157,1,537.4236903503173
3861,0,541,537.8,4.14728827066545,157,1,538.5560493117471
3862,0,541,538.2,3.898717737923484,157,0,539.1398111177693
3863,1,541,538.6,4.3358966777356684,157,1,539.1398111177693
3864,1,541,539.0,3.9999999999998983,157,0,539.1398111177693
3865,2,537,539.0,3.9999999999998983,157,0,539.1398111177693
3866,2,537,537.4,3.577708763999557,157,1,538.2797648755584
3867,3,544,539.2,4.266145801540213,157,1,539.1398111177693
3868,3,544,539.2,4.266145801540206,157,0,539.1398111177693
3869,4,533,539.2,4.266145801540206,157,0,538.2837365925283
3870,4,533,539.2,4.266145801540213,157,1,538.2837365925283
3871,1,544,538.8,6.300793600809374,158,1,539.1398111177693
3872,2,544,537.0,8.276472678623383,158,0,538.2797648755584
3873,2,538,537.8,5.848076606885405,158,1,538.5560493117471
3874,3,540,539.6,6.107372593840934,158,0,539.1398111177693
3875,3,540,540.0,3.162277660168448,158,1,539.1398111177693
3876,0,538,540.4,2.6076809620811394,158,1,539.1398111177693
3877,0,538,538.6,5.813776741499398,158,0,539.1398111177693
3878,0,538,539.6,2.6076809620811394,158,1,539.1398111177693
3879,2,544,541.6,2.60768096208092,158,0,539.5400394153459
3880,2,544,539.6,2.6076809620811394,158,1,539.1398111177693
3881,3,538,540.8,3.0331501776204943,158,0,539.5400394153459
3882,3,538,539.6,2.6076809620811394,158,1,539.1398111177693
3883,3,556,542.8,7.8230428862432175,158,1,541.7538981728324
3884,5,538,542.8,7.8230428862432175,158,1,540.3919916757108
3885,5,556,543.2,7.56306816047555,158,0,543.1481387040276
3886,0,539,543.0,7.68114574786854,158,0,539.7863642180106
3887,0,539,543.0,7.681145747868652,158,1,539.7863642180106
3888,3,631,545.8,7.949842765740656,158,0,544.329220239675
3889,4,569,550.8,12.872451204024792,158,0,547.9170442042424
3890,4,631,544.6,8.706319543871603,158,1,542.8557719681911
3891,0,543,538.0,2.8284271247461548,159,0,538.5560493117471
3892,1,558,541.8,9.576011695899291,159,1,541.9563955482131
3893,1,558,542.2,9.257429448826471,159,0,542.0836765826632
3894,2,540,542.4,9.28977932999488,159,1,539.7863642180106
3895,2,540,542.8,8.927485648266227,159,0,539.7863642180106
3896,0,542,543.6,8.619744775803989,159,1,540.1846543988947
3897,0,542,543.8,8.378544026261336,159,0,540.1846543988947
3898,3,540,544.6,7.602631123499263,159,0,540.1846543988947
3899,3,540,543.0,8.77496438739213,159,1,539.7863642180106
3900,4,533,542.6,9.26282894152754,159,1,539.0797008794025
3901,4,533,542.6,9.262828941527514,159,0,539.0797008794025
3902,5,534,537.8,4.024922359499653,159,1,538.4288014557577
3903,5,534,537.8,4.024922359499594,159,0,538.4288014557577
3904,3,533,536.4,4.277849927241455,159,0,537.3403063015514
3905,3,533,536.4,4.277849927241511,159,1,537.3403063015514
3906,4,535,535.0,2.9154759474225957,159,0,536.7025008311556
3907,4,535,535.0,2.9154759474226783,159,1,536.7025008311556
3908,5,536,534.2,1.3038404810405826,159,1,537.4918289791278
3909,0,536,534.2,1.3038404810403974,159,0,536.8862015214277
3910,0,537,535.0,1.581138830084228,159,1,537.2996593488394
3911,1,539,536.0,2.236067977499817,159,1,538.0673541807574
3912,1,539,535.4,2.3021728866441946,159,0,537.2996593488394
3913,2,535,536.4,1.6733200530681842,159,1,537.5992223091087
3914,2,535,535.6,2.190890230020591,159,0,537.0876018428063
3915,3,537,536.8,1.4832396974191742,159,1,538.2797648755584
3916,4,537,536.4,1.6733200530680503,159,0,538.1963808267925
3917,4,539,537.4,1.6733200530681949,159,1,538.2797648755584
3918,3,515,527.2,13.88164255410724,160,1,532.6657626476696
3919,4,515,527.2,13.881642554107238,160,0,532.6657626476696
3920,4,534,526.0,12.70826502713888,160,1,532.9330656878664
3921,5,544,528.0,14.882876066137252,160,0,535.4841952096144
3922,1,544,531.8,13.046072205840396,160,1,534.6463287197745
3923,1,523,529.6,13.501851724856154,160,0,532.6657626476696
3924,2,548,537.0,13.341664064126388,160,1,539.6845663082667
3925,2,548,534.8,14.788509052639528,160,0,538.4565360951112
3926,4,531,534.4,12.895735729302205,160,1,535.596854658727
3927,4,531,532.2,13.881642554107248,160,0,533.1914487160985
3928,0,528,534.8,10.709808588392267,160,0,535.596854658727
3929,0,528,537.0,8.602325267042715,160,1,536.8248848718824
3930,1,522,530.4,10.502380682492928,160,0,532.6657626476696
3931,2,550,535.8,12.497999839974431,160,0,539.7959914582563
3932,3,522,534.6,10.990905331227344,160,1,535.596854658727
3933,3,529,532.0,10.606601717798249,160,0,533.1914487160985
3934,4,556,537.0,15.000000000000025,160,0,540.0084021530572
3935,4,556,537.0,14.352700094407384,160,1,540.0084021530572
3936,0,536,538.8,1.9235384061675451,161,1,538.974277976794
3937,1,540,538.8,1.9235384061675969,161,0,539.1398111177693
3938,1,540,538.8,1.9235384061675451,161,1,539.1398111177693
3939,2,542,539.4,2.4083189157587905,161,1,539.1398111177693
3940,2,542,539.4,2.408318915758832,161,0,539.1398111177693
3941,3,535,538.8,3.1144823004797684,161,0,538.5426526000855
3942,3,535,538.8,3.1144823004797364,161,1,538.5426526000855
3943,4,537,538.0,2.915475947422945,161,0,538.5560493117471
3944,4,537,538.0,2.915475947422911,161,1,538.5560493117471
3945,5,541,539.0,2.915475947422911,161,1,539.7454385754695
3946,1,535,538.0,3.316624790355629,161,1,537.9588907940632
3947,1,541,539.0,2.915475947422945,161,0,539.1398111177693
3948,3,544,538.4,3.9749213828705545,161,1,539.1398111177693
3949,4,544,539.8,3.7013511046645897,161,0,539.1398111177693
3950,4,540,539.4,3.507135583350263,161,1,539.1398111177693
3951,5,540,540.0,3.240370349204178,161,1,539.7454385754695
3952,0,540,539.4,3.507135583350286,161,0,539.1398111177693
3953,0,536,539.0,3.605551275464212,161,1,538.974277976794
3954,1,541,540.2,2.863564212655549,161,1,539.1398111177693
3955,1,541,540.6,2.509980079602581,161,0,539.1398111177693
3956,2,539,541.0,1.87082869338744,161,0,539.5400394153459
3957,2,539,539.2,1.923538406167564,161,1,539.1398111177693
3958,3,540,540.8,1.923538406167588,161,0,539.5400394153459
3959,3,540,539.2,1.923538406167564,161,1,539.1398111177693
3960,4,533,538.6,3.209361307176513,161,0,538.2837365925283
3961,4,533,537.8,3.2710854467594688,161,1,537.699974786506
3962,0,540,534.2,9.148770409186152,162,0,537.051734662403
3963,0,545,538.8,7.014271166700077,162,0,539.1398111177693
3964,0,539,542.8,2.863564212655194,162,1,539.7863642180106
3965,2,546,540.2,7.726577508832742,162,0,539.2485542416161
3966,2,546,543.4,3.209361307176177,162,1,540.2933975227415
3967,3,543,540.2,7.726577508832742,162,0,539.1398111177693
3968,3,543,542.8,2.863564212655194,162,1,539.7863642180106
3969,4,556,546.0,6.041522986797268,162,0,543.6256366252004
3970,1,542,546.4,5.594640292279724,162,0,541.6581026703786
3971,1,556,545.0,6.670832032063132,162,1,543.503982675072
3972,4,549,547.2,5.630275304103676,162,0,543.0629041030869
3973,5,542,546.4,6.107372593840963,162,0,542.5664316625796
3974,0,530,543.8,9.65401470891771,162,0,538.8791855818517
3975,1,544,541.4,6.985699678629147,162,0,539.5400394153459
3976,2,543,541.6,7.021395872616737,162,0,539.5400394153459
3977,3,541,540.0,5.700877125495637,162,0,539.1398111177693
3978,4,546,540.8,6.300793600809304,162,0,539.6487825391927
3979,4,549,546.6,6.426507605223813,162,1,543.0629041030869
3980,1,529,531.8,6.140032573203583,163,1,533.1914487160985
3981,2,531,531.0,5.873670062235448,163,1,532.6657626476696
3982,0,531,532.2,5.974947698515887,163,0,533.1914487160985
3983,0,538,533.4,5.77061521850149,163,1,536.5814594070625
3984,1,540,535.8,5.449770637375586,163,1,538.0673541807574
3985,1,540,533.2,6.9065186599328205,163,0,535.1556755998714
3986,2,531,534.2,5.890670590009273,163,0,535.596854658727
3987,3,531,533.8,4.868264577855335,163,1,535.596854658727
3988,4,536,535.8,4.764451699828649,163,0,537.9018210397821
3989,4,514,530.8,10.232301793829226,163,1,532.6657626476696
3990,5,514,527.4,12.680693987317914,163,1,533.8652013550005
3991,1,515,522.8,12.02913130695648,163,1,529.7996366288131
3992,1,514,530.4,9.914635646356343,163,0,532.6657626476696
3993,2,533,530.8,9.98498873309329,163,0,533.2645681261045
3994,3,537,530.2,9.36482781475451,163,0,534.1206426513455
3995,3,533,521.4,9.710818709048192,163,1,529.6410302758643
3996,4,541,523.4,12.739701723352884,163,1,531.2545166324891
3997,4,541,532.2,10.56882207249226,163,0,534.6463287197745
3998,5,539,532.8,10.917875251164933,163,0,535.7242443370787
3999,0,539,528.4,13.030732903409564,163,1,534.1206426513455
4000,0,536,537.2,3.0331501776206253,163,0,538.1142317345831
4001,1,534,537.4,2.701851217221249,163,0,537.5468895618689
4002,1,534,532.4,10.285912696499068,163,1,534.0804604076277
4003,2,538,537.0,3.39116499156276,163,1,538.2797648755584
4004,2,538,537.6,2.701851217221249,163,0,538.2797648755584
4005,3,531,535.6,3.209361307176243,163,0,536.2298803568142
4006,3,531,536.6,4.037325847637381,163,1,536.8248848718824
4007,4,536,535.0,2.645751311064596,163,0,537.1341262078641
4008,4,536,535.6,3.209361307176386,163,1,537.5192272195148
4009,0,536,535.0,9.617692030835675,164,0,537.1341262078641
4010,0,536,533.2,7.981227975693922,164,1,534.9901424588961
4011,0,545,536.4,9.016651263079842,164,1,538.1963808267925
4012,0,545,535.0,9.617692030835675,164,0,537.2996593488394
4013,2,549,541.8,5.718391382198275,164,1,541.0638846162688
4014,2,549,539.0,10.606601717798217,164,0,540.5446125504776
4015,5,542,543.0,4.743416490252576,164,0,540.3919916757108
4016,0,542,543.0,4.7434164902525255,164,1,539.7863642180106
4017,0,566,547.6,11.326958991715294,164,0,544.4408205699297
4018,1,554,545.2,6.833739825307916,164,1,543.2650859977491
4019,1,554,551.2,9.418067742376872,164,0,546.9745639124449
4020,2,549,552.0,8.916277250063489,164,0,547.1500865814592
4021,3,549,547.8,4.549725266430859,164,1,543.1745044333416
4022,3,557,553.6,8.961026726887926,164,0,551.8300357917599
4023,4,562,557.6,6.655824516917465,164,0,553.6482521073716
4024,4,562,551.2,7.395944834840186,164,1,547.9170442042424
4025,4,554,561.4,6.76756972627565,165,1,554.4046320163438
4026,5,529,556.2,16.254230218623185,165,1,548.0459548744578
4027,0,562,555.0,15.362291495737324,165,1,552.7596285031171
4028,3,561,553.6,14.152738250953533,165,1,552.3703627755849
4029,4,547,553.4,7.36885337077624,165,0,548.8742108092949
4030,1,648,549.2,9.14877040918617,165,0,547.1584567747311
4031,1,648,554.2,14.65264481245632,165,1,552.3703627755849
4032,1,538,532.8,3.834057902536184,166,1,534.8133357213172
4033,1,534,533.2,3.834057902536184,166,1,534.4228002861819
4034,2,534,531.6,6.024948132556837,166,0,533.913453406085
4035,2,542,535.4,5.176871642217931,166,1,537.2996593488394
4036,3,547,539.2,5.35723809439156,166,1,540.2433557765261
4037,3,547,535.4,8.61974477580399,166,0,538.4032040075962
4038,2,538,536.0,8.689073598491394,166,0,538.0673541807574
4039,2,538,539.8,4.919349550499541,166,1,539.1398111177693
4040,3,537,538.8,4.868264577855251,166,0,539.1398111177693
4041,4,537,539.6,5.029910535983724,166,1,539.1398111177693
4042,4,541,539.4,4.929503017546513,166,0,539.1398111177693
4043,5,542,541.0,3.9370039370059335,166,0,540.145666873046
4044,5,542,541.2,3.962322551231793,166,1,540.145666873046
4045,0,541,539.8,2.1679483388679346,166,0,539.1398111177693
4046,0,541,541.0,3.93700393700591,166,1,539.5400394153459
4047,1,553,542.8,6.016643582596563,166,0,541.5150014955094
4048,1,553,542.2,6.379655163094623,166,1,541.5150014955094
4049,2,556,546.6,7.300684899377621,166,0,543.6256366252004
4050,2,556,545.8,8.228000972289683,166,1,543.6256366252004
4051,3,545,547.4,6.730527468185564,166,0,541.7697030006333
4052,3,545,547.4,6.730527468185541,166,1,541.7697030006333
4053,4,535,546.0,8.60232526704265,166,0,541.2103553393277
4054,4,535,546.0,8.602325267042634,166,1,541.2103553393277
4055,2,555,542.8,8.348652585896659,167,0,541.5150014955094
4056,5,547,542.8,9.338094023943077,167,1,541.4955363344675
4057,1,547,543.8,8.526429498916825,167,0,541.2881990576515
4058,2,533,542.4,9.787747442593798,167,1,539.0797008794025
4059,3,525,541.0,11.916375287813048,167,1,538.2345705983029
4060,3,535,542.8,9.338094023942949,167,0,539.3386168869597
4061,4,543,545.0,7.211102550927918,167,0,541.5364487202503
4062,4,543,540.6,11.781341180018575,167,1,539.1398111177693
4063,5,549,539.4,10.139033484509342,167,1,541.1502400081778
4064,5,549,545.8,7.429670248402628,167,0,543.9712330952879
4065,0,551,545.0,6.324555320336683,167,0,543.2650859977491
4066,0,551,540.2,11.009087155618374,167,1,540.8684483952682
4067,1,554,544.4,11.567194992737065,167,1,541.9132916763936
4068,2,550,549.4,4.037325847637464,167,1,545.2890306257976
4069,2,554,546.4,7.536577472566648,167,0,543.3867399478775
4070,3,542,547.8,5.167204273105437,167,0,541.7697030006333
4071,3,542,549.2,4.438468204234622,167,1,543.5603933482988
4072,4,558,550.8,5.9749476985158,167,0,547.5432389995987
4073,4,558,551.0,5.916079783099761,167,1,547.5432389995987
4074,5,542,555.8,15.77022510936354,168,0,549.1793069389854
4075,1,569,553.2,11.144505372604046,168,1,552.3703627755849
4076,1,569,558.0,16.881943016134137,168,0,553.1057232359102
4077,5,541,550.0,12.041594578792305,168,0,544.947653856506
4078,5,541,550.0,12.041594578792315,168,1,544.947653856506
4079,0,559,550.8,12.577758146824111,168,0,547.5432389995987
4080,0,559,550.8,12.577758146824124,168,1,547.5432389995987
4081,2,564,555.0,12.825755338380675,168,0,552.7596285031171
4082,2,564,555.0,12.82575533838069,168,1,552.7596285031171
4083,3,545,555.6,12.11610498468879,168,0,548.2709779467845
4084,3,545,555.6,12.116104984688802,168,1,548.2709779467845
4085,4,556,553.0,9.669539802906906,168,1,550.5647849655328
4086,0,546,540.6,9.370165420097992,169,0,539.2485542416161
4087,0,546,540.0,9.273618495495866,169,1,539.2485542416161
4088,1,512,538.2,14.703741020570256,169,0,537.6849311140934
4089,1,512,534.4,15.582040944626057,169,1,535.596854658727
4090,1,542,537.8,14.53272169966798,169,0,538.5560493117471
4091,2,544,538.0,14.62873883832781,169,0,538.5560493117471
4092,2,544,538.4,14.791889669680575,169,1,539.1398111177693
4093,3,537,537.0,14.456832294801062,169,1,538.2797648755584
4094,3,537,536.2,13.935566009315892,169,0,538.0673541807574
4095,4,541,535.2,13.217412757419682,169,0,537.2996593488394
4096,4,541,536.0,13.838352503098154,169,1,538.0673541807574
4097,5,549,542.6,4.39317652729778,169,0,541.796793108419
4098,5,549,536.6,14.432601983010647,169,1,540.2901937659668
4099,1,534,541.0,5.87367006223538,169,0,538.9565752882893
4100,1,534,541.0,5.873670062235592,169,1,538.9565752882893
4101,3,537,539.6,5.81377674149947,169,0,539.1398111177693
4102,3,537,539.6,5.813776741499685,169,1,539.1398111177693
4103,4,537,539.6,5.81377674149947,169,0,539.1398111177693
4104,5,530,537.4,7.092249290598868,169,0,537.2663984786446
4105,0,535,534.6,2.8809720581775986,169,0,536.4545761447191
4106,1,526,533.0,4.847679857416336,169,0,533.7007955961955
4107,2,544,534.4,6.877499545619769,169,0,537.051734662403
4108,3,537,539.6,5.813776741499685,169,1,539.1398111177693
4109,4,543,535.6,7.89303490426845,169,0,537.6847603604901
4110,4,537,538.8,5.848076606885607,169,1,539.1398111177693
4111,1,539,538.2,1.9235384061669911,170,0,539.1398111177693
4112,1,539,538.2,1.9235384061667693,170,1,539.1398111177693
4113,2,542,539.0,2.5495097567961165,170,1,539.1398111177693
4114,2,542,539.0,2.549509756796284,170,0,539.1398111177693
4115,4,535,538.2,3.1144823004792688,170,1,538.5426526000855
4116,4,535,538.2,3.1144823004794056,170,0,538.5426526000855
4117,1,541,538.4,3.286335345030796,170,1,539.1398111177693
4118,1,541,538.4,3.286335345030926,170,0,539.1398111177693
4119,3,543,540.0,3.16227766016831,170,0,539.1398111177693
4120,3,543,540.0,3.162277660168175,170,1,539.1398111177693
4121,4,540,540.2,3.1144823004792803,170,1,539.1398111177693
4122,4,540,540.2,3.114482300479417,170,0,539.1398111177693
4123,5,540,539.8,2.949576240750456,170,0,539.7454385754695
4124,5,540,539.8,2.949576240750311,170,1,539.7454385754695
4125,1,536,540.0,2.549509756796158,170,1,538.974277976794
4126,1,536,540.0,2.5495097567963256,170,0,538.974277976794
4127,3,539,539.6,2.50998007960216,170,0,539.1398111177693
4128,3,539,539.6,2.509980079601989,170,1,539.1398111177693
4129,4,533,537.6,3.0495901363953357,170,0,537.4236903503173
4130,4,533,537.6,3.0495901363951954,170,1,537.4236903503173
4131,0,523,531.0,11.401754250991363,171,1,532.6657626476696
4132,1,536,529.2,9.12140340079311,171,0,533.9551095103702
4133,1,536,529.2,9.121403400793078,171,1,533.9551095103702
4134,2,539,533.6,6.767569726275402,171,1,536.5814594070625
4135,2,539,533.6,6.767569726275444,171,0,536.5814594070625
4136,3,539,533.6,6.767569726275402,171,1,536.5814594070625
4137,5,539,533.6,6.767569726275444,171,0,537.492368022824
4138,5,536,534.6,6.655824516917441,171,1,537.4918289791278
4139,1,536,537.2,1.6431676725152635,171,1,538.1142317345831
4140,1,536,534.6,6.655824516917484,171,0,536.8862015214277
4141,2,544,538.8,3.271085446759116,171,1,539.1398111177693
4142,2,544,538.8,3.2710854467592028,171,0,539.1398111177693
4143,3,540,539.6,2.8809720581775675,171,0,539.1398111177693
4144,3,540,539.0,3.3166247903552915,171,1,539.1398111177693
4145,4,531,537.4,4.878524367060109,171,1,536.8248848718824
4146,4,531,538.0,4.847679857416317,171,0,537.1011693080711
4147,5,543,538.8,5.357238094391485,171,1,539.7454385754695
4148,5,543,538.8,5.357238094391544,171,0,539.7454385754695
4149,0,553,542.2,7.918333157931651,171,0,541.5150014955094
4150,0,553,542.2,7.91833315793161,171,1,541.5150014955094
4151,1,536,540.6,8.264381404557748,171,0,538.974277976794
4152,1,536,540.6,8.264381404557708,171,1,538.974277976794
4153,2,541,540.8,8.258329128825025,171,0,539.5400394153459
4154,2,541,540.8,8.258329128824984,171,1,539.5400394153459
4155,3,541,542.8,6.260990336999411,171,0,539.7863642180106
4156,4,541,542.8,6.26099033699936,171,1,539.7863642180106
4157,0,539,532.8,6.534523701081838,172,0,534.8133357213172
4158,0,538,536.0,2.7386127875258084,172,1,538.0673541807574
4159,1,542,538.0,2.7386127875258084,172,1,538.5560493117471
4160,1,542,536.8,3.834057902536229,172,0,538.2797648755584
4161,0,542,539.4,2.60768096208104,172,1,539.1398111177693
4162,0,542,538.8,3.27108544675932,172,0,539.1398111177693
4163,1,539,540.0,1.8708286933869496,172,1,539.1398111177693
4164,1,539,539.6,2.509980079602362,172,0,539.1398111177693
4165,2,537,539.6,2.3021728866442546,172,1,539.1398111177693
4166,2,537,539.8,2.1679483388680216,172,0,539.1398111177693
4167,3,536,539.2,2.774887385102317,172,1,538.974277976794
4168,3,536,539.2,2.7748873851024425,172,0,538.974277976794
4169,4,542,539.2,2.774887385102317,172,1,539.1398111177693
4170,5,533,537.4,3.3615472627943195,172,1,538.0293178080175
4171,5,542,539.2,2.7748873851024425,172,0,539.7454385754695
4172,1,534,536.4,3.50713558335003,172,1,537.463505513103
4173,1,534,537.6,3.049590136395502,172,0,537.5468895618689
4174,3,534,536.6,3.286335345031113,172,0,537.5468895618689
4175,3,534,535.8,3.63318042491698,172,1,537.3344788670679
4176,4,542,537.0,4.582575694955832,172,1,538.2797648755584
4177,4,542,537.6,4.098780306383929,172,0,538.2797648755584
4178,5,529,536.2,5.674504383644516,172,0,537.0539877838437
4179,5,529,534.4,4.722287581247025,172,1,536.0383682654892
4180,0,540,535.8,5.2153619241621145,172,1,538.0673541807574
4181,0,540,535.8,5.215361924162212,172,0,538.0673541807574
4182,1,554,539.8,9.444575162494086,172,1,540.8684483952682
4183,1,554,539.8,9.44457516249414,172,0,540.8684483952682
4184,2,539,540.8,8.927485648266272,172,1,539.5400394153459
4185,3,541,540.6,8.905054744357287,172,1,539.1398111177693
4186,4,539,540.8,8.927485648266329,172,0,539.5400394153459
4187,0,533,539.8,4.658325879540848,173,0,538.2837365925283
4188,1,543,541.8,2.774887385102444,173,1,539.6590831835605
4189,1,543,540.2,4.868264577855229,173,0,539.1398111177693
4190,2,540,541.6,2.8809720581777083,173,1,539.5400394153459
4191,2,540,540.4,4.827007354458861,173,0,539.1398111177693
4192,3,538,538.8,3.7013511046643335,173,0,539.1398111177693
4193,3,538,541.4,3.130495168499811,173,1,539.5400394153459
4194,4,542,540.6,1.9493588689619503,173,1,539.1398111177693
4195,4,542,539.2,3.962322551231768,173,0,539.1398111177693
4196,5,545,541.6,2.701851217221368,173,1,540.145666873046
4197,5,545,541.6,2.701851217221206,173,0,540.145666873046
4198,1,542,541.4,2.607680962081007,173,0,539.5400394153459
4199,1,542,541.4,2.607680962081175,173,1,539.5400394153459
4200,2,541,541.6,2.509980079602175,173,0,539.5400394153459
4201,2,541,541.6,2.5099800796023493,173,1,539.5400394153459
4202,3,538,541.6,2.509980079602175,173,0,539.5400394153459
4203,3,538,541.6,2.5099800796023493,173,1,539.5400394153459
4204,5,542,541.6,2.509980079602175,173,0,540.145666873046
4205,5,542,541.6,2.5099800796023493,173,1,540.145666873046
4206,0,538,540.2,2.04939015319187,173,0,539.1398111177693
4207,0,538,540.2,2.0493901531920837,173,1,539.1398111177693
4208,1,538,539.4,1.9493588689617447,173,0,539.1398111177693
4209,1,538,539.4,1.9493588689619687,173,1,539.1398111177693
4210,2,537,538.6,1.9493588689617447,173,0,539.1398111177693
4211,2,537,538.6,1.9493588689619687,173,1,539.1398111177693
4212,3,539,538.8,1.9235384061670853,173,0,539.1398111177693
4213,3,539,538.8,1.9235384061673124,173,1,539.1398111177693
4214,4,538,538.0,0.7071067811863817,173,0,538.5560493117471
4215,4,538,538.0,0.7071067811869997,173,1,538.5560493117471
4216,1,550,542.6,7.536577472566789,174,1,541.5150014955094
4217,1,550,542.6,7.5365774725666945,174,0,541.5150014955094
4218,2,542,542.2,7.496665925596606,174,1,539.7863642180106
4219,2,542,542.2,7.496665925596512,174,0,539.7863642180106
4220,3,541,544.4,3.646916505762234,174,1,540.1846543988947
4221,4,541,544.4,3.646916505762039,174,0,540.1846543988947
4222,4,533,541.8,6.058052492344457,174,1,538.9524198449524
4223,1,536,540.4,6.503845016603704,174,1,538.974277976794
4224,1,536,542.4,5.029910535983671,174,0,539.6208310770353
4225,4,536,537.6,3.7815340802379103,174,1,538.1142317345831
4226,5,533,535.8,3.271085446759343,174,1,537.8169071132165
4227,5,536,541.0,5.744562646537989,174,0,539.9801337320707
4228,0,563,543.6,11.19374825516455,174,0,542.8557719681911
4229,0,563,540.2,12.833549781724477,174,1,541.198226805099
4230,1,555,544.6,13.50185172485612,174,1,541.9132916763936
4231,1,555,546.2,12.194260945215142,174,0,543.3867399478775
4232,2,555,548.4,13.145341380123991,174,1,544.409260369134
4233,2,555,549.0,12.30853362509114,174,0,545.7761594744763
4234,3,559,553.0,11.661903789690614,174,1,550.8945633753636
4235,3,559,553.6,10.382677881933889,174,0,551.9965575709411
4236,4,535,553.4,10.807404868884984,174,0,547.3229188194873
4237,4,535,553.4,10.807404868885044,174,1,547.3229188194873
4238,1,545,541.4,2.7018512172209905,175,1,539.5400394153459
4239,0,547,541.4,3.781534080237967,175,0,540.6435840741026
4240,0,547,542.6,3.64691650576189,175,1,540.8899088767673
4241,5,550,543.8,4.7644516998287765,175,0,542.5189191340937
4242,5,550,544.6,4.505552130427353,175,1,542.5189191340937
4243,4,540,545.0,3.807886552931746,175,1,541.5364487202503
4244,5,355,507.4,85.27191800352563,175,1,481.2313054423178
4245,5,540,543.6,4.929503017546636,175,0,540.7902818565949
4246,0,556,509.6,86.6158184167303,175,1,499.35134352059055
4247,0,556,547.2,6.220932405998414,175,0,543.6256366252004
4248,1,557,550.0,6.964194138592143,175,0,547.0970613069123
4249,2,557,552.0,7.314369419163976,175,0,548.8030215913582
4250,2,557,511.6,87.8026195508995,175,1,501.4363284257947
4251,3,565,514.6,89.67887153616508,175,1,502.99025382104264
4252,4,565,555.0,9.137833441248596,175,0,552.7596285031171
4253,4,533,513.2,89.23676372437538,175,1,507.325912824511
4254,1,560,543.2,12.47798060585122,176,1,542.8557719681911
4255,2,522,535.6,11.193748255164556,176,0,536.2298803568142
4256,2,522,540.0,15.763882770434416,176,1,537.5299482997362
4257,3,525,533.0,11.97914855071092,176,0,533.7007955961955
4258,3,525,535.0,15.763882770434416,176,1,535.6897965308063
4259,4,543,538.2,15.352524222420202,176,1,539.1398111177693
4260,5,543,531.6,9.685040010242574,176,0,535.557237335536
4261,4,539,537.8,15.287249589118348,176,1,538.5560493117471
4262,5,551,536.4,12.401612798341976,176,0,540.5306455619915
4263,5,534,532.6,8.96102672688787,176,1,534.9913690233892
4264,0,553,538.8,10.40192289915662,176,1,540.8684483952682
4265,0,553,538.8,14.498275759551538,176,0,540.8684483952682
4266,1,554,544.6,8.734987120768924,176,1,541.9132916763936
4267,1,554,545.2,12.091319200153464,176,0,543.2650859977491
4268,2,544,549.0,5.147815070493454,176,0,543.4880188425907
4269,2,544,544.8,8.700574693662423,176,1,540.1846543988947
4270,3,542,548.8,5.449770637375433,176,0,542.1211197372484
4271,3,542,545.4,8.294576541331029,176,1,541.6581026703786
4272,4,556,549.8,6.340346993658879,176,1,546.9338046762628
4273,1,543,545.2,8.98331787259026,177,1,541.5364487202503
4274,1,558,544.6,9.262828941527577,177,0,542.4819667635473
4275,3,526,540.4,11.76010204037361,177,1,537.6849311140934
4276,3,526,541.8,12.537942414926007,177,0,538.3536143665175
4277,4,544,540.6,11.823705003085983,177,0,539.1398111177693
4278,4,544,542.2,11.410521460476712,177,1,539.7863642180106
4279,5,545,542.6,11.48041811085295,177,0,540.3919916757108
4280,3,547,543.6,11.502173707608469,177,1,541.2881990576515
4281,3,544,543.4,11.39298029490091,177,0,540.1846543988947
4282,5,541,540.0,7.968688725254635,177,0,539.7454385754695
4283,5,541,540.2,8.228000972289662,177,1,539.7454385754695
4284,0,559,546.6,7.092249290598875,177,0,543.9554150350313
4285,1,554,548.6,7.569676347110238,177,0,544.409260369134
4286,1,559,543.4,11.88696765369536,177,1,542.4819667635473
4287,2,542,546.6,7.300684899377589,177,1,541.6581026703786
4288,2,542,548.0,8.031189202104516,177,0,541.7697030006333
4289,3,559,551.0,8.916277250063514,177,0,547.5432389995987
4290,3,559,549.6,8.87693640846885,177,1,546.7846515700874
4291,4,556,554.0,7.035623639735157,177,0,551.6667791611103
4292,4,556,551.4,9.126883367283703,177,1,547.2134605897678
4293,2,556,545.6,14.9766484902331,178,1,543.6256366252004
4294,1,539,543.6,15.56598856481658,178,0,540.1846543988947
4295,1,539,548.8,9.731392500562349,178,1,542.1211197372484
4296,4,547,549.4,9.449867723942022,178,1,544.6639380070555
4297,5,547,545.4,15.27416118809804,178,0,543.6699763213363
4298,5,523,545.4,15.274161188098056,178,1,541.0968489945986
4299,0,563,553.4,10.26157882589228,178,0,552.3703627755849
4300,0,563,545.6,15.549919613940157,178,1,544.329220239675
4301,1,557,552.4,9.423375191511836,178,0,548.8030215913582
4302,1,557,545.8,15.722595205626869,178,1,543.78889325585
4303,2,545,550.2,9.654014708917776,178,0,544.0393248643051
4304,2,545,547.0,15.29705854077839,178,1,541.6581026703786
4305,3,562,550.0,16.7032930884901,178,1,547.094859419276
4306,3,562,554.8,8.378544026261407,178,0,552.5359456391475
4307,4,557,556.8,7.155417527999385,178,0,553.1079251235466
4308,4,557,556.8,7.155417527999407,178,1,553.1079251235466
4309,1,545,540.4,4.979959839195461,179,1,539.1398111177693
4310,1,545,540.4,4.979959839195522,179,0,539.1398111177693
4311,1,531,537.6,5.6391488719487,179,0,536.8248848718824
4312,1,531,537.6,5.639148871948646,179,1,536.8248848718824
4313,4,542,538.0,5.916079783099591,179,1,538.5560493117471
4314,4,542,538.0,5.916079783099643,179,0,538.5560493117471
4315,5,539,538.0,5.916079783099591,179,1,539.1616767694472
4316,1,539,538.0,5.916079783099643,179,0,538.5560493117471
4317,1,575,546.4,16.816658407662324,179,1,543.7866913682136
4318,2,552,541.8,7.726577508832773,179,0,541.3877204610593
4319,4,537,540.2,7.726577508832773,179,0,539.1398111177693
4320,4,552,547.8,16.961721610732795,179,1,542.9558114066707
4321,5,551,544.2,6.9065186599328205,179,0,542.5189191340937
4322,5,551,551.8,14.131525041551608,179,1,548.9417547728375
4323,0,566,556.6,14.046351839534712,179,1,553.6482521073716
4324,1,545,557.8,12.316655390161726,179,1,548.8248726183552
4325,2,566,549.0,11.68332144554793,179,0,546.7186397662739
4326,2,535,549.8,11.300442469213294,179,1,543.5915775332542
4327,3,533,546.0,13.37908816025963,179,1,540.9514393317705
4328,3,533,547.8,13.179529581893275,179,0,541.0630396620252
4329,4,530,543.4,14.976648490233048,179,0,538.8791855818517
4330,5,543,434.8,239.7450729420732,180,1,505.8400826663068
4331,5,543,435.0,239.85099541173477,180,0,505.8400826663068
4332,2,543,435.2,239.9681228830196,180,1,497.4758992182359
4333,2,543,436.2,240.5030145341218,180,0,497.4758992182359
4334,3,549,543.8,5.167204273104124,180,1,541.589455831603
4335,3,549,437.8,241.39946147413005,180,0,498.57410229725497
4336,4,530,542.6,7.569676347109282,180,1,538.4808954009676
4337,4,530,542.6,7.569676347110231,180,0,538.4808954009676
4338,5,535,540.0,7.4833147735478915,180,0,539.1482800577857
4339,0,566,544.6,14.010710188994702,180,0,542.8557719681911
4340,0,535,540.0,7.483314773546931,180,1,538.5426526000855
4341,1,554,546.8,14.549914089093448,180,0,543.3867399478775
4342,1,554,542.2,9.833615815150884,180,1,541.5150014955094
4343,2,533,543.6,15.662056059151368,180,0,539.4779910602866
4344,2,533,540.2,10.616025621671495,180,1,538.2837365925283
4345,3,560,542.4,13.61249426078799,180,1,542.457481787307
4346,3,560,549.6,14.876155417311285,180,0,547.1584567747311
4347,4,531,548.8,15.927962832703985,180,0,540.6606681058482
4348,4,531,542.6,13.39029499301588,180,1,538.4808954009676
4349,1,542,541.4,1.8165902124583944,181,1,539.5400394153459
4350,1,542,541.4,1.8165902124581887,181,0,539.5400394153459
4351,0,539,541.0,2.1213203435593813,181,0,539.5400394153459
4352,0,539,541.0,2.121320343559557,181,1,539.5400394153459
4353,1,543,540.8,1.7888543819997391,181,1,539.5400394153459
4354,1,543,540.8,1.7888543819995306,181,0,539.5400394153459
4355,2,540,540.6,1.8165902124584044,181,1,539.1398111177693
4356,2,540,540.6,1.816590212458199,181,0,539.1398111177693
4357,3,537,540.2,2.3874672772626027,181,1,539.1398111177693
4358,3,537,540.2,2.3874672772624463,181,0,539.1398111177693
4359,4,542,540.2,2.3874672772626027,181,1,539.1398111177693
4360,5,543,541.0,2.549509756796331,181,1,540.145666873046
4361,5,542,540.2,2.3874672772624463,181,0,539.7454385754695
4362,2,541,540.6,2.302172886644199,181,1,539.1398111177693
4363,2,541,540.6,2.302172886644037,181,0,539.1398111177693
4364,3,538,540.2,2.5884358211089014,181,1,539.1398111177693
4365,3,538,539.6,2.073644135332523,181,0,539.1398111177693
4366,5,542,540.0,2.345207879911495,181,0,539.7454385754695
4367,5,542,541.2,1.9235384061670449,181,1,540.145666873046
4368,0,537,540.2,2.5884358211089014,181,1,539.1398111177693
4369,0,537,540.0,2.345207879911495,181,0,539.1398111177693
4370,1,537,539.0,2.345207879911495,181,0,539.1398111177693
4371,2,537,539.0,2.3452078799116616,181,1,539.1398111177693
4372,2,536,538.0,2.345207879911495,181,0,538.3905161707718
4373,3,538,538.0,2.345207879911495,181,0,538.5560493117471
4374,3,538,538.4,2.0736441353327115,181,1,539.1398111177693
4375,4,538,537.2,0.8366600265334531,181,0,538.2797648755584
4376,4,538,538.4,2.0736441353327115,181,1,539.1398111177693
4377,0,526,535.0,5.196152422706526,182,0,535.8447793451635
4378,1,532,534.2,5.310367218940601,182,0,535.596854658727
4379,1,521,531.2,7.726577508832685,182,0,532.6657626476696
4380,2,537,531.0,7.516648189186401,182,0,534.1206426513455
4381,3,536,532.0,10.271319292087083,182,1,534.4807955787992
4382,3,522,527.6,6.804410334481544,182,0,532.6657626476696
4383,4,535,529.4,7.436396977031233,182,0,533.5234841336617
4384,5,523,527.6,7.733045971672436,182,0,533.8652013550005
4385,0,542,531.8,8.871302046486715,182,0,534.6463287197745
4386,1,540,532.4,9.396807968666772,182,0,534.8133357213172
4387,2,529,533.8,7.854934754662152,182,0,535.596854658727
4388,3,536,534.0,7.905694150420907,182,0,536.8862015214277
4389,4,536,536.6,4.979959839195428,182,0,538.1142317345831
4390,5,529,534.0,4.847679857416266,182,0,536.0383682654892
4391,0,515,529.0,8.573214099741088,182,0,532.6657626476696
4392,1,511,525.4,11.760102040373598,182,0,532.2110609978799
4393,2,535,534.8,8.228000972289705,182,1,536.4545761447191
4394,2,527,523.6,10.33440854621101,182,0,529.7996366288131
4395,3,518,520.0,7.745966692414787,182,0,527.6702731275469
4396,4,517,517.6,5.899152481500989,182,0,516.2704305732593
4397,1,526,518.6,5.079370039679939,183,1,520.0295258009185
4398,1,530,520.6,7.266360849833879,183,0,527.6702731275469
4399,0,530,522.2,5.5856960175074,183,1,529.0422247974294
4400,0,530,524.2,6.340346993658817,183,0,530.0485887335523
4401,1,519,524.4,6.107372593840847,183,0,530.0485887335523
4402,1,519,522.4,5.412947441089554,183,1,529.0422247974294
4403,2,529,526.8,4.65832587954067,183,0,532.2110609978799
4404,3,529,524.2,5.890670590009078,183,1,530.0485887335523
4405,3,532,528.0,5.147815070493341,183,0,532.6657626476696
4406,4,530,528.0,5.147815070493341,183,0,532.6657626476696
4407,1,530,526.8,4.658325879540615,183,1,532.2110609978799
4408,1,518,525.6,6.58027355054472,183,0,532.2110609978799
4409,2,524,526.6,5.639148871948531,183,0,532.2110609978799
4410,3,524,526.4,4.827007354458644,183,1,532.2110609978799
4411,3,530,526.8,5.761944116355039,183,0,532.2110609978799
4412,4,525,525.4,4.39317652729751,183,1,532.2110609978799
4413,4,525,525.4,4.97995983919533,183,0,532.2110609978799
4414,5,528,525.0,4.58257569495566,183,0,533.4104997052109
4415,0,520,525.4,3.847076812334049,183,0,532.2110609978799
4416,0,528,527.2,2.5884358211085403,183,1,532.6657626476696
4417,1,529,526.4,4.037325847637064,183,0,532.2110609978799
4418,2,534,527.2,5.1672042731053525,183,0,533.387767337656
4419,3,516,525.4,7.26636084983385,183,0,532.2110609978799
4420,4,525,524.8,7.1203932475670255,183,0,530.7631497525723
4421,4,529,527.2,2.5884358211085403,183,1,532.6657626476696
4422,1,544,543.0,1.7320508075689491,184,0,539.7863642180106
4423,0,543,543.6,0.5477225575058899,184,1,540.1846543988947
4424,0,543,543.6,0.547722557505397,184,0,540.1846543988947
4425,1,540,542.8,1.6431676725155642,184,0,539.7863642180106
4426,2,543,542.6,1.5165750888103748,184,0,539.7863642180106
4427,2,540,542.8,1.6431676725157285,184,1,539.7863642180106
4428,3,542,542.4,1.5165750888105527,184,1,539.7863642180106
4429,3,542,542.4,1.5165750888103748,184,0,539.7863642180106
4430,4,533,540.4,4.393176527297837,184,1,538.2837365925283
4431,4,533,540.2,4.20713679359256,184,0,538.2837365925283
4432,5,545,540.6,4.615192303685762,184,0,539.7454385754695
4433,5,545,540.6,4.615192303685798,184,1,539.7454385754695
4434,1,540,540.6,4.615192303685762,184,0,539.1398111177693
4435,1,540,540.0,4.415880433163996,184,1,539.1398111177693
4436,2,542,540.4,4.50555213042756,184,0,539.1398111177693
4437,2,542,540.4,4.5055521304275965,184,1,539.1398111177693
4438,3,542,540.4,4.50555213042756,184,0,539.1398111177693
4439,3,542,540.4,4.5055521304275965,184,1,539.1398111177693
4440,4,543,542.4,1.8165902124586897,184,1,539.7863642180106
4441,5,543,542.4,1.8165902124586,184,0,540.3919916757108
4442,5,541,541.6,1.140175425099442,184,1,540.145666873046
4443,0,542,541.8,1.095445115010499,184,0,539.6590831835605
4444,1,545,542.8,1.3038404810406916,184,0,539.7863642180106
4445,1,542,542.0,0.7071067811870299,184,1,539.7863642180106
4446,2,545,542.6,1.5165750888105294,184,1,539.7863642180106
4447,2,545,543.4,1.5165750888104568,184,0,540.1846543988947
4448,3,547,543.6,2.408318915758591,184,1,541.2881990576515
4449,3,547,544.4,1.949358868961914,184,0,541.2881990576515
4450,4,548,545.4,2.3021728866443767,184,0,543.0629041030869
4451,2,540,541.4,3.0495901363954694,185,1,539.5400394153459
4452,3,537,541.0,3.5355339059327364,185,0,539.5400394153459
4453,3,537,541.0,3.535533905932816,185,1,539.5400394153459
4454,4,542,540.2,2.387467277262775,185,1,539.1398111177693
4455,4,542,540.2,2.3874672772626577,185,0,539.1398111177693
4456,5,544,541.2,2.7748873851023053,185,0,540.145666873046
4457,5,544,541.2,2.7748873851024065,185,1,540.145666873046
4458,1,541,540.8,2.5884358211089453,185,0,539.5400394153459
4459,1,541,540.8,2.5884358211090537,185,1,539.5400394153459
4460,2,541,541.0,2.5495097567964926,185,1,539.5400394153459
4461,2,541,541.0,2.5495097567963825,185,0,539.5400394153459
4462,3,538,541.2,2.167948338867879,185,0,539.5400394153459
4463,3,538,541.2,2.1679483388680083,185,1,539.5400394153459
4464,5,542,541.2,2.1679483388680083,185,1,540.145666873046
4465,5,542,541.2,2.167948338867879,185,0,540.145666873046
4466,0,537,539.8,2.1679483388680083,185,1,539.1398111177693
4467,0,537,539.8,2.167948338867879,185,0,539.1398111177693
4468,1,537,539.0,2.3452078799117104,185,0,539.1398111177693
4469,1,537,539.0,2.34520787991183,185,1,539.1398111177693
4470,2,537,538.2,2.167948338867879,185,0,539.1398111177693
4471,2,537,538.2,2.1679483388680083,185,1,539.1398111177693
4472,3,539,538.4,2.190890230020664,185,0,539.1398111177693
4473,3,539,538.4,2.190890230020792,185,1,539.1398111177693
4474,4,538,537.6,0.8944271909998984,185,0,538.2797648755584
4475,4,538,537.6,0.8944271910002122,185,1,538.2797648755584
4476,3,532,540.4,6.949820141557568,186,1,537.6849311140934
4477,5,542,541.4,6.693280212272551,186,1,540.145666873046
4478,0,532,540.4,6.949820141557664,186,0,537.6849311140934
4479,0,535,538.6,5.549774770204577,186,1,538.5426526000855
4480,3,542,541.4,6.693280212272651,186,0,539.5400394153459
4481,3,542,539.4,5.727128425310478,186,1,539.1398111177693
4482,1,537,539.0,5.291502622129234,186,0,539.1398111177693
4483,1,537,537.6,4.393176527297672,186,1,538.2797648755584
4484,3,542,539.6,3.361547262794199,186,1,539.1398111177693
4485,3,542,539.8,5.4037024344425735,186,0,539.1398111177693
4486,5,546,540.4,4.393176527297672,186,1,539.8541816993163
4487,5,546,539.8,5.4037024344425735,186,0,539.8541816993163
4488,0,541,541.6,3.2093613071761293,186,1,539.5400394153459
4489,0,541,541.6,3.2093613071763527,186,0,539.5400394153459
4490,1,524,538.0,8.455767262643924,186,0,537.1011693080711
4491,1,524,538.0,8.455767262643839,186,1,537.1011693080711
4492,2,546,539.8,9.121403400793069,186,1,539.2485542416161
4493,3,546,539.8,9.121403400793149,186,0,539.2485542416161
4494,3,548,541.0,9.84885780179607,186,1,540.9448408480541
4495,1,542,538.2,4.324349662087979,187,1,539.1398111177693
4496,2,539,537.8,4.086563348340662,187,0,538.5560493117471
4497,2,539,537.8,4.086563348340568,187,1,538.5560493117471
4498,0,540,539.0,3.535533905932812,187,1,539.1398111177693
4499,0,540,539.0,3.5355339059329216,187,0,539.1398111177693
4500,1,543,539.4,3.91152144312166,187,1,539.1398111177693
4501,2,543,539.4,3.911521443121759,187,0,539.1398111177693
4502,2,539,540.6,1.8165902124586624,187,1,539.1398111177693
4503,3,537,539.6,2.19089023002081,187,1,539.1398111177693
4504,3,537,540.2,2.387467277262961,187,0,539.1398111177693
4505,4,542,540.2,2.387467277262961,187,0,539.1398111177693
4506,4,542,540.2,2.3874672772627914,187,1,539.1398111177693
4507,1,595,540.8,2.683281572999866,187,1,542.0122892213798
4508,1,595,541.0,2.549509756796667,187,0,542.0122892213798
4509,2,541,540.4,2.4083189157585854,187,1,539.1398111177693
4510,2,541,541.2,2.4899799195980283,187,0,539.5400394153459
4511,3,538,540.2,2.588435821109239,187,0,539.1398111177693
4512,3,538,540.2,2.5884358211090825,187,1,539.1398111177693
4513,5,542,541.2,1.9235384061674992,187,0,540.145666873046
4514,5,542,541.2,1.9235384061672884,187,1,540.145666873046
4515,0,537,540.2,2.5884358211090825,187,1,539.1398111177693
4516,0,537,540.2,2.588435821109239,187,0,539.1398111177693
4517,1,537,539.0,2.3452078799120346,187,0,539.1398111177693
4518,1,537,539.0,2.345207879911862,187,1,539.1398111177693
4519,2,537,538.2,2.167948338868043,187,1,539.1398111177693
4520,3,537,538.2,2.167948338868229,187,0,539.1398111177693
4521,3,538,538.2,2.167948338868043,187,1,539.1398111177693
4522,4,538,538.2,2.167948338868229,187,0,539.1398111177693
4523,4,538,537.4,0.5477225575058641,187,1,538.2797648755584
4524,0,540,539.0,10.999999999999986,188,1,539.1398111177693
4525,0,520,539.8,11.233877335986865,188,0,537.6849311140934
4526,0,550,539.6,11.610340218959978,188,1,540.8684483952682
4527,1,545,540.2,11.840608092492529,188,1,539.1398111177693
4528,4,542,539.4,11.480418110852918,188,1,539.1398111177693
4529,5,545,540.0,11.3357840487546,188,0,539.7454385754695
4530,5,523,540.0,10.222524150130427,188,1,538.1264447208556
4531,0,554,541.4,12.75931032618924,188,0,541.2686766928447
4532,0,554,542.8,11.987493482792804,188,1,541.5150014955094
4533,1,563,545.6,16.040573555830203,188,0,543.7866913682136
4534,2,555,547.4,16.59216682654798,188,0,542.9558114066707
4535,2,563,545.4,14.976648490233051,188,1,544.329220239675
4536,0,540,539.8,1.3038404810401902,189,1,539.1398111177693
4537,0,540,539.2,1.3038404810405062,189,0,539.1398111177693
4538,1,534,537.8,2.280350850198256,189,0,537.8231739980575
4539,2,534,538.4,2.7018512172210865,189,1,538.4069358040798
4540,3,537,537.6,2.3021728866442484,189,0,538.2797648755584
4541,3,540,538.2,2.48997991959755,189,1,539.1398111177693
4542,4,540,537.8,2.489979919597737,189,0,538.5560493117471
4543,4,540,538.6,2.6076809620808694,189,1,539.1398111177693
4544,5,542,538.6,3.1304951684996936,189,0,539.7454385754695
4545,1,542,539.2,3.033150177620451,189,1,539.1398111177693
4546,1,535,537.6,3.3615472627943155,189,0,537.6826063578745
4547,2,544,539.6,3.64691650576208,189,0,539.1398111177693
4548,2,544,540.0,3.741657386773805,189,1,539.1398111177693
4549,3,539,541.0,1.999999999999746,189,1,539.5400394153459
4550,3,539,540.0,3.3911649915626163,189,0,539.1398111177693
4551,4,545,541.0,4.062019202317965,189,0,539.5400394153459
4552,4,545,542.0,2.5495097567961933,189,1,539.7863642180106
4553,5,544,542.8,2.3874672772624552,189,1,540.3919916757108
4554,5,544,541.4,4.277849927241475,189,0,540.145666873046
4555,1,542,542.8,2.3874672772624552,189,1,539.7863642180106
4556,1,542,542.8,2.38746727726265,189,0,539.7863642180106
4557,2,542,542.4,2.3021728866442484,189,0,539.7863642180106
4558,3,542,542.4,2.3021728866440463,189,1,539.7863642180106
4559,3,541,542.8,1.6431676725154711,189,0,539.7863642180106
4560,4,536,541.0,2.99999999999998,189,0,539.3745062743706
4561,4,536,541.8,3.492849839314442,189,1,539.4935500425852
4562,1,540,538.4,2.073644135333105,190,0,539.1398111177693
4563,1,540,539.2,0.8366600265338734,190,1,539.1398111177693
4564,2,542,539.8,1.483239697419028,190,1,539.1398111177693
4565,2,542,539.0,2.645751311064851,190,0,539.1398111177693
4566,3,535,539.0,2.6457513110645343,190,1,538.5426526000855
4567,3,535,538.4,3.209361307176453,190,0,538.5426526000855
4568,4,536,537.6,3.209361307176453,190,0,538.1142317345831
4569,4,536,538.6,2.966479394838218,190,1,538.974277976794
4570,5,541,538.8,3.114482300479449,190,1,539.7454385754695
4571,5,541,538.8,3.114482300479706,190,0,539.7454385754695
4572,1,536,538.0,3.2403703492038907,190,1,538.3905161707718
4573,1,536,538.0,3.2403703492041385,190,0,538.3905161707718
4574,3,544,538.4,3.9115214431215617,190,1,539.1398111177693
4575,3,544,538.4,3.911521443121767,190,0,539.1398111177693
4576,4,540,539.4,3.4351128074635064,190,1,539.1398111177693
4577,4,540,539.4,3.43511280746374,190,0,539.1398111177693
4578,5,540,540.2,2.8635642126552425,190,1,539.7454385754695
4579,5,540,540.2,2.863564212655523,190,0,539.7454385754695
4580,0,536,539.2,3.3466401061365265,190,0,538.974277976794
4581,1,540,540.0,2.8284271247464474,190,0,539.1398111177693
4582,1,536,539.2,3.3466401061362867,190,1,538.974277976794
4583,2,538,539.6,2.9664793948382417,190,1,539.1398111177693
4584,3,538,538.8,1.7888543820002356,190,0,539.1398111177693
4585,3,539,538.6,1.6733200530681185,190,1,539.1398111177693
4586,4,533,537.4,2.9664793948385006,190,0,537.4236903503173
4587,4,533,537.2,2.7748873851023146,190,1,537.4236903503173
4588,4,544,549.8,14.446452851824889,191,1,544.0393248643051
4589,4,544,554.4,11.013627921806703,191,0,547.7706661505382
4590,5,540,553.8,11.840608092492552,191,0,548.6789951427392
4591,0,559,553.6,11.71750826754562,191,0,551.9965575709411
4592,0,540,551.2,12.63724653553929,191,1,544.3189807778101
4593,1,558,554.0,11.853269591129695,191,0,551.9965575709411
4594,1,558,554.2,11.96662024132126,191,1,551.9965575709411
4595,2,559,552.0,9.246621004453464,191,0,548.9695433705394
4596,2,559,554.0,11.853269591129688,191,1,551.9965575709411
4597,3,559,552.0,9.246621004453448,191,1,548.9695433705394
4598,3,559,555.0,8.39642781187333,191,0,552.3858232984734
4599,4,560,559.0,0.7071067811865275,191,0,553.6482521073716
4600,0,532,534.2,7.085195833567571,192,1,535.596854658727
4601,1,546,535.6,8.763560920082677,192,0,537.793503484337
4602,1,546,535.6,8.763560920082844,192,1,537.793503484337
4603,0,545,535.8,9.011104260855076,192,0,538.0673541807574
4604,0,545,535.8,9.01110426085524,192,1,538.0673541807574
4605,2,541,538.4,8.018728078692007,192,1,539.1398111177693
4606,2,541,538.4,8.018728078691822,192,0,539.1398111177693
4607,4,529,538.6,7.700649323271625,192,1,537.6849311140934
4608,4,529,538.6,7.700649323271433,192,0,537.6849311140934
4609,0,542,540.6,6.804410334481871,192,1,539.1398111177693
4610,1,551,541.6,8.04984471899947,192,1,541.2686766928447
4611,1,542,540.6,6.804410334481653,192,0,539.1398111177693
4612,4,541,540.8,7.823042886243414,192,1,539.5400394153459
4613,0,541,539.6,6.14817045957582,192,0,539.1398111177693
4614,0,523,537.2,11.1445053726042,192,1,536.8248848718824
4615,1,554,542.2,12.111977542911958,192,1,541.5150014955094
4616,1,554,541.4,8.848728722251625,192,0,541.2686766928447
4617,2,558,544.8,11.519548602267411,192,0,542.4819667635473
4618,2,558,545.4,14.010710188994835,192,1,543.9554150350313
4619,3,547,548.4,7.436396977031369,192,0,543.2246643960051
4620,3,547,544.6,13.722244714331676,192,1,541.2881990576515
4621,4,556,551.2,7.0498226928059164,192,0,547.2134605897678
4622,4,556,547.6,14.363147287415927,192,1,543.737236955455
4623,4,542,547.8,3.768288736283418,193,1,541.7697030006333
4624,5,354,509.2,86.8400829110613,193,1,488.028502254031
4625,0,618,547.8,3.768288736283284,193,0,544.4408205699297
4626,0,545,507.8,86.0302272460093,193,1,492.49568637519036
4627,1,560,550.4,6.542170893518416,193,0,547.6373882907374
4628,1,560,509.8,87.3624633352334,193,1,499.4898060929803
4629,2,551,550.2,6.49615270756465,193,0,546.3274654961907
4630,2,551,510.4,87.70005701252424,193,1,501.4363284257947
4631,3,546,549.4,6.767569726275416,193,0,543.6691364721456
4632,4,550,549.8,6.723094525588608,193,0,545.7679621418039
4633,4,546,511.2,88.07780651219693,193,1,503.5574979501505
4634,0,528,528.2,2.167948338867758,194,1,532.6657626476696
4635,1,528,528.4,2.07364413533264,194,1,532.6657626476696
4636,1,528,527.8,2.5884358211089507,194,0,532.6657626476696
4637,0,531,528.6,2.88097205817758,194,0,532.6657626476696
4638,1,531,529.2,2.1679483388677494,194,1,532.6657626476696
4639,1,530,529.6,2.073644135332756,194,0,532.6657626476696
4640,2,529,530.0,1.581138830084163,194,0,532.6657626476696
4641,2,529,529.6,1.816590212458332,194,1,532.6657626476696
4642,3,522,527.6,3.3615472627942427,194,1,532.6657626476696
4643,3,522,528.0,3.5355339059327258,194,0,532.6657626476696
4644,5,526,527.2,3.4205262752973384,194,1,533.8652013550005
4645,5,526,527.6,3.646916505762084,194,0,533.8652013550005
4646,1,529,527.4,3.507135583349966,194,1,532.6657626476696
4647,1,529,527.2,3.271085446759214,194,0,532.6657626476696
4648,2,529,527.0,3.082207001484404,194,1,532.2110609978799
4649,2,529,527.0,3.0822070014844827,194,0,532.2110609978799
4650,3,529,527.0,3.082207001484404,194,1,532.2110609978799
4651,3,529,527.0,3.0822070014844827,194,0,532.2110609978799
4652,4,529,528.4,1.341640786499682,194,1,532.6657626476696
4653,4,529,528.4,1.341640786499862,194,0,532.6657626476696
4654,0,529,529.0,0.0,194,0,532.6657626476696
4655,1,529,529.0,0.0,194,1,532.6657626476696
4656,1,532,529.6,1.341640786499862,194,0,532.6657626476696
4657,3,530,529.2,0.4472135954993891,194,1,532.6657626476696
4658,4,530,529.8,1.3038404810405173,194,0,532.6657626476696
4659,4,527,528.8,1.095445115010087,194,1,532.6657626476696
4660,2,543,542.4,8.792041856133308,195,1,539.7863642180106
4661,2,543,542.4,8.792041856133347,195,0,539.7863642180106
4662,0,563,548.2,11.12205017071942,195,1,544.4408205699297
4663,1,543,548.8,10.639548862616293,195,1,542.1211197372484
4664,1,563,547.0,12.469963913339956,195,0,544.329220239675
4665,2,546,550.4,9.099450532861848,195,1,544.1480679881519
4666,2,546,549.4,10.310189135025636,195,0,543.6691364721456
4667,4,547,551.2,8.438009243891644,195,0,545.4225254365668
4668,4,547,548.4,8.354639429682154,195,1,543.2246643960051
4669,5,545,548.8,8.074651695274522,195,1,543.0294487294493
4670,5,545,548.8,8.074651695274593,195,0,543.0294487294493
4671,2,537,543.6,3.974921382870301,195,1,540.1846543988947
4672,2,537,547.6,9.47628619238576,195,0,541.7697030006333
4673,3,544,543.8,3.96232255123193,195,0,540.1846543988947
4674,3,544,543.8,3.962322551231733,195,1,540.1846543988947
4675,5,536,541.8,4.969909455915614,195,1,540.0991775002854
4676,5,536,541.8,4.969909455915771,195,0,540.0991775002854
4677,0,545,541.4,4.505552130427456,195,1,539.5400394153459
4678,1,542,540.8,4.086563348340434,195,1,539.5400394153459
4679,1,545,541.4,4.505552130427629,195,0,539.5400394153459
4680,2,539,540.2,4.086563348340625,195,0,539.1398111177693
4681,3,547,542.2,4.549725266431021,195,0,540.8899088767673
4682,3,539,541.2,3.701351104664277,195,1,539.5400394153459
4683,4,547,541.8,4.438468204234382,195,1,540.7626278423172
4684,0,539,541.0,1.2247448713910032,196,1,539.5400394153459
4685,0,539,541.0,1.224744871391708,196,0,539.5400394153459
4686,3,543,541.4,1.5165750888098406,196,1,539.5400394153459
4687,3,543,541.4,1.51657508881041,196,0,539.5400394153459
4688,4,542,541.6,1.51657508881041,196,0,539.5400394153459
4689,4,542,541.6,1.5165750888098406,196,1,539.5400394153459
4690,5,543,541.8,1.643167672515071,196,1,540.2647106412606
4691,5,543,541.8,1.6431676725155966,196,0,540.2647106412606
4692,1,542,541.8,1.6431676725155966,196,0,539.6590831835605
4693,1,542,541.8,1.643167672515071,196,1,539.6590831835605
4694,2,540,542.0,1.224744871391032,196,1,539.7863642180106
4695,2,540,542.0,1.224744871391737,196,0,539.7863642180106
4696,5,538,541.0,1.999999999999659,196,1,540.145666873046
4697,5,538,541.0,2.0000000000000906,196,0,540.145666873046
4698,0,537,540.0,2.549509756796125,196,1,539.1398111177693
4699,0,537,540.0,2.5495097567964637,196,0,539.1398111177693
4700,2,537,538.8,2.1679483388675598,196,1,539.1398111177693
4701,2,537,538.8,2.1679483388679577,196,0,539.1398111177693
4702,4,538,538.0,1.224744871391708,196,0,538.5560493117471
4703,4,538,538.0,1.2247448713910032,196,1,538.5560493117471
4704,0,551,550.6,14.293355099485924,197,0,546.3274654961907
4705,5,553,546.2,5.718391382198365,197,1,544.2950689400784
4706,5,553,546.2,5.718391382198345,197,0,544.2950689400784
4707,4,550,547.4,5.770615218501448,197,1,543.4983402781321
4708,1,550,547.4,5.770615218501429,197,0,543.4983402781321
4709,1,460,530.6,39.840933723998,197,1,487.0793381222341
4710,2,542,547.0,6.123724356957971,197,0,541.6581026703786
4711,2,542,531.2,40.021244358465424,197,1,508.39821934627344
4712,3,544,529.8,39.27085433244356,197,1,510.26208133226544
4713,3,544,548.0,4.743416490252602,197,0,541.7697030006333
4714,4,563,550.4,8.324662155306989,197,0,547.6373882907374
4715,4,563,531.8,40.96583942750351,197,1,514.7619203526858
4716,4,540,531.8,5.8906705900093375,198,1,534.6463287197745
4717,0,537,533.6,5.813776741499538,198,1,536.5814594070625
4718,0,537,533.6,5.813776741499408,198,0,536.5814594070625
4719,1,545,536.4,7.402702209328768,198,1,538.1963808267925
4720,1,545,536.4,7.402702209328665,198,0,538.1963808267925
4721,2,540,539.4,3.7815340802379542,198,1,539.1398111177693
4722,2,540,539.4,3.7815340802377535,198,0,539.1398111177693
4723,3,537,539.8,3.271085446759161,198,0,539.1398111177693
4724,3,537,539.8,3.271085446759394,198,1,539.1398111177693
4725,4,536,539.0,3.67423461417471,198,0,538.974277976794
4726,4,536,539.0,3.674234614174917,198,1,538.974277976794
4727,4,587,539.2,3.563705936241036,198,0,541.198226805099
4728,4,587,539.2,3.563705936241249,198,1,541.198226805099
4729,5,543,545.0,7.34846922834953,199,1,542.1420761779505
4730,2,542,543.8,7.224956747275371,199,1,540.1846543988947
4731,2,542,541.8,10.256705123966489,199,0,539.6590831835605
4732,4,523,537.6,9.289779329994866,199,1,536.8248848718824
4733,5,523,534.8,8.167006795638166,199,0,536.0383682654892
4734,0,558,539.6,13.126309458488317,199,0,541.198226805099
4735,0,495,527.4,19.8065645683445,199,1,532.0136553578167
4736,1,563,533.2,25.616400996236752,199,1,534.6129257412119
4737,1,563,543.6,16.92040188648011,199,0,542.3132430967297
4738,2,570,551.2,18.833480825381148,199,0,547.374515332781
4739,3,552,553.2,18.13008549345533,199,0,550.885353612326
4740,4,557,560.0,6.8190908484928405,199,0,554.3240287108459
4741,4,570,538.6,30.56632133574466,199,1,537.139979045547
4742,0,539,541.4,2.880972058177605,200,1,539.5400394153459
4743,0,533,539.6,4.66904701197167,200,0,538.2837365925283
4744,1,543,541.6,2.9664793948382804,200,1,539.5400394153459
4745,1,543,540.0,4.898979485566518,200,0,539.1398111177693
4746,2,539,540.0,4.898979485566518,200,0,539.1398111177693
4747,2,539,541.2,3.1937438845342805,200,1,539.5400394153459
4748,3,537,538.2,3.633180424917212,200,0,539.1398111177693
4749,3,537,540.8,3.6331804249169934,200,1,539.5400394153459
4750,4,542,540.0,2.449489742783169,200,1,539.1398111177693
4751,5,542,540.6,2.509980079602216,200,1,539.7454385754695
4752,5,542,538.8,4.024922359499828,200,0,539.7454385754695
4753,1,541,540.2,2.1679483388678693,200,1,539.1398111177693
4754,1,541,540.4,2.408318915758823,200,0,539.1398111177693
4755,2,540,540.4,2.073644135332756,200,1,539.1398111177693
4756,2,540,539.8,1.923538406167586,200,0,539.1398111177693
4757,3,538,540.6,1.6733200530681438,200,1,539.1398111177693
4758,3,538,539.6,2.0736441353331965,200,0,539.1398111177693
4759,5,542,540.6,1.6733200530686685,200,0,539.7454385754695
4760,5,542,540.6,1.6733200530681438,200,1,539.7454385754695
4761,0,537,539.6,2.0736441353331965,200,0,539.1398111177693
4762,0,537,539.6,2.0736441353327733,200,1,539.1398111177693
4763,1,537,538.8,2.1679483388682823,200,0,539.1398111177693
4764,1,537,538.8,2.1679483388678773,200,1,539.1398111177693
4765,2,537,538.2,2.1679483388682823,200,0,539.1398111177693
4766,3,538,538.2,2.1679483388682823,200,0,539.1398111177693
4767,3,537,538.2,2.1679483388678773,200,1,539.1398111177693
4768,4,538,537.4,0.5477225575068111,200,0,538.2797648755584
4769,1,539,559.2,21.49883717785688,201,1,548.2823437468938
4770,1,539,550.6,19.06043021550146,201,0,543.4967959928437
4771,3,542,551.4,18.4743064822472,201,0,543.7764519063487
4772,3,542,551.4,18.47430648224721,201,1,543.7764519063487
4773,4,540,542.6,3.3615472627945024,201,1,539.7863642180106
4774,4,540,542.6,3.3615472627944265,201,0,539.7863642180106
4775,0,544,542.0,2.5495097567966365,201,1,539.7863642180106
4776,0,544,542.0,2.549509756796536,201,0,539.7863642180106
4777,1,541,541.2,1.9235384061673253,201,0,539.5400394153459
4778,1,541,541.2,1.9235384061674583,201,1,539.5400394153459
4779,2,540,541.4,1.6733200530683583,201,0,539.5400394153459
4780,2,540,541.4,1.6733200530685113,201,1,539.5400394153459
4781,5,540,539.8,3.346640106136465,202,1,539.7454385754695
4782,0,543,539.4,2.6076809620812598,202,1,539.1398111177693
4783,0,543,541.2,2.7748873851024656,202,0,539.5400394153459
4784,1,537,539.6,2.3021728866445037,202,1,539.1398111177693
4785,1,537,539.6,2.3021728866444566,202,0,539.1398111177693
4786,0,541,540.2,2.1679483388681247,202,1,539.1398111177693
4787,0,541,540.2,2.167948338868076,202,0,539.1398111177693
4788,1,543,540.8,2.4899799195979653,202,1,539.5400394153459
4789,1,543,540.8,2.489979919597922,202,0,539.5400394153459
4790,2,545,541.8,3.033150177620809,202,1,539.6590831835605
4791,2,545,541.8,3.033150177620774,202,0,539.6590831835605
4792,3,528,538.8,6.723094525588717,202,1,537.6849311140934
4793,3,528,538.8,6.723094525588701,202,0,537.6849311140934
4794,4,535,538.4,6.913754406977513,202,1,538.5426526000855
4795,4,535,538.4,6.913754406977497,202,0,538.5426526000855
4796,1,539,538.0,6.782329983125323,202,0,538.5560493117471
4797,1,539,538.0,6.782329983125339,202,1,538.5560493117471
4798,2,546,538.6,7.436396977031344,202,1,539.2485542416161
4799,3,518,533.2,10.709808588392288,202,1,533.7007955961955
4800,3,546,538.6,7.436396977031329,202,0,539.2485542416161
4801,4,516,530.8,13.217412757419694,202,1,532.6657626476696
4802,0,520,527.8,13.71860051171404,202,1,532.6657626476696
4803,0,516,532.8,11.432410069622264,202,0,533.3584557176413
4804,1,539,527.8,13.71860051171404,202,1,534.1206426513455
4805,3,526,523.8,9.284395510748157,202,1,529.7996366288131
4806,3,539,535.0,11.33578404875466,202,0,537.2996593488394
4807,4,545,529.2,12.397580409095976,202,1,534.1206426513455
4808,0,526,527.2,2.1679483388678658,203,0,532.6657626476696
4809,0,526,527.6,2.0736441353327235,203,1,532.6657626476696
4810,2,523,527.2,2.774887385102293,203,1,532.6657626476696
4811,2,523,526.6,2.8809720581775777,203,0,532.2110609978799
4812,3,527,527.0,2.7386127875258035,203,1,532.2110609978799
4813,4,530,527.2,2.9495762407504933,203,1,532.6657626476696
4814,4,527,527.0,2.738612787525819,203,0,532.2110609978799
4815,1,529,527.0,2.7386127875258035,203,1,532.2110609978799
4816,1,529,527.0,2.738612787525819,203,0,532.2110609978799
4817,2,526,527.0,2.7386127875258035,203,1,532.2110609978799
4818,2,526,526.2,2.1679483388678658,203,0,532.2110609978799
4819,3,527,527.8,1.6431676725154494,203,1,532.6657626476696
4820,4,527,526.4,2.190890230020651,203,0,532.2110609978799
4821,4,526,527.6,1.816590212458457,203,1,532.6657626476696
4822,3,532,528.0,2.5495097567963687,203,1,532.6657626476696
4823,3,532,528.2,2.3874672772626457,203,0,532.6657626476696
4824,4,531,529.0,2.549509756796372,203,0,532.6657626476696
4825,4,531,528.4,2.880972058177569,203,1,532.6657626476696
4826,2,533,540.2,5.40370243444268,204,0,538.2837365925283
4827,0,539,539.6,5.079370039680189,204,1,539.1398111177693
4828,0,539,539.8,5.40370243444268,204,0,539.1398111177693
4829,1,529,538.2,7.293833011524319,204,0,537.6849311140934
4830,1,529,538.0,7.000000000000051,204,1,537.1011693080711
4831,3,526,534.0,7.0000000000001465,204,0,535.596854658727
4832,3,526,534.0,7.000000000000051,204,1,535.596854658727
4833,4,536,532.6,5.224940191045446,204,0,534.6478025803419
4834,5,541,534.2,6.457553716385325,204,0,537.6573621201031
4835,1,543,535.0,7.382411530116835,204,0,537.2996593488394
4836,2,546,538.4,7.829431652425485,204,0,539.2485542416161
4837,3,538,540.8,3.962322551232055,204,0,539.5400394153459
4838,3,536,532.6,5.2249401910453175,204,1,534.6478025803419
4839,4,527,539.0,7.314369419164045,204,0,537.6849311140934
4840,0,524,535.6,9.710818709048288,204,0,536.2298803568142
4841,1,539,534.8,9.093954035511857,204,0,537.051734662403
4842,2,527,531.0,6.964194138592218,204,0,532.6657626476696
4843,2,527,531.4,5.77061521850146,204,1,532.6657626476696
4844,3,539,531.4,5.77061521850146,204,1,534.1206426513455
4845,4,539,531.2,7.224956747275522,204,0,534.1206426513455
4846,4,536,532.8,5.890670590009317,204,1,534.6478025803419
4847,0,533,532.4,7.503332592921599,205,1,533.9572611960762
4848,1,535,532.2,7.395944834840205,205,1,534.0491702020906
4849,1,535,532.2,7.395944834840221,205,0,534.0491702020906
4850,1,540,533.6,8.203657720797455,205,0,536.5814594070625
4851,1,540,533.6,8.203657720797441,205,1,536.5814594070625
4852,2,527,531.0,7.71362431027074,205,0,532.6657626476696
4853,2,527,531.0,7.713624310270725,205,1,532.6657626476696
4854,3,537,534.4,4.878524367060139,205,1,537.051734662403
4855,3,537,534.4,4.878524367060163,205,0,537.051734662403
4856,4,541,536.0,5.567764362829981,205,1,538.0673541807574
4857,5,541,536.0,5.567764362830001,205,0,538.6729816384576
4858,1,538,536.6,5.5946402922797045,205,1,538.2797648755584
4859,1,536,536.2,5.540758070878007,205,0,537.9018210397821
4860,2,527,533.6,6.308724118234992,205,0,535.1265794033866
4861,2,527,534.0,6.557438524301968,205,1,535.596854658727
4862,3,543,536.8,6.180614856144971,205,0,538.2797648755584
4863,3,543,537.2,6.180614856144935,205,1,538.2797648755584
4864,4,529,535.2,7.085195833567341,205,0,535.8447793451635
4865,4,529,535.6,7.197221686178599,205,1,536.2298803568142
4866,5,530,533.0,6.519202405202655,205,0,534.447590361019
4867,5,530,533.4,6.804410334481566,205,1,535.8733741682101
4868,0,536,533.0,6.519202405202655,205,0,534.9901424588961
4869,1,545,536.6,7.300684899377594,205,0,538.2797648755584
4870,2,542,536.4,7.092249290598866,205,0,538.1963808267925
4871,2,536,533.0,6.519202405202611,205,1,534.9901424588961
4872,3,540,538.6,5.813776741499466,205,0,539.1398111177693
4873,3,540,535.6,6.107372593840945,205,1,537.6847603604901
4874,4,538,540.2,3.492849839314614,205,0,539.1398111177693
4875,4,538,534.6,4.878524367060136,205,1,537.051734662403
4876,5,540,538.2,5.540758070878132,206,0,539.7454385754695
4877,1,538,537.0,4.527692569068845,206,1,538.2797648755584
4878,1,538,537.0,4.527692569068845,206,0,538.2797648755584
4879,2,542,537.6,5.029910535983837,206,0,538.2797648755584
4880,2,542,537.6,5.029910535983837,206,1,538.2797648755584
4881,4,536,539.0,2.236067977500047,206,0,538.974277976794
4882,4,536,539.0,2.236067977500047,206,1,538.974277976794
4883,1,542,539.6,2.607680962081277,206,1,539.1398111177693
4884,1,542,539.6,2.607680962081277,206,0,539.1398111177693
4885,3,544,540.4,3.2863353450311736,206,1,539.1398111177693
4886,3,544,540.4,3.2863353450311736,206,0,539.1398111177693
4887,4,541,541.0,3.0000000000001967,206,0,539.5400394153459
4888,4,541,541.0,3.0000000000001967,206,1,539.5400394153459
4889,5,540,540.6,2.9664793948384647,206,0,539.7454385754695
4890,5,540,540.6,2.9664793948384647,206,1,539.7454385754695
4891,0,537,540.8,2.5884358211091687,206,1,539.5400394153459
4892,0,537,540.8,2.5884358211091687,206,0,539.5400394153459
4893,1,541,540.6,2.509980079602441,206,1,539.1398111177693
4894,1,541,540.6,2.509980079602441,206,0,539.1398111177693
4895,2,539,539.6,1.6733200530684815,206,1,539.1398111177693
4896,2,539,539.6,1.6733200530684815,206,0,539.1398111177693
4897,3,540,539.4,1.5165750888106793,206,0,539.1398111177693
4898,3,540,539.4,1.5165750888106793,206,1,539.1398111177693
4899,4,534,538.2,2.774887385102533,206,0,538.4069358040798
4900,4,534,538.2,2.774887385102533,206,1,538.4069358040798
4901,0,521,530.8,12.25561095988281,207,1,532.6657626476696
4902,0,521,530.8,12.255610959882777,207,0,532.6657626476696
4903,1,541,531.4,12.759310326189247,207,1,534.1206426513455
4904,2,540,534.8,12.214745187681965,207,1,537.051734662403
4905,2,541,534.4,12.033287165193016,207,0,537.051734662403
4906,0,574,545.0,19.19635382045246,207,1,543.6650374180853
4907,2,574,541.6,21.651789764358945,207,0,541.6874244180358
4908,3,536,544.2,19.53714411064213,207,0,539.476592386458
4909,4,530,540.4,20.20643461870497,207,0,537.3600663107494
4910,4,543,543.8,19.07092027144993,207,1,539.6421255274333
4911,5,548,545.8,17.093858546273246,207,0,543.7535690271704
4912,5,548,549.2,14.202112518917748,207,1,545.873523773208
4913,1,549,550.8,13.479614237803696,207,1,545.7237822105184
4914,1,548,547.2,16.88786546606761,207,0,542.5203752316255
4915,2,541,540.6,7.797435475847129,207,0,539.1398111177693
4916,2,541,551.0,13.285330255586432,207,1,544.3189807778101
4917,5,523,540.8,10.497618777608569,207,1,538.6760842050651
4918,5,523,538.0,11.157956802210668,207,0,537.5426829148333
4919,2,556,543.2,12.47798060585122,207,0,542.1521883537165
4920,2,556,543.4,12.581732790041285,207,1,542.1521883537165
4921,3,543,542.2,12.194260945215138,207,0,539.7863642180106
4922,3,543,542.4,12.320714265009151,207,1,539.7863642180106
4923,4,541,540.8,11.755849607748443,207,0,539.5400394153459
4924,4,541,540.8,11.755849607748477,207,1,539.5400394153459
4925,0,539,534.2,7.328028384224381,208,0,537.051734662403
4926,1,543,538.0,5.385164807134323,208,0,538.5560493117471
4927,0,543,536.2,7.949842765740685,208,1,538.0673541807574
4928,0,515,534.2,11.79830496300203,208,0,535.596854658727
4929,1,516,533.2,12.132600710482468,208,1,533.7007955961955
4930,1,516,531.2,14.429137188342152,208,0,532.6657626476696
4931,2,539,532.4,11.436782764396632,208,1,534.8133357213172
4932,2,539,530.4,13.704014010500671,208,0,534.1206426513455
4933,3,524,532.2,11.606032913963324,208,1,533.1914487160985
4934,3,524,527.4,12.97304898626374,208,0,532.6657626476696
4935,0,534,531.2,11.077003204838396,208,1,533.387767337656
4936,0,534,525.6,10.691117808723208,208,0,532.9330656878664
4937,5,564,535.4,18.29754081837225,208,0,540.4466036517639
4938,5,564,535.4,18.2975408183723,208,1,540.4466036517639
4939,0,571,546.4,20.15688467993005,208,0,543.7866913682136
4940,1,571,546.4,20.156884679930094,208,1,543.7866913682136
4941,1,553,549.2,19.84187491140893,208,0,545.6734476114722
4942,2,561,550.8,20.5353354002315,208,1,547.374515332781
4943,2,561,556.6,14.18802311810911,208,0,553.6482521073716
4944,3,547,555.4,14.808781178746658,208,1,549.5982054695108
4945,4,547,559.2,9.39148550549904,208,0,550.1521001410816
4946,4,552,559.0,9.56556323485457,208,1,552.705771815574
4947,2,543,541.0,4.636809247747997,209,0,539.5400394153459
4948,2,543,537.8,8.642916174532768,209,1,538.5560493117471
4949,0,547,541.8,6.833739825307982,209,1,540.7626278423172
4950,0,547,543.0,4.636809247747997,209,0,540.8899088767673
4951,1,545,542.4,3.974921382870529,209,0,539.7863642180106
4952,2,528,540.0,7.6811457478686975,209,0,537.6849311140934
4953,2,545,541.2,6.26099033699943,209,1,539.5400394153459
4954,3,529,538.4,9.15423399307672,209,0,537.6849311140934
4955,3,529,539.0,8.366600265340768,209,1,537.6849311140934
4956,4,525,534.8,10.353743284435884,209,0,535.596854658727
4957,5,525,537.8,10.059821071967434,209,1,537.5426829148333
4958,1,514,528.2,11.122050170719476,209,0,532.6657626476696
4959,1,530,535.2,10.059821071967434,209,1,535.8447793451635
4960,3,537,533.2,7.886697661252151,209,1,535.1556755998714
4961,3,537,526.6,8.324662155307045,209,0,533.6659410015559
4962,4,538,531.8,5.540758070878064,209,1,534.6463287197745
4963,4,538,528.6,9.81325634027774,209,0,534.1206426513455
4964,5,538,530.4,10.69111780872334,209,0,535.4841952096144
4965,5,538,533.6,5.856620185738564,209,1,537.492368022824
4966,0,551,538.8,7.596051605933211,209,1,540.8684483952682
4967,1,551,535.6,13.390294993016443,209,0,539.413397637989
4968,1,534,539.6,6.580273550544892,209,1,538.4069358040798
4969,2,524,537.0,9.695359714832692,209,1,536.8248848718824
4970,2,524,537.6,9.555103348473066,209,0,536.8248848718824
4971,3,530,536.2,10.158740079360298,209,0,536.6124741770815
4972,3,530,535.4,10.139033484509293,209,1,535.8447793451635
4973,4,530,534.6,10.430723848324302,209,0,535.596854658727
4974,4,530,533.8,10.256705123966496,209,1,535.596854658727
4975,1,537,541.0,3.162277660168308,210,0,539.5400394153459
4976,1,537,541.0,3.1622776601683604,210,1,539.5400394153459
4977,0,537,539.8,3.346640106136228,210,0,539.1398111177693
4978,0,537,539.8,3.3466401061362783,210,1,539.1398111177693
4979,1,535,539.0,3.99999999999994,210,0,538.5426526000855
4980,1,535,539.0,3.999999999999981,210,1,538.5426526000855
4981,2,541,538.2,2.68328157299965,210,0,539.1398111177693
4982,2,541,538.2,2.6832815729997126,210,1,539.1398111177693
4983,3,534,536.8,2.68328157299965,210,0,537.5468895618689
4984,3,534,536.8,2.6832815729997126,210,1,537.5468895618689
4985,4,541,537.6,3.286335345030964,210,1,538.2797648755584
4986,5,539,538.0,3.3166247903553665,210,1,539.1616767694472
4987,1,535,538.0,3.3166247903553665,210,1,537.9588907940632
4988,1,541,537.6,3.286335345030913,210,0,538.2797648755584
4989,2,537,537.6,3.286335345030913,210,0,538.2797648755584
4990,2,537,537.2,2.8635642126552328,210,1,538.2797648755584
4991,3,538,538.2,2.9495762407504293,210,0,539.1398111177693
4992,3,538,538.0,2.2360679774997307,210,1,538.5560493117471
4993,0,535,537.0,2.7386127875257347,210,0,537.6826063578745
4994,0,535,536.8,1.788854381999751,210,1,537.6826063578745
4995,1,541,537.2,2.4899799195976717,210,1,538.2797648755584
4996,1,541,538.4,2.6076809620809622,210,0,539.1398111177693
4997,2,539,538.0,2.236067977499672,210,0,538.5560493117471
4998,2,539,538.0,2.236067977499699,210,1,538.5560493117471
4999,3,535,537.6,2.6076809620809622,210,0,537.6826063578745
5000,3,535,537.6,2.6076809620809853,210,1,537.6826063578745
5001,4,539,537.8,2.6832815729996797,210,1,538.5560493117471
5002,3,535,543.0,6.041522986797359,211,0,539.3386168869597
5003,3,535,547.4,10.014988766843436,211,1,541.3219556695824
5004,4,518,538.6,12.895735729302189,211,0,537.6849311140934
5005,4,518,538.6,12.89573572930216,211,1,537.6849311140934
5006,1,522,532.8,12.437845472588933,211,0,533.3584557176413
5007,4,522,532.8,12.4378454725889,211,1,533.3584557176413
5008,3,516,527.4,12.759310326189263,211,1,532.6657626476696
5009,3,534,525.0,8.94427190999915,211,1,532.9330656878664
5010,1,545,533.2,12.872451204024845,211,0,535.1556755998714
5011,1,541,526.2,10.82589488217947,211,1,533.6659410015559
5012,1,555,542.4,9.762171889492636,212,0,541.5150014955094
5013,2,542,545.0,6.480740698407904,212,1,541.5364487202503
5014,2,542,545.0,6.480740698407886,212,0,541.5364487202503
5015,4,536,544.2,7.429670248402729,212,1,540.0191212579194
5016,4,536,544.2,7.429670248402714,212,0,540.0191212579194
5017,1,542,544.6,7.197221686178677,212,1,540.1846543988947
5018,1,542,544.6,7.197221686178661,212,0,540.1846543988947
5019,3,544,543.8,6.942621983083961,212,1,540.1846543988947
5020,3,544,543.8,6.942621983083944,212,0,540.1846543988947
5021,4,540,540.8,3.033150177620664,212,0,539.5400394153459
5022,4,540,540.8,3.0331501776207017,212,1,539.5400394153459
5023,5,540,540.4,2.9664793948383066,212,0,539.7454385754695
5024,5,540,540.4,2.9664793948383448,212,1,539.7454385754695
5025,0,561,545.4,8.87693640846888,212,0,544.329220239675
5026,0,561,545.4,8.876936408468893,212,1,544.329220239675
5027,1,560,549.0,10.630145812734668,212,0,546.7186397662739
5028,1,560,549.0,10.630145812734678,212,1,546.7186397662739
5029,2,539,548.0,11.42365965879588,212,0,541.7697030006333
5030,2,539,548.0,11.42365965879589,212,1,541.7697030006333
5031,3,547,549.4,10.597169433391192,212,1,544.6639380070555
5032,3,547,549.4,10.597169433391182,212,0,544.6639380070555
5033,4,534,548.2,12.1531888819355,212,0,541.1862388735767
5034,4,534,548.2,12.15318888193551,212,1,541.1862388735767
5035,2,558,547.4,9.099450532861852,213,0,544.0670153652859
5036,2,558,547.4,9.099450532861878,213,1,544.0670153652859
5037,3,534,543.2,9.54986910905068,213,1,539.6011902718382
5038,3,534,543.2,9.549869109050652,213,0,539.6011902718382
5039,4,544,542.8,9.444575162494074,213,0,539.7863642180106
5040,5,532,542.0,10.295630140987004,213,0,538.9224090077298
5041,2,542,542.0,10.295630140987004,213,0,539.7863642180106
5042,2,544,542.8,9.4445751624941,213,1,539.7863642180106
5043,5,523,535.0,8.426149773176363,213,0,536.2862929519257
5044,0,558,539.8,13.198484761517149,213,0,541.198226805099
5045,1,562,543.4,16.63730747446835,213,0,542.3132430967297
5046,2,570,551.0,18.681541692269416,213,0,547.374515332781
5047,3,551,552.8,18.0194339533738,213,0,548.414283715385
5048,4,559,560.0,6.892024376045173,213,0,554.4905504900272
5049,4,523,540.2,12.93058390019572,213,1,537.6849311140934
5050,1,541,537.4,4.827007354459064,214,1,538.2797648755584
5051,1,541,537.4,4.827007354459111,214,0,538.2797648755584
5052,0,536,538.8,1.9235384061676304,214,1,538.974277976794
5053,0,536,538.8,1.9235384061677483,214,0,538.974277976794
5054,2,540,538.8,1.9235384061676304,214,1,539.1398111177693
5055,2,540,538.8,1.9235384061677483,214,0,539.1398111177693
5056,3,536,538.2,2.2803508501988,214,0,538.974277976794
5057,3,536,538.2,2.2803508501987,214,1,538.974277976794
5058,4,538,538.2,2.2803508501988,214,0,539.1398111177693
5059,4,538,538.2,2.2803508501987,214,1,539.1398111177693
5060,5,542,538.4,2.60768096208153,214,0,539.7454385754695
5061,5,542,538.4,2.607680962081443,214,1,539.7454385754695
5062,1,536,538.4,2.607680962081443,214,1,538.974277976794
5063,1,536,538.4,2.60768096208153,214,0,538.974277976794
5064,3,544,539.2,3.633180424917317,214,0,539.1398111177693
5065,3,544,539.2,3.633180424917255,214,1,539.1398111177693
5066,4,540,540.0,3.162277660168748,214,0,539.1398111177693
5067,4,540,540.0,3.162277660168676,214,1,539.1398111177693
5068,5,541,540.6,2.9664793948386574,214,0,539.7454385754695
5069,5,541,540.6,2.966479394838581,214,1,539.7454385754695
5070,1,536,539.4,3.435112807463804,214,1,538.974277976794
5071,1,536,539.4,3.4351128074638706,214,0,538.974277976794
5072,2,539,540.0,2.915475947423051,214,0,539.1398111177693
5073,2,539,540.0,2.915475947422973,214,1,539.1398111177693
5074,3,541,539.4,2.0736441353333386,214,0,539.1398111177693
5075,3,541,539.4,2.073644135333229,214,1,539.1398111177693
5076,0,538,543.8,6.1400325732035625,215,1,540.1846543988947
5077,1,560,545.4,9.235799911215056,215,0,544.329220239675
5078,5,560,545.6,9.289779329994904,215,1,546.4883824216948
5079,5,542,544.8,9.364827814754523,215,0,540.7902818565949
5080,0,552,547.8,8.613942186943223,215,0,543.4983402781321
5081,0,552,547.0,9.695359714832684,215,1,543.3867399478775
5082,1,564,552.4,10.237187113655812,215,1,549.3433485751832
5083,1,564,551.2,11.189280584559492,215,0,547.9170442042424
5084,2,570,557.6,10.89954127475096,215,0,553.6482521073716
5085,2,570,556.8,12.377398757412676,215,1,553.6482521073716
5086,3,562,561.6,6.542170893518535,215,1,555.3471123081414
5087,0,578,549.0,16.385969608173923,216,0,546.1761108948125
5088,0,578,549.0,16.385969608173934,216,1,546.1761108948125
5089,1,537,547.8,17.137677789012116,216,0,541.2271741291719
5090,1,537,548.6,16.712270940838646,216,1,541.578590865787
5091,0,533,545.4,18.42009771961048,216,0,540.4089104603091
5092,0,533,546.6,18.0914344373242,216,1,540.4089104603091
5093,2,534,544.4,18.98157000882696,216,0,539.0586614003768
5094,1,534,543.2,19.511535049810902,216,0,539.0586614003768
5095,1,534,544.4,18.98157000882697,216,1,539.0586614003768
5096,2,536,534.8,1.643167672515469,216,0,536.8862015214277
5097,2,536,543.6,19.295077092357,216,1,539.476592386458
5098,3,536,534.6,1.3416407864998223,216,0,536.8862015214277
5099,3,536,535.2,1.6431676725155295,216,1,537.1341262078641
5100,4,542,536.4,3.28633534503098,216,0,538.1963808267925
5101,4,542,536.2,3.492849839314603,216,1,538.0673541807574
5102,5,536,536.8,3.033150177620603,216,0,538.7198591922833
5103,5,536,536.8,3.0331501776206182,216,1,538.7198591922833
5104,0,558,541.6,9.528903399657269,216,0,541.8373517799985
5105,1,553,545.0,10.04987562112088,216,0,543.2650859977491
5106,1,558,541.6,9.528903399657272,216,1,541.8373517799985
5107,2,539,542.2,9.176055797563563,216,1,539.7863642180106
5108,2,539,545.6,9.44986772394195,216,0,541.6581026703786
5109,3,545,546.2,9.257429448826484,216,0,541.6581026703786
5110,3,545,544.0,8.51469318296319,216,1,540.1846543988947
5111,1,539,541.4,2.7928480087539733,217,0,539.5400394153459
5112,0,549,542.4,4.39317652729788,217,0,541.1911656507189
5113,0,549,544.4,6.655824516917551,217,1,541.589455831603
5114,4,554,545.6,5.9413803110052665,217,0,543.3867399478775
5115,4,554,544.6,6.985699678629237,217,1,541.9132916763936
5116,5,548,546.8,5.63027530410379,217,0,543.9712330952879
5117,1,550,548.0,5.522680508593727,217,0,543.4983402781321
5118,2,555,551.2,3.11448230047965,217,0,546.9745639124449
5119,3,557,552.8,3.70135110466449,217,0,550.7280415961824
5120,4,513,544.6,18.03607496103299,217,0,538.3366567103903
5121,4,548,546.6,5.983310120660683,217,1,543.0629041030869
5122,2,540,540.2,3.271085446759241,218,1,539.1398111177693
5123,2,540,540.2,3.2710854467592667,218,0,539.1398111177693
5124,4,541,541.2,2.280350850198286,218,1,539.5400394153459
5125,4,541,541.2,2.280350850198323,218,0,539.5400394153459
5126,0,544,541.8,2.588435821109004,218,0,539.6590831835605
5127,0,544,541.8,2.588435821108971,218,1,539.6590831835605
5128,1,544,541.6,2.30217288664427,218,1,539.5400394153459
5129,1,544,541.6,2.302172886644307,218,0,539.5400394153459
5130,3,547,543.2,2.7748873851023106,218,1,541.2881990576515
5131,3,547,543.2,2.774887385102341,218,0,541.2881990576515
5132,4,556,546.4,5.7706152185014,218,1,543.6256366252004
5133,4,556,546.4,5.770615218501415,218,0,543.6256366252004
5134,5,542,546.6,5.549774770204661,218,0,542.5664316625796
5135,1,542,546.6,5.549774770204646,218,1,541.6581026703786
5136,1,552,548.2,5.761944116355185,218,0,543.4983402781321
5137,5,532,544.2,8.67179335547153,218,1,539.320699188614
5138,5,532,545.8,9.338094023942997,218,0,541.0968489945986
5139,0,537,543.8,10.059821071967422,218,0,540.1846543988947
5140,0,537,542.8,9.2574294488265,218,1,539.7863642180106
5141,1,537,540.0,7.582875444051523,218,0,539.1398111177693
5142,1,537,540.8,9.20326029187483,218,1,539.5400394153459
5143,2,537,539.0,7.582875444051523,218,0,539.1398111177693
5144,2,537,537.0,3.5355339059327053,218,1,538.2797648755584
5145,3,538,536.2,2.387467277262573,218,0,538.0673541807574
5146,3,538,536.2,2.3874672772626115,218,1,538.0673541807574
5147,4,538,537.4,0.547722557504716,218,0,538.2797648755584
5148,5,526,534.0,5.787918451395107,219,1,536.0383682654892
5149,1,541,535.2,6.610597552415354,219,1,537.2996593488394
5150,1,541,537.0,4.301162633521392,219,0,538.2797648755584
5151,0,530,534.8,6.906518659932785,219,1,535.596854658727
5152,1,540,534.4,6.426507605223827,219,1,537.051734662403
5153,1,530,536.0,5.33853912601572,219,0,536.6124741770815
5154,2,531,533.6,6.580273550544818,219,1,535.1265794033866
5155,3,535,535.4,5.029910535983681,219,1,536.7025008311556
5156,3,531,535.8,5.540758070878083,219,0,536.6124741770815
5157,5,514,530.0,9.772410142846011,219,1,533.8652013550005
5158,5,514,530.2,10.034938963441718,219,0,533.8652013550005
5159,1,515,526.2,11.519548602267408,219,0,532.2110609978799
5160,2,533,524.6,9.289779329994934,219,0,530.6473942119871
5161,2,515,527.0,11.85326959112968,219,1,532.2110609978799
5162,3,538,526.6,11.326958991715276,219,1,533.6659410015559
5163,3,538,526.2,10.98635517357786,219,0,533.6659410015559
5164,4,540,528.4,12.817956155331458,219,1,534.1206426513455
5165,5,540,528.0,12.589678312014216,219,0,535.4841952096144
5166,0,536,532.4,10.06479011206896,219,0,534.6478025803419
5167,0,539,529.2,13.442470011125168,219,1,534.1206426513455
5168,1,534,533.2,10.425929215182656,219,1,534.4228002861819
5169,1,534,536.2,2.863564212655492,219,0,537.3344788670679
5170,2,538,537.2,2.280350850198541,219,0,538.2797648755584
5171,2,538,537.8,2.2803508501980554,219,1,538.5560493117471
5172,3,531,535.8,3.4928498393147613,219,0,536.6124741770815
5173,3,531,536.4,3.781534080237669,219,1,536.7415008231166
5174,4,536,535.0,2.645751311064797,219,0,537.1341262078641
5175,4,536,535.6,3.2093613071760747,219,1,537.5192272195148
5176,3,542,551.4,18.406520583749668,220,1,543.7764519063487
5177,3,542,542.4,3.209361307176337,220,0,539.7863642180106
5178,4,540,542.6,2.966479394838375,220,0,539.7863642180106
5179,4,540,542.6,2.9664793948382586,220,1,539.7863642180106
5180,1,543,541.8,1.7888543819998346,220,1,539.6590831835605
5181,1,543,541.8,1.788854382000027,220,0,539.6590831835605
5182,3,540,541.0,1.4142135623730876,220,1,539.5400394153459
5183,3,540,541.0,1.4142135623733312,220,0,539.5400394153459
5184,4,547,542.4,2.8809720581777083,220,0,540.8899088767673
5185,4,547,542.4,2.880972058177589,220,1,540.8899088767673
5186,1,538,541.6,3.5071355833501405,220,0,539.5400394153459
5187,1,538,541.6,3.507135583350042,220,1,539.5400394153459
5188,1,542,539.6,2.880972058177653,221,0,539.1398111177693
5189,2,529,537.4,5.504543577809184,221,0,536.8248848718824
5190,2,529,537.4,5.504543577809161,221,1,536.8248848718824
5191,1,549,540.2,7.259476565152629,221,0,540.5446125504776
5192,1,549,540.2,7.259476565152613,221,1,540.5446125504776
5193,2,546,541.6,7.635443667528441,221,0,539.6487825391927
5194,3,538,540.8,7.79102047231299,221,0,539.5400394153459
5195,3,547,541.8,7.791020472312984,221,1,540.7626278423172
5196,1,537,540.8,8.074651695274538,221,1,539.5400394153459
5197,1,537,539.8,7.918333157931666,221,0,539.1398111177693
5198,2,538,541.6,5.5045435778091765,221,0,539.5400394153459
5199,2,538,540.0,8.124038404635957,221,1,539.1398111177693
5200,3,529,540.0,8.124038404635957,221,1,537.6849311140934
5201,3,529,537.6,6.024948132556857,221,0,536.8248848718824
5202,4,535,535.4,3.781534080237863,221,0,536.7025008311556
5203,4,535,537.2,6.496152707564685,221,1,537.6826063578745
5204,5,529,533.6,4.335896677735811,221,0,535.8733741682101
5205,5,529,533.6,4.335896677735779,221,1,535.8733741682101
5206,0,533,532.8,3.8987177379236098,221,1,533.9572611960762
5207,0,533,532.8,3.898717737923645,221,0,533.9572611960762
5208,1,539,533.0,4.242640687119299,221,1,535.1556755998714
5209,1,539,533.0,4.242640687119331,221,0,535.1556755998714
5210,2,534,534.0,3.6055512754640433,221,0,536.3188593487134
5211,2,534,534.0,3.605551275464005,221,1,536.3188593487134
5212,3,544,535.8,5.8051701094800165,221,1,538.0673541807574
5213,3,544,535.8,5.8051701094800405,221,0,538.0673541807574
5214,4,557,541.4,9.76217188949266,221,0,541.6708300008172
5215,2,520,528.4,9.071934744033356,222,0,532.6657626476696
5216,1,603,536.2,17.34070356127453,222,0,539.0329730328189
5217,1,603,538.8,15.974980438172684,222,1,540.873362001755
5218,3,549,540.0,16.583123951776994,222,1,540.2197477471336
5219,4,540,541.8,15.83350877095787,222,1,539.5041003692033
5220,4,549,541.2,16.528762809115477,222,0,540.6199760447101
5221,5,528,538.2,17.455658108475863,222,0,538.1264447208556
5222,5,528,540.0,16.985287751463026,222,1,538.1264447208556
5223,1,572,550.4,17.586926962946087,222,1,547.094859419276
5224,1,572,546.4,22.210357943986384,222,0,543.7866913682136
5225,2,541,546.0,16.355427233796124,222,1,541.1155737989172
5226,2,541,550.6,17.444196742756585,222,0,543.4967959928437
5227,3,545,545.2,16.26960356001338,222,1,540.9939198487889
5228,3,545,547.0,16.046806535881196,222,0,541.1155737989172
5229,5,536,544.4,16.682325976913408,222,1,540.4070846475022
5230,0,550,548.8,13.9534941860453,222,1,543.8497570147472
5231,0,536,544.4,16.682325976913393,222,0,539.476592386458
5232,2,554,545.2,7.120393247567125,222,1,543.2650859977491
5233,2,554,549.6,14.1527382509534,222,0,546.2159764829336
5234,3,544,545.8,6.797058187186528,222,1,541.6581026703786
5235,3,544,544.0,6.595452979136434,222,0,540.1846543988947
5236,4,557,547.2,8.408329203831135,222,0,543.78889325585
5237,1,558,540.4,11.392980294900887,223,0,541.198226805099
5238,1,558,543.0,8.7464278422681,223,1,542.0836765826632
5239,1,543,543.6,8.590692637965814,223,0,540.1846543988947
5240,3,543,543.4,8.677557259966806,223,1,540.1846543988947
5241,3,526,540.6,11.760102040373637,223,0,537.6849311140934
5242,4,544,542.4,11.371015785759868,223,0,539.7863642180106
5243,5,544,545.2,7.328028384224687,223,1,542.1420761779505
5244,5,545,543.2,11.388590782006354,223,0,540.7902818565949
5245,3,544,545.8,7.014271166700258,223,1,541.6581026703786
5246,5,540,545.8,7.014271166700258,223,1,542.5664316625796
5247,0,559,546.0,7.449832212875833,223,1,543.9554150350313
5248,0,544,540.4,8.08084154033479,223,0,539.1398111177693
5249,1,554,542.6,10.188228501560037,223,0,541.5150014955094
5250,1,554,548.2,7.949842765740864,223,1,543.4983402781321
5251,2,544,546.2,4.3817804600413455,223,0,541.6581026703786
5252,2,544,548.2,7.949842765740864,223,1,541.7697030006333
5253,3,558,549.0,6.557438524302009,223,0,546.3448345616301
5254,3,558,551.0,8.544003745317665,223,1,547.5432389995987
5255,4,556,551.2,6.723094525588648,223,0,547.2134605897678
5256,4,556,554.2,6.016643582596718,223,1,551.6667791611103
5257,0,539,540.2,1.303840481040656,224,1,539.1398111177693
5258,1,542,540.8,1.3038404810405635,224,0,539.5400394153459
5259,1,542,540.8,1.303840481040656,224,1,539.5400394153459
5260,0,539,540.6,1.5165750888103466,224,0,539.1398111177693
5261,0,539,540.6,1.5165750888104264,224,1,539.1398111177693
5262,2,543,541.0,1.870828693387001,224,0,539.5400394153459
5263,2,543,541.0,1.8708286933870657,224,1,539.5400394153459
5264,3,537,540.0,2.4494897427832507,224,1,539.1398111177693
5265,3,537,540.0,2.4494897427832014,224,0,539.1398111177693
5266,4,541,540.4,2.408318915758484,224,0,539.1398111177693
5267,4,541,540.4,2.408318915758534,224,1,539.1398111177693
5268,5,543,540.6,2.607680962081077,224,0,539.7454385754695
5269,5,543,540.6,2.607680962081123,224,1,539.7454385754695
5270,1,542,541.2,2.48997991959776,224,0,539.5400394153459
5271,1,542,541.2,2.4899799195978085,224,1,539.5400394153459
5272,2,540,540.6,2.3021728866442888,224,0,539.1398111177693
5273,2,540,540.6,2.302172886644341,224,1,539.1398111177693
5274,3,538,540.8,1.9235384061672052,224,1,539.5400394153459
5275,3,538,540.8,1.9235384061671423,224,0,539.5400394153459
5276,4,541,540.8,1.9235384061671423,224,0,539.5400394153459
5277,4,541,540.8,1.9235384061672052,224,1,539.5400394153459
5278,0,544,541.0,2.3452078799117086,225,1,539.5400394153459
5279,1,542,541.6,2.0736441353327644,225,1,539.5400394153459
5280,1,542,540.6,3.6469165057620554,225,0,539.1398111177693
5281,1,543,542.4,1.5165750888102951,225,1,539.7863642180106
5282,1,543,542.2,1.9235384061670464,225,0,539.7863642180106
5283,3,543,542.4,1.5165750888102951,225,1,539.7863642180106
5284,4,542,542.8,0.8366600265340518,225,1,539.7863642180106
5285,4,543,543.0,0.7071067811862762,225,0,539.7863642180106
5286,5,541,542.6,1.1401754250989746,225,0,540.3919916757108
5287,5,541,542.2,0.8366600265340518,225,1,540.3919916757108
5288,1,542,542.2,0.8366600265340518,225,1,539.7863642180106
5289,1,542,542.2,0.8366600265338607,225,0,539.7863642180106
5290,3,546,543.0,1.8708286933868736,225,0,539.8951073418574
5291,4,546,542.8,1.923538406167139,225,1,539.8951073418574
5292,4,541,542.6,2.0736441353326875,225,0,539.7863642180106
5293,5,541,542.2,2.167948338867804,225,0,540.3919916757108
5294,5,541,542.4,2.0736441353327733,225,1,540.3919916757108
5295,0,551,544.2,4.324349662087879,225,0,541.9132916763936
5296,0,551,544.2,4.32434966208792,225,1,541.9132916763936
5297,1,541,544.2,4.32434966208792,225,1,540.1846543988947
5298,2,541,544.0,4.472135954999526,225,0,540.1846543988947
5299,2,541,544.0,4.472135954999566,225,1,540.1846543988947
5300,3,546,544.0,4.472135954999526,225,0,540.2933975227415
5301,3,546,544.0,4.472135954999566,225,1,540.2933975227415
5302,4,535,542.8,6.016643582596481,225,0,539.3386168869597
5303,4,535,542.8,6.01664358259651,225,1,539.3386168869597
5304,2,538,527.2,9.148770409186136,226,0,534.1206426513455
5305,0,534,531.2,5.63027530410376,226,1,533.387767337656
5306,0,534,531.2,5.630275304103665,226,0,533.387767337656
5307,1,529,531.2,5.63027530410376,226,1,532.6657626476696
5308,1,529,531.2,5.630275304103665,226,0,532.6657626476696
5309,2,529,530.6,5.683308895353191,226,1,532.6657626476696
5310,2,529,530.6,5.683308895353097,226,0,532.6657626476696
5311,3,533,532.6,3.781534080237893,226,1,533.9572611960762
5312,3,533,532.6,3.7815340802377526,226,0,533.9572611960762
5313,4,534,531.8,2.5884358211088903,226,0,533.913453406085
5314,4,534,531.8,2.588435821109096,226,1,533.913453406085
5315,5,532,531.4,2.3021728866444184,226,1,533.8652013550005
5316,1,532,531.4,2.302172886644186,226,0,532.6657626476696
5317,2,534,532.4,2.073644135332946,226,1,534.0804604076277
5318,2,540,533.6,4.03732584763722,226,0,536.5814594070625
5319,3,542,536.2,4.494441010848789,226,0,538.0673541807574
5320,3,542,535.0,4.000000000000093,226,1,537.2996593488394
5321,4,534,535.2,3.898717737923684,226,1,536.5667840351499
5322,4,534,536.4,4.335896677735693,226,0,537.463505513103
5323,5,544,537.2,5.403702434442579,226,1,538.8853923332586
5324,5,544,538.4,5.176871642217863,226,0,539.7454385754695
5325,0,538,539.6,3.8470768123342087,226,0,539.1398111177693
5326,0,538,538.4,4.560701700396614,226,1,539.1398111177693
5327,1,540,539.6,3.8470768123342087,226,0,539.1398111177693
5328,1,540,539.6,3.8470768123343473,226,1,539.1398111177693
5329,2,541,539.4,3.714835124201427,226,1,539.1398111177693
5330,2,541,539.4,3.7148351242012834,226,0,539.1398111177693
5331,3,540,540.6,2.1908902300205746,226,0,539.1398111177693
5332,3,540,540.6,2.190890230020818,226,1,539.1398111177693
5333,4,540,539.8,1.095445115010165,226,0,539.1398111177693
5334,1,539,539.2,2.387467277262677,227,0,539.1398111177693
5335,2,543,540.0,2.9154759474226988,227,1,539.1398111177693
5336,2,543,540.2,2.774887385102322,227,0,539.1398111177693
5337,3,536,539.2,3.2710854467592343,227,0,538.974277976794
5338,3,536,539.6,3.3615472627943683,227,1,538.974277976794
5339,4,537,538.8,3.420526275297457,227,1,539.1398111177693
5340,4,537,539.4,3.049590136395381,227,0,539.1398111177693
5341,5,541,539.8,3.114482300479544,227,1,539.7454385754695
5342,5,541,539.2,2.8635642126552625,227,0,539.7454385754695
5343,1,535,538.4,3.4351128074635766,227,1,538.5426526000855
5344,1,535,538.4,3.435112807463523,227,0,538.5426526000855
5345,3,544,538.6,3.781534080237788,227,0,539.1398111177693
5346,3,544,538.6,3.781534080237837,227,1,539.1398111177693
5347,4,512,533.8,12.676750372236553,227,0,535.596854658727
5348,4,512,533.8,12.676750372236564,227,1,535.596854658727
5349,0,541,534.6,13.049904214207851,227,1,537.051734662403
5350,0,541,534.6,13.049904214207835,227,0,537.051734662403
5351,1,541,534.6,13.049904214207851,227,1,537.051734662403
5352,1,541,534.6,13.049904214207835,227,0,537.051734662403
5353,2,539,535.4,13.20227253165149,227,0,537.2996593488394
5354,2,539,535.4,13.202272531651506,227,1,537.2996593488394
5355,3,540,534.6,12.660963628413096,227,0,537.051734662403
5356,3,540,534.6,12.660963628413112,227,1,537.051734662403
5357,4,533,538.8,3.346640106136167,227,0,538.2837365925283
5358,4,533,538.8,3.3466401061362263,227,1,538.2837365925283
5359,0,536,539.2,2.167948338867859,228,0,538.974277976794
5360,2,543,539.8,2.774887385102316,228,0,539.1398111177693
5361,2,543,539.8,2.7748873851023146,228,1,539.1398111177693
5362,3,537,539.4,3.049590136395375,228,0,539.1398111177693
5363,3,537,539.4,3.049590136395374,228,1,539.1398111177693
5364,4,541,539.2,2.863564212655255,228,1,539.1398111177693
5365,4,541,539.2,2.8635642126552563,228,0,539.1398111177693
5366,5,542,539.8,3.114482300479479,228,0,539.7454385754695
5367,5,542,539.8,3.114482300479477,228,1,539.7454385754695
5368,1,542,541.0,2.345207879911713,228,1,539.5400394153459
5369,1,542,541.0,2.345207879911715,228,0,539.5400394153459
5370,2,540,540.4,2.0736441353327697,228,1,539.1398111177693
5371,2,540,540.4,2.0736441353327715,228,0,539.1398111177693
5372,3,538,540.6,1.673320053068161,228,1,539.1398111177693
5373,3,538,540.6,1.673320053068163,228,0,539.1398111177693
5374,5,542,540.8,1.7888543819998464,228,1,540.145666873046
5375,5,542,540.8,1.7888543819998484,228,0,540.145666873046
5376,0,537,539.8,2.280350850198275,228,1,539.1398111177693
5377,0,537,539.8,2.2803508501982765,228,0,539.1398111177693
5378,1,537,538.8,2.1679483388678675,228,0,539.1398111177693
5379,1,537,538.8,2.1679483388678658,228,1,539.1398111177693
5380,2,537,538.2,2.1679483388678658,228,1,539.1398111177693
5381,2,537,538.2,2.1679483388678675,228,0,539.1398111177693
5382,3,538,538.2,2.1679483388678658,228,1,539.1398111177693
5383,4,538,538.2,2.1679483388678675,228,0,539.1398111177693
5384,4,538,537.4,0.5477225575051635,228,1,538.2797648755584
5385,1,547,538.6,10.358571330062908,229,0,540.2433557765261
5386,2,523,539.4,10.064790112068962,229,1,537.6849311140934
5387,0,567,544.6,16.040573555830257,229,1,542.3132430967297
5388,0,523,536.4,12.521980673998868,229,0,536.7415008231166
5389,1,524,541.8,18.51215816699935,229,1,538.0287495631735
5390,1,524,536.6,12.259690045021584,229,0,536.8248848718824
5391,3,509,530.2,16.87305544351709,229,0,532.3408978443256
5392,3,509,534.0,22.934689882359443,229,1,535.271989855383
5393,4,529,526.4,13.704014010500789,229,0,532.2110609978799
5394,4,529,530.4,21.766947420343545,229,1,532.3408978443256
5395,5,523,530.4,21.766947420343545,229,1,533.8652013550005
5396,1,523,521.6,7.469939758793354,229,0,529.0422247974294
5397,1,540,525.0,11.202678251204055,229,1,533.6659410015559
5398,2,513,522.8,12.457929201917958,229,1,529.7996366288131
5399,3,536,528.2,10.709808588392246,229,1,533.9551095103702
5400,4,541,530.6,12.177848742696726,229,1,534.1206426513455
5401,5,522,530.4,12.340988615179908,229,1,533.8652013550005
5402,5,513,519.6,8.294576541331196,229,0,525.2479430530426
5403,0,526,527.6,11.14899098573499,229,1,532.6657626476696
5404,0,526,520.0,8.602325267042731,229,0,527.6702731275469
5405,1,554,535.8,12.69645619848311,229,1,539.7959914582563
5406,1,554,529.0,15.215124054703,229,0,536.3586268089413
5407,2,541,531.4,16.133815419794598,229,0,533.7957778480015
5408,2,541,536.8,12.911235417263534,229,1,538.2797648755584
5409,3,540,534.8,15.706686474237715,229,0,537.051734662403
5410,3,540,536.6,12.837445228704976,229,1,538.2797648755584
5411,4,547,541.6,10.358571330062851,229,1,540.6435840741026
5412,0,543,538.2,2.7748873851023284,230,0,539.1398111177693
5413,1,532,537.4,3.911521443121585,230,0,536.8248848718824
5414,1,532,536.8,4.024922359499603,230,1,536.8248848718824
5415,2,537,537.2,3.898717737923581,230,0,538.2797648755584
5416,2,537,536.8,4.024922359499603,230,1,538.2797648755584
5417,3,543,538.0,4.898979485566341,230,1,538.5560493117471
5418,3,543,538.4,4.6690470119715,230,0,539.1398111177693
5419,4,533,536.0,4.358898943540655,230,1,537.2112796555164
5420,4,533,537.6,5.272570530585631,230,0,537.4236903503173
5421,5,534,535.8,4.438468204234435,230,0,537.9401063247681
5422,5,534,535.8,4.438468204234409,230,1,537.9401063247681
5423,1,534,536.2,4.086563348340527,230,0,537.3344788670679
5424,1,534,536.2,4.086563348340498,230,1,537.3344788670679
5425,3,542,537.2,4.868264577855219,230,1,538.2797648755584
5426,3,542,537.2,4.868264577855243,230,0,538.2797648755584
5427,4,535,535.6,3.6469165057620847,230,1,537.0876018428063
5428,4,535,535.6,3.6469165057621167,230,0,537.0876018428063
5429,5,537,536.4,3.36154726279431,230,1,538.8020082844927
5430,0,537,537.0,3.082207001484478,230,1,538.2797648755584
5431,0,537,536.4,3.361547262794345,230,0,538.1963808267925
5432,1,539,537.4,3.209361307176271,230,0,538.2797648755584
5433,1,539,538.0,2.6457513110645787,230,1,538.5560493117471
5434,2,535,537.6,2.966479394838303,230,0,537.6826063578745
5435,2,535,536.6,1.6733200530681354,230,1,537.6826063578745
5436,3,537,536.6,1.6733200530682266,230,0,538.2797648755584
5437,3,537,537.0,1.4142135623730725,230,1,538.2797648755584
5438,4,550,548.6,15.22497947453464,231,0,543.8497570147472
5439,1,537,550.4,12.461942063739537,231,0,544.0393248643051
5440,2,537,554.4,15.852444606432174,231,1,547.6156833361811
5441,2,544,550.6,12.320714265009189,231,0,544.0393248643051
5442,3,522,541.0,12.124355652982183,231,0,538.2345705983029
5443,3,522,544.4,17.643695757975433,231,1,538.3366567103903
5444,1,544,544.2,2.863564212655136,232,1,540.1846543988947
5445,0,544,544.2,2.8635642126551706,232,0,540.1846543988947
5446,1,540,543.2,3.346640106136225,232,0,540.1846543988947
5447,2,543,543.8,2.8635642126551706,232,0,540.1846543988947
5448,2,544,544.0,2.828427124746056,232,1,540.1846543988947
5449,3,542,544.4,2.190890230020487,232,1,540.1846543988947
5450,3,542,542.6,1.6733200530679635,232,0,539.7863642180106
5451,4,533,540.4,4.393176527297683,232,0,538.2837365925283
5452,4,533,541.4,4.774934554525238,232,1,538.8333760767377
5453,5,545,540.6,4.615192303685651,232,0,539.7454385754695
5454,5,545,541.6,4.929503017546403,232,1,540.145666873046
5455,1,540,540.6,4.615192303685651,232,0,539.1398111177693
5456,1,540,540.8,4.764451699828544,232,1,539.5400394153459
5457,2,542,540.4,4.505552130427446,232,0,539.1398111177693
5458,2,542,540.4,4.505552130427421,232,1,539.1398111177693
5459,3,543,540.6,4.615192303685626,232,1,539.1398111177693
5460,3,543,540.6,4.615192303685651,232,0,539.1398111177693
5461,4,543,542.6,1.8165902124582791,232,0,539.7863642180106
5462,4,543,542.6,1.8165902124582145,232,1,539.7863642180106
5463,5,541,541.8,1.303840481040231,232,0,540.2647106412606
5464,5,541,541.8,1.3038404810401412,232,1,540.2647106412606
5465,0,542,542.2,0.8366600265336271,232,0,539.7863642180106
5466,0,542,542.2,0.836660026533487,232,1,539.7863642180106
5467,1,546,543.0,1.8708286933867693,232,0,539.8951073418574
5468,1,546,543.0,1.8708286933867069,232,1,539.8951073418574
5469,2,547,543.8,2.58843582110882,232,0,541.2881990576515
5470,3,547,543.8,2.588435821108775,232,1,541.2881990576515
5471,3,547,544.6,2.8809720581774627,232,0,541.2881990576515
5472,4,548,546.0,2.345207879911557,232,0,543.0629041030869
5473,4,548,544.8,3.114482300479345,232,1,541.589455831603
5474,0,572,547.0,19.313207915828,233,0,543.7866913682136
5475,5,540,548.2,18.471599822430147,233,0,542.4603679247168
5476,0,528,541.2,18.08867048735207,233,0,537.9097057949589
5477,2,555,546.6,17.169740825067848,233,0,542.8442110764161
5478,5,1016,549.6,16.592166826548045,233,0,549.0999548886335
5479,5,1016,552.0,16.777961735562496,233,1,551.2848466890856
5480,0,560,547.2,13.026895255585709,233,0,544.329220239675
5481,1,554,550.0,12.589678312014223,233,0,546.6949079989398
5482,1,560,557.6,12.581732790041254,233,1,553.6482521073716
5483,2,556,555.6,2.701851217221501,233,0,552.3907738213262
5484,3,534,551.4,10.089598604503609,233,0,543.7355166507535
5485,4,545,549.8,10.401922899156729,233,0,544.0393248643051
5486,0,532,544.0,7.681145747868603,234,1,538.8791855818517
5487,0,532,545.2,11.691877522451206,234,0,540.2309799032073
5488,1,526,540.2,13.75499909123952,234,0,537.6849311140934
5489,1,526,541.0,11.24722187920199,234,1,538.2345705983029
5490,3,535,538.6,13.813037319865613,234,0,538.5426526000855
5491,3,532,532.6,4.44971909225743,234,0,533.3584557176413
5492,3,535,538.2,10.473776778220929,234,1,538.5426526000855
5493,1,539,538.8,1.9235384061670964,235,0,539.1398111177693
5494,3,542,539.2,2.3874672772626098,235,1,539.1398111177693
5495,3,542,539.2,2.3874672772626218,235,0,539.1398111177693
5496,4,537,539.0,2.549509756796349,235,0,539.1398111177693
5497,4,537,539.0,2.549509756796338,235,1,539.1398111177693
5498,5,542,539.2,2.7748873851022746,235,0,539.7454385754695
5499,5,542,539.2,2.7748873851022644,235,1,539.7454385754695
5500,1,535,539.0,3.0822070014844294,235,1,538.5426526000855
5501,1,535,539.0,3.0822070014844387,235,0,538.5426526000855
5502,3,544,540.0,3.8078865529319055,235,1,539.1398111177693
5503,3,544,540.0,3.807886552931914,235,0,539.1398111177693
5504,4,541,539.8,3.7013511046643104,235,0,539.1398111177693
5505,4,541,539.8,3.701351104664303,235,1,539.1398111177693
5506,5,541,540.6,3.361547262794285,235,0,539.7454385754695
5507,5,541,540.6,3.3615472627942764,235,1,539.7454385754695
5508,0,537,539.6,3.5777087639996243,235,1,539.1398111177693
5509,0,537,539.6,3.5777087639996323,235,0,539.1398111177693
5510,1,541,540.8,2.489979919597684,235,1,539.5400394153459
5511,1,541,540.8,2.489979919597696,235,0,539.5400394153459
5512,2,539,539.8,1.7888543819997291,235,1,539.1398111177693
5513,2,539,539.8,1.7888543819997451,235,0,539.1398111177693
5514,3,541,539.8,1.7888543819997451,235,0,539.1398111177693
5515,3,541,539.8,1.7888543819997291,235,1,539.1398111177693
5516,4,565,544.6,11.523888232710323,235,0,542.8557719681911
5517,4,565,544.6,11.523888232710323,235,1,542.8557719681911
5518,0,545,543.8,1.6431676725157154,236,0,540.1846543988947
5519,0,545,543.8,1.6431676725155813,236,1,540.1846543988947
5520,1,547,544.8,1.788854381999924,236,1,541.2881990576515
5521,1,547,544.8,1.788854382000047,236,0,541.2881990576515
5522,2,653,546.2,1.788854381999924,236,1,544.329220239675
5523,2,653,546.2,1.788854382000047,236,0,544.329220239675
5524,3,541,545.4,2.966479394838387,236,0,541.6581026703786
5525,3,541,545.4,2.966479394838313,236,1,541.6581026703786
5526,2,547,545.8,3.0331501776206697,236,1,542.7616473291354
5527,2,547,545.8,3.0331501776207426,236,0,542.7616473291354
5528,3,549,546.6,3.2863353450310417,236,1,543.0629041030869
5529,3,549,546.6,3.286335345031109,236,0,543.0629041030869
5530,5,541,545.4,4.098780306383872,236,1,542.5664316625796
5531,5,541,545.4,4.098780306383926,236,0,542.5664316625796
5532,0,544,544.4,3.5777087639997585,236,0,540.1846543988947
5533,1,545,545.2,3.033150177620737,236,0,541.5364487202503
5534,1,544,544.4,3.5777087639996967,236,1,540.1846543988947
5535,2,556,547.4,5.683308895353157,236,1,543.737236955455
5536,3,556,547.0,5.787918451395176,236,0,543.6256366252004
5537,3,553,548.6,6.188699378706344,236,1,544.409260369134
5538,0,537,536.4,4.56070170039647,237,1,538.1963808267925
5539,0,537,536.4,4.560701700396662,237,0,538.1963808267925
5540,1,532,535.0,4.636809247747959,237,0,535.8447793451635
5541,0,533,535.8,3.563705936241225,237,0,537.2112796555164
5542,0,532,535.0,4.636809247747769,237,1,535.8447793451635
5543,1,529,533.4,3.2093613071763736,237,0,535.1265794033866
5544,1,529,535.0,4.636809247747769,237,1,535.8447793451635
5545,3,533,532.8,2.863564212655415,237,0,533.9572611960762
5546,5,536,532.6,2.5099800796023746,237,0,535.5587111961034
5547,2,529,532.0,3.000000000000123,237,0,533.1914487160985
5548,4,536,532.6,3.5071355833501383,237,0,534.6478025803419
5549,4,533,533.4,3.2093613071761227,237,1,535.7253848818215
5550,0,545,535.8,5.890670590009326,237,0,538.0673541807574
5551,0,545,535.2,6.180614856144902,237,1,537.2996593488394
5552,1,545,536.8,7.628892449104208,237,1,538.2797648755584
5553,2,545,538.2,6.833739825308011,237,0,539.1398111177693
5554,2,551,540.6,9.208691546577027,237,1,540.8684483952682
5555,3,536,538.2,6.833739825308011,237,0,538.974277976794
5556,3,536,542.0,7.348469228349475,237,1,539.6208310770353
5557,4,527,537.8,7.529940238806712,237,0,537.1011693080711
5558,4,527,540.8,9.39148550549906,237,1,538.2345705983029
5559,0,543,544.6,15.469324484281753,238,0,540.1846543988947
5560,0,538,551.4,16.364595931461313,238,1,543.7764519063487
5561,0,558,542.6,11.928956366757276,238,0,542.0836765826632
5562,0,558,549.4,14.31083505599866,238,1,546.7846515700874
5563,2,573,547.2,18.253766734567375,238,0,543.7866913682136
5564,3,570,554.6,18.55532268649614,238,0,551.8278339041235
5565,3,573,550.4,16.009372255026122,238,1,547.094859419276
5566,4,562,561.2,11.819475453673826,238,0,555.3471123081414
5567,4,542,540.2,1.6431676725155144,239,1,539.1398111177693
5568,5,541,540.2,1.643167672515683,239,0,539.7454385754695
5569,5,541,540.8,1.0954451150103433,239,1,540.145666873046
5570,5,539,540.8,1.0954451150103433,239,1,540.145666873046
5571,5,539,540.4,1.3416407865000846,239,0,539.7454385754695
5572,2,542,541.0,1.224744871391824,239,0,539.5400394153459
5573,2,542,541.0,1.2247448713915978,239,1,539.5400394153459
5574,3,538,540.4,1.8165902124584965,239,1,539.1398111177693
5575,3,538,540.4,1.8165902124586488,239,0,539.1398111177693
5576,4,541,540.2,1.643167672515493,239,1,539.1398111177693
5577,4,541,540.2,1.6431676725156614,239,0,539.1398111177693
5578,0,541,540.2,1.643167672515493,239,1,539.1398111177693
5579,0,541,540.2,1.6431676725156614,239,0,539.1398111177693
5580,1,537,539.8,2.1679483388679905,239,0,539.1398111177693
5581,1,537,539.8,2.167948338867862,239,1,539.1398111177693
5582,2,537,538.8,2.0493901531920224,239,0,539.1398111177693
5583,2,537,538.8,2.0493901531918874,239,1,539.1398111177693
5584,3,539,539.0,2.0000000000001084,239,0,539.1398111177693
5585,3,539,539.0,1.9999999999999696,239,1,539.1398111177693
5586,0,537,533.6,5.813776741499479,240,0,536.5814594070625
5587,1,545,536.4,7.402702209328723,240,0,538.1963808267925
5588,1,545,536.4,7.402702209328744,240,1,538.1963808267925
5589,2,540,539.4,3.7815340802378654,240,0,539.1398111177693
5590,2,540,539.4,3.781534080237908,240,1,539.1398111177693
5591,3,536,539.6,3.5071355833501068,240,0,538.974277976794
5592,3,536,539.6,3.5071355833501525,240,1,538.974277976794
5593,4,535,538.6,4.037325847637335,240,0,538.5426526000855
5594,4,535,538.6,4.037325847637375,240,1,538.5426526000855
5595,4,587,538.8,3.962322551231893,240,1,541.198226805099
5596,5,587,538.8,3.962322551231853,240,0,543.054687452618
5597,5,582,546.2,20.104725812604364,240,1,546.2707183535774
5598,0,579,545.6,18.769656363396752,240,0,543.7866913682136
5599,0,579,554.0,24.23839928708165,240,1,551.8278339041235
5600,2,576,564.0,12.569805089976542,241,0,557.301218927173
5601,2,576,563.0,9.695359714832694,241,1,556.8697047232266
5602,0,540,558.8,16.346253393362037,241,0,548.2823437468938
5603,0,540,559.4,14.27585373979436,241,1,548.8248726183552
5604,3,558,560.0,15.937377450509228,241,0,554.0340406696544
5605,3,558,558.0,13.92838827718414,241,1,553.2744469027278
5606,4,561,562.2,14.93987951758648,241,0,555.0455853021257
5607,4,561,557.0,13.379088160259672,241,1,553.6482521073716
5608,5,548,542.6,5.458937625582455,242,1,541.796793108419
5609,0,537,543.2,4.324349662087931,242,0,540.1846543988947
5610,0,537,543.2,4.324349662087912,242,1,540.1846543988947
5611,0,552,544.8,5.890670590009252,242,1,541.9132916763936
5612,0,552,544.8,5.890670590009266,242,0,541.9132916763936
5613,1,533,543.2,7.918333157931671,242,1,539.4779910602866
5614,1,533,543.2,7.918333157931682,242,0,539.4779910602866
5615,3,537,541.4,8.142481194328933,242,0,539.5400394153459
5616,3,537,541.4,8.142481194328923,242,1,539.5400394153459
5617,5,530,537.8,8.467585252006618,242,1,537.5426829148333
5618,5,530,537.8,8.467585252006629,242,0,537.5426829148333
5619,1,540,538.4,8.502940667792537,242,0,539.1398111177693
5620,1,540,538.4,8.502940667792526,242,1,539.1398111177693
5621,5,541,536.2,4.65832587954083,242,1,538.6729816384576
5622,5,541,536.2,4.658325879540849,242,0,538.6729816384576
5623,0,560,541.6,11.148990985734972,242,1,542.0122892213798
5624,3,560,541.6,11.14899098573498,242,0,542.0122892213798
5625,3,541,542.4,10.876580344942964,242,1,539.7863642180106
5626,4,540,542.2,10.917875251164936,242,0,539.7863642180106
5627,4,540,544.4,8.734987120768963,242,1,540.1846543988947
5628,0,537,538.4,2.607680962081187,243,1,539.1398111177693
5629,0,537,538.4,2.6076809620810835,243,0,539.1398111177693
5630,1,533,537.6,3.5777087639997625,243,1,537.4236903503173
5631,1,533,537.6,3.577708763999687,243,0,537.4236903503173
5632,0,541,538.2,3.898717737923602,243,0,539.1398111177693
5633,0,541,538.2,3.898717737923672,243,1,539.1398111177693
5634,1,541,539.0,4.000000000000014,243,0,539.1398111177693
5635,1,541,539.0,4.000000000000082,243,1,539.1398111177693
5636,2,538,538.0,3.316624790355417,243,0,538.5560493117471
5637,2,538,538.0,3.3166247903554984,243,1,538.5560493117471
5638,3,544,539.4,4.159326868617167,243,1,539.1398111177693
5639,3,544,539.4,4.159326868617102,243,0,539.1398111177693
5640,4,533,539.4,4.159326868617102,243,0,538.2837365925283
5641,4,533,539.4,4.159326868617167,243,1,538.2837365925283
5642,5,535,538.2,4.438468204234511,243,1,539.1482800577857
5643,5,535,538.2,4.43846820423445,243,0,539.1482800577857
5644,1,534,536.8,4.438468204234511,243,1,537.5468895618689
5645,3,534,536.8,4.43846820423445,243,0,537.5468895618689
5646,3,542,537.6,5.029910535983784,243,1,538.2797648755584
5647,4,535,535.8,3.563705936241192,243,1,537.4701956630736
5648,4,535,536.2,4.43846820423445,243,0,537.4701956630736
5649,5,537,536.6,3.2093613071763585,243,1,538.8853923332586
5650,0,537,534.8,1.4832396974192414,243,0,537.051734662403
5651,0,537,537.0,3.082207001484607,243,1,538.2797648755584
5652,1,540,536.2,2.387467277262726,243,0,538.0673541807574
5653,1,540,538.2,2.7748873851024487,243,1,539.1398111177693
5654,2,535,536.2,2.387467277262726,243,0,537.4701956630736
5655,2,535,536.8,2.049390153192099,243,1,537.6826063578745
5656,2,542,540.0,2.3452078799115528,244,0,539.1398111177693
5657,2,542,540.0,2.3452078799118845,244,1,539.1398111177693
5658,3,536,539.0,2.82842712474633,244,1,538.974277976794
5659,3,536,539.0,2.828427124746056,244,0,538.974277976794
5660,4,537,539.2,2.588435821108816,244,0,539.1398111177693
5661,4,537,539.2,2.5884358211091167,244,1,539.1398111177693
5662,5,541,539.2,2.5884358211091167,244,1,539.7454385754695
5663,5,541,539.2,2.588435821108816,244,0,539.7454385754695
5664,1,535,538.2,3.11448230047938,244,0,538.5426526000855
5665,1,535,538.2,3.1144823004796294,244,1,538.5426526000855
5666,3,544,538.6,3.7815340802377206,244,0,539.1398111177693
5667,3,544,538.6,3.7815340802379263,244,1,539.1398111177693
5668,4,540,539.4,3.5071355833501627,244,1,539.1398111177693
5669,4,540,539.4,3.5071355833499407,244,0,539.1398111177693
5670,5,541,540.2,3.271085446759124,244,0,539.7454385754695
5671,5,541,540.2,3.2710854467593613,244,1,539.7454385754695
5672,0,536,539.2,3.7013511046642673,244,0,538.974277976794
5673,0,536,539.2,3.701351104664477,244,1,538.974277976794
5674,1,540,540.2,2.8635642126551546,244,0,539.1398111177693
5675,1,540,540.2,2.8635642126554264,244,1,539.1398111177693
5676,2,539,539.2,1.9235384061673808,244,1,539.1398111177693
5677,2,539,539.2,1.9235384061669765,244,0,539.1398111177693
5678,3,540,539.2,1.9235384061669765,244,0,539.1398111177693
5679,3,540,539.2,1.9235384061673808,244,1,539.1398111177693
5680,4,533,537.6,3.049590136395291,244,0,537.4236903503173
5681,4,533,537.6,3.049590136395546,244,1,537.4236903503173
5682,1,545,538.8,5.118593556827883,245,0,539.1398111177693
5683,0,536,537.8,5.069516742254617,245,0,538.3905161707718
5684,2,546,540.2,5.630275304103684,245,0,539.2485542416161
5685,2,536,537.8,5.069516742254535,245,1,538.3905161707718
5686,3,535,539.0,6.041522986797273,245,0,538.5426526000855
5687,4,535,538.0,4.898979485566263,245,1,537.9588907940632
5688,4,536,539.6,5.412947441089731,245,0,538.974277976794
5689,5,541,538.0,4.898979485566263,245,1,539.1616767694472
5690,1,536,538.6,4.277849927241383,245,1,538.974277976794
5691,1,541,538.8,4.65832587954084,245,0,539.1398111177693
5692,3,543,540.2,4.65832587954084,245,0,539.1398111177693
5693,3,543,538.2,3.563705936240964,245,1,539.1398111177693
5694,4,540,539.0,3.391164991562637,245,0,539.1398111177693
5695,4,540,539.0,3.391164991562494,245,1,539.1398111177693
5696,5,541,540.2,2.588435821108958,245,0,539.7454385754695
5697,5,541,540.2,2.588435821108772,245,1,539.7454385754695
5698,1,536,540.2,2.588435821108958,245,0,538.974277976794
5699,1,536,539.2,3.114482300479343,245,1,538.974277976794
5700,2,539,539.8,2.588435821108772,245,1,539.1398111177693
5701,2,539,539.8,2.588435821108958,245,0,539.1398111177693
5702,3,540,539.2,1.9235384061671223,245,0,539.1398111177693
5703,3,540,539.2,1.923538406166871,245,1,539.1398111177693
5704,4,534,538.0,2.915475947422644,245,0,537.8231739980575
5705,4,534,538.0,2.9154759474224785,245,1,537.8231739980575
5706,1,542,543.6,2.408318915758481,246,1,540.1846543988947
5707,1,543,543.6,2.408318915758481,246,1,540.1846543988947
5708,1,543,543.6,2.408318915758513,246,0,540.1846543988947
5709,3,543,544.0,2.0000000000000213,246,1,540.1846543988947
5710,3,543,544.0,2.0000000000000604,246,0,540.1846543988947
5711,4,543,543.2,1.0954451150103723,246,1,540.1846543988947
5712,4,543,543.2,1.0954451150104438,246,0,540.1846543988947
5713,5,541,542.4,0.8944271909999739,246,1,540.3919916757108
5714,5,541,542.4,0.8944271910000613,246,0,540.3919916757108
5715,1,542,542.4,0.8944271909999739,246,1,539.7863642180106
5716,1,542,542.4,0.8944271910000613,246,0,539.7863642180106
5717,2,545,542.8,1.4832396974191766,246,1,539.7863642180106
5718,2,545,542.8,1.4832396974192297,246,0,539.7863642180106
5719,3,552,544.6,4.393176527297768,246,1,541.9132916763936
5720,3,552,544.6,4.393176527297785,246,0,541.9132916763936
5721,4,541,544.2,4.658325879540875,246,0,540.1846543988947
5722,4,541,544.2,4.658325879540858,246,1,540.1846543988947
5723,5,540,544.0,4.847679857416352,246,0,540.7902818565949
5724,5,540,544.0,4.847679857416336,246,1,540.7902818565949
5725,0,552,546.0,5.787918451395131,246,0,543.3867399478775
5726,0,552,546.0,5.787918451395118,246,1,543.3867399478775
5727,1,541,545.2,6.220932405998338,246,0,541.5364487202503
5728,1,541,545.2,6.220932405998326,246,1,541.5364487202503
5729,2,541,543.0,5.049752469181076,246,0,539.7863642180106
5730,2,541,543.0,5.049752469181061,246,1,539.7863642180106
5731,3,546,544.0,5.049752469181076,246,0,540.2933975227415
5732,3,546,544.0,5.049752469181061,246,1,540.2933975227415
5733,4,535,543.0,6.363961030678957,246,0,539.3386168869597
5734,4,578,556.6,22.51221890440836,247,0,553.1057232359102
5735,4,578,563.2,20.029977533686814,247,1,556.0256488457495
5736,5,549,557.6,21.91574776273904,247,0,551.1440218391167
5737,5,549,559.0,20.445048300260844,247,1,551.1440218391167
5738,5,569,563.4,19.83179265724612,247,0,558.7507594645391
5739,5,569,564.0,18.854707634964768,247,1,559.2427170410754
5740,0,563,559.2,16.284962388657853,247,0,553.1057232359102
5741,0,563,568.6,13.61249426078846,247,1,561.3964837040396
5742,2,574,566.6,11.326958991715316,247,0,560.9711236863917
5743,2,574,566.6,11.326958991715244,247,1,560.9711236863917
5744,4,548,560.6,11.717508267545648,247,0,552.152217115803
5745,4,548,560.6,11.71750826754558,247,1,552.152217115803
5746,2,606,540.8,6.180614856144993,248,0,542.0122892213798
5747,4,546,541.8,6.610597552415431,248,1,539.7678263074073
5748,4,546,541.8,6.610597552415383,248,0,539.7678263074073
5749,0,594,539.2,4.2071367935926185,248,1,541.198226805099
5750,0,594,539.2,4.207136793592542,248,0,541.198226805099
5751,1,547,540.6,5.504543577809163,248,0,540.2433557765261
5752,1,547,540.6,5.504543577809222,248,1,540.2433557765261
5753,3,543,542.2,4.549725266431007,248,1,539.7863642180106
5754,5,541,543.0,3.674234614174851,248,1,540.3919916757108
5755,5,543,542.2,4.549725266430936,248,0,540.3919916757108
5756,0,549,544.6,4.277849927241482,248,0,541.589455831603
5757,1,545,544.4,4.219004621945793,248,0,540.1846543988947
5758,1,549,543.6,4.449719092257463,248,1,541.589455831603
5759,2,549,546.6,2.6076809620810577,248,0,543.0629041030869
5760,2,549,545.8,3.633180424917071,248,1,543.0629041030869
5761,3,559,548.2,7.014271166700103,248,1,544.0670153652859
5762,3,559,549.0,6.164414002968976,248,0,546.3448345616301
5763,4,551,550.6,5.176871642217913,248,0,546.3274654961907
5764,4,551,549.8,6.418722614352513,248,1,546.3274654961907
5765,5,551,551.6,1.81659021245841,249,1,548.1998718836143
5766,5,551,550.6,3.84707681233431,249,0,547.2357944883917
5767,0,558,553.4,2.7928480087538423,249,0,551.9965575709411
5768,0,558,552.8,3.42052627529738,249,1,550.8945633753636
5769,1,565,556.0,5.700877125495717,249,0,553.6482521073716
5770,1,565,556.0,5.7008771254956745,249,1,553.6482521073716
5771,2,562,557.6,6.107372593841011,249,0,553.6482521073716
5772,2,562,557.6,6.107372593840971,249,1,553.6482521073716
5773,3,552,557.6,6.107372593841011,249,0,552.705771815574
5774,3,552,557.6,6.107372593840971,249,1,552.705771815574
5775,4,556,558.6,5.079370039680143,249,0,552.944668492897
5776,4,556,558.6,5.079370039680095,249,1,552.944668492897
5777,5,542,546.8,3.420526275297486,250,0,542.5664316625796
5778,0,535,544.8,6.379655163094662,250,0,539.7369070678438
5779,0,634,551.2,5.630275304103703,250,1,547.9170442042424
5780,5,537,542.8,7.049822692805845,250,0,540.3919916757108
5781,5,537,547.0,6.96419413859207,250,1,542.5664316625796
5782,0,543,544.4,4.878524367060201,250,1,540.1846543988947
5783,0,543,541.4,5.856620185738544,250,0,539.5400394153459
5784,2,532,537.8,4.6583258795408495,250,0,537.1011693080711
5785,3,532,541.8,7.328028384224504,250,1,538.3536143665175
5786,3,552,539.8,7.918333157931671,250,0,540.8684483952682
5787,4,553,543.4,9.18150314491044,250,0,541.9132916763936
5788,5,544,554.4,17.770762504743608,251,0,548.4613310746217
5789,5,544,555.6,17.16974082506788,251,1,548.961642870868
5790,0,555,556.4,16.99411662899844,251,0,552.1632429441127
5791,0,555,556.4,16.99411662899848,251,1,552.1632429441127
5792,1,553,556.0,17.058722109232058,251,1,552.1632429441127
5793,1,553,556.0,17.058722109232022,251,0,552.1632429441127
5794,2,558,559.0,15.443445211480585,251,1,553.2744469027278
5795,2,558,559.0,15.443445211480544,251,0,553.2744469027278
5796,3,558,553.6,5.770615218501519,251,0,551.9965575709411
5797,4,561,557.0,3.082207001484693,251,0,553.6482521073716
5798,2,529,542.4,9.396807968666778,252,0,538.4808954009676
5799,3,541,539.8,6.833739825307865,252,1,539.1398111177693
5800,3,541,539.8,6.83373982530791,252,0,539.1398111177693
5801,4,536,537.8,5.974947698515801,252,0,538.3905161707718
5802,4,536,537.8,5.97494769851575,252,1,538.3905161707718
5803,0,537,537.6,5.983310120660575,252,0,538.2797648755584
5804,1,562,541.0,12.509996003196775,252,0,542.0122892213798
5805,1,537,537.6,5.983310120660525,252,1,538.2797648755584
5806,4,533,541.8,11.649034294738737,252,0,538.9524198449524
5807,2,541,541.8,11.649034294738737,252,0,539.6590831835605
5808,0,536,541.8,11.649034294738737,252,0,539.4935500425852
5809,1,533,535.2,4.494441010848707,252,1,536.4435848235984
5810,1,564,547.2,14.72073367736809,252,0,544.329220239675
5811,2,554,540.2,8.22800097228959,252,1,540.8684483952682
5812,2,554,545.6,13.049904214207825,252,0,543.3867399478775
5813,3,536,546.2,12.377398757412609,252,0,541.4925695294033
5814,4,551,548.2,12.132600710482444,252,0,543.4983402781321
5815,0,529,533.6,3.646916505762034,253,0,535.1265794033866
5816,1,541,534.6,4.929503017546448,253,0,537.051734662403
5817,2,538,533.2,4.549725266430946,253,1,535.1556755998714
5818,2,527,533.2,6.0166435825964975,253,0,533.7007955961955
5819,3,520,529.6,7.602631123499269,253,0,532.6657626476696
5820,3,520,531.4,7.46993975879324,253,1,532.6657626476696
5821,4,536,530.6,8.142481194328896,253,0,533.9551095103702
5822,5,536,533.0,7.416198487095665,253,1,535.9010510746576
5823,5,522,529.2,9.038805230781325,253,0,533.8652013550005
5824,1,528,531.2,7.293833011524192,253,1,532.6657626476696
5825,1,528,526.6,6.228964600958973,253,0,532.2110609978799
5826,2,525,529.4,7.536577472566714,253,1,532.6657626476696
5827,2,525,526.2,6.260990336999411,253,0,532.2110609978799
5828,3,529,527.6,5.85662018573853,253,1,532.6657626476696
5829,3,529,528.0,5.244044240850749,253,0,532.6657626476696
5830,4,533,527.4,4.159326868617078,253,0,533.2645681261045
5831,5,533,530.2,4.324349662087921,253,1,534.6281206843734
5832,5,527,528.4,2.9664793948382613,253,0,533.8652013550005
5833,0,527,528.4,2.9664793948382635,253,1,532.6657626476696
5834,1,535,529.8,4.147288270665552,253,1,533.5234841336617
5835,1,527,528.2,3.03315017762062,253,0,532.6657626476696
5836,2,541,531.4,5.899152481501052,253,0,534.1206426513455
5837,3,522,530.0,7.280109889280521,253,0,532.6657626476696
5838,3,541,533.0,5.477225575051674,253,1,535.1556755998714
5839,4,524,528.2,7.463243262818122,253,0,532.6657626476696
5840,4,524,532.0,6.708203932499379,253,1,533.1914487160985
5841,3,539,545.4,19.982492337043453,254,0,541.1155737989172
5842,3,539,545.4,19.982492337043457,254,1,541.1155737989172
5843,4,541,546.4,19.51409746824076,254,0,541.1155737989172
5844,4,541,546.4,19.51409746824076,254,1,541.1155737989172
5845,5,537,547.0,19.078784028338927,254,0,542.3487675944622
5846,5,537,547.0,19.078784028338927,254,1,542.3487675944622
5847,0,541,547.8,18.633303518163395,254,0,541.2271741291719
5848,0,541,547.8,18.633303518163395,254,1,541.2271741291719
5849,1,537,539.0,1.999999999999972,254,0,539.1398111177693
5850,1,537,539.0,1.999999999999972,254,1,539.1398111177693
5851,1,540,539.2,2.049390153191889,254,0,539.1398111177693
5852,1,540,539.2,2.049390153191889,254,1,539.1398111177693
5853,0,546,544.2,5.932958789676578,255,0,540.2933975227415
5854,0,546,544.8,4.816637831516912,255,1,540.2933975227415
5855,1,553,547.8,4.147288270665558,255,1,543.4983402781321
5856,1,553,547.8,4.147288270665604,255,0,543.4983402781321
5857,0,539,546.0,5.700877125495733,255,0,541.6581026703786
5858,0,539,546.0,5.7008771254957,255,1,541.6581026703786
5859,1,549,545.8,5.5407580708780415,255,1,543.0629041030869
5860,5,549,545.8,5.540758070878076,255,0,543.9712330952879
5861,5,543,546.0,5.385164807134524,255,1,542.5664316625796
5862,0,551,547.6,5.458937625582525,255,0,543.4983402781321
5863,0,551,547.0,5.830951894845319,255,1,543.3867399478775
5864,1,551,546.6,5.366563145999512,255,1,543.3867399478775
5865,1,551,548.6,5.549774770204692,255,0,544.409260369134
5866,2,556,549.2,6.260990336999449,255,0,546.4548731602565
5867,2,556,550.0,4.690415759823443,255,1,546.9338046762628
5868,3,560,553.4,4.505552130427566,255,0,552.3703627755849
5869,3,560,552.2,6.379655163094633,255,1,549.3433485751832
5870,4,548,553.2,4.764451699828689,255,0,549.1754675832465
5871,4,548,553.2,4.764451699828634,255,1,549.1754675832465
5872,3,522,529.6,10.691117808723304,256,1,532.6657626476696
5873,4,557,533.0,16.140012391568995,256,1,536.5594480740262
5874,5,513,530.0,18.520259177452157,256,1,533.8652013550005
5875,0,523,526.4,17.572706109191056,256,1,531.886196194536
5876,2,525,528.0,16.852299546352736,256,1,532.3408978443256
5877,3,505,524.6,19.81918262694001,256,1,529.3964814436994
5878,4,538,532.8,15.514509338035792,256,0,534.8133357213172
5879,4,534,520.0,11.22497216032187,256,1,528.3922778175333
5880,1,532,535.6,2.0736441353329997,257,1,536.2298803568142
5881,1,532,536.6,3.2093613071764224,257,0,536.8248848718824
5882,0,540,536.4,2.880972058177797,257,0,538.1963808267925
5883,0,540,536.4,2.880972058177756,257,1,538.1963808267925
5884,1,540,537.2,3.271085446759405,257,0,538.2797648755584
5885,1,540,537.0,3.316624790355545,257,1,538.2797648755584
5886,2,537,537.2,3.271085446759405,257,0,538.2797648755584
5887,2,537,537.0,3.316624790355545,257,1,538.2797648755584
5888,3,543,538.4,4.159326868617204,257,1,539.1398111177693
5889,3,543,538.4,4.159326868617229,257,0,539.1398111177693
5890,4,532,538.4,4.159326868617229,257,0,537.6849311140934
5891,4,532,538.4,4.159326868617204,257,1,537.6849311140934
5892,5,534,537.2,4.438468204234546,257,1,538.152517019569
5893,5,534,537.2,4.438468204234569,257,0,538.152517019569
5894,1,534,536.0,4.301162633521438,257,1,537.3344788670679
5895,1,534,536.0,4.301162633521462,257,0,537.3344788670679
5896,3,542,537.0,5.09901951359289,257,1,538.2797648755584
5897,3,542,537.0,5.099019513592911,257,0,538.2797648755584
5898,4,534,535.2,3.898717737923752,257,0,536.5667840351499
5899,4,534,535.2,3.898717737923725,257,1,536.5667840351499
5900,0,536,536.0,3.464101615137935,257,0,537.9018210397821
5901,0,536,536.0,3.4641016151379054,257,1,537.9018210397821
5902,1,539,537.0,3.464101615137935,257,0,538.2797648755584
5903,1,539,537.0,3.4641016151379054,257,1,538.2797648755584
5904,3,534,537.0,3.464101615137935,257,0,537.5468895618689
5905,3,534,537.0,3.4641016151379054,257,1,537.5468895618689
5906,4,539,536.4,2.50998007960248,257,0,538.1963808267925
5907,4,539,536.4,2.5099800796024385,257,1,538.1963808267925
5908,0,540,544.8,7.259476565152608,258,0,540.1846543988947
5909,0,649,545.6,8.26438140455774,258,0,544.329220239675
5910,1,563,549.0,11.379806676741032,258,0,546.7186397662739
5911,2,569,555.8,11.07700320483839,258,0,553.0943574358008
5912,3,649,546.2,5.67450438364439,258,1,544.329220239675
5913,4,546,554.6,11.886967653695372,258,0,547.879409274385
5914,5,548,544.4,5.412947441089724,259,0,542.1950832893032
5915,0,582,546.6,21.16128540519222,259,1,543.7866913682136
5916,0,647,543.2,23.52020408074729,259,1,542.3132430967297
5917,1,647,550.4,17.98054504179448,259,0,547.094859419276
5918,1,538,545.2,22.297981971470005,259,1,540.9939198487889
5919,2,585,555.4,27.05180215808184,259,1,552.5518285643394
5920,0,585,559.2,22.443261795024352,259,0,553.1057232359102
5921,0,530,551.8,29.380265485526184,259,1,543.8972874602465
5922,1,547,544.8,24.076959940989244,259,1,540.7456701861901
5923,1,547,560.2,21.58008341040413,259,0,550.5241478509039
5924,2,542,548.4,21.384573879317795,259,1,541.578590865787
5925,3,599,560.8,20.87342808452888,259,0,554.5030564306643
5926,3,599,549.0,21.059439688652716,259,1,546.1761108948125
5927,2,532,557.6,24.275502054540485,259,0,546.9768749298509
5928,2,532,538.4,7.162401831788062,259,1,537.6849311140934
5929,3,540,540.4,5.412947441089839,259,1,539.1398111177693
5930,4,540,549.2,20.729206448873043,259,0,543.0178644768374
5931,4,540,539.0,4.000000000000124,259,1,539.1398111177693
5932,1,542,541.2,0.836660026533521,260,0,539.5400394153459
5933,0,539,541.0,1.2247448713908928,260,1,539.5400394153459
5934,0,539,541.0,1.2247448713912032,260,0,539.5400394153459
5935,1,543,541.4,1.5165750888097516,260,1,539.5400394153459
5936,1,543,541.4,1.5165750888100022,260,0,539.5400394153459
5937,2,539,540.8,1.7888543819995624,260,0,539.5400394153459
5938,2,539,540.8,1.78885438199935,260,1,539.5400394153459
5939,3,537,540.0,2.4494897427828257,260,1,539.1398111177693
5940,3,537,540.0,2.4494897427829807,260,0,539.1398111177693
5941,4,541,539.8,2.280350850198068,260,0,539.1398111177693
5942,4,541,539.8,2.2803508501979013,260,1,539.1398111177693
5943,5,542,540.4,2.408318915758267,260,0,539.7454385754695
5944,5,542,540.4,2.408318915758109,260,1,539.7454385754695
5945,1,541,540.0,1.999999999999764,260,0,539.1398111177693
5946,1,541,540.0,1.9999999999995737,260,1,539.1398111177693
5947,2,540,540.2,1.9235384061668896,260,0,539.1398111177693
5948,2,540,540.2,1.923538406166692,260,1,539.1398111177693
5949,3,538,540.4,1.516575088809979,260,0,539.1398111177693
5950,3,538,540.4,1.5165750888097282,260,1,539.1398111177693
5951,0,542,540.6,1.6733200530678467,260,0,539.1398111177693
5952,1,552,542.6,5.458937625582374,260,0,541.5150014955094
5953,1,542,540.6,1.6733200530676196,260,1,539.1398111177693
5954,3,536,539.4,2.4083189157580867,260,1,538.974277976794
5955,3,536,541.6,6.228964600958891,260,0,539.3745062743706
5956,4,538,541.2,6.418722614352406,260,0,539.5400394153459
5957,4,538,538.8,2.2803508501978778,260,1,539.1398111177693
5958,0,531,536.6,5.770615218501511,261,1,536.8248848718824
5959,0,531,534.8,7.918333157931701,261,0,535.596854658727
5960,1,537,535.6,4.9799598391956215,261,1,537.6847603604901
5961,3,598,533.4,8.619744775804046,261,1,536.8890608381278
5962,4,598,537.4,5.128352561983309,261,0,540.338180562888
5963,1,593,534.2,9.093954035511784,261,1,538.3422183178084
5964,1,593,536.2,6.610597552415433,261,0,539.3578378361628
5965,2,541,533.8,8.642916174532834,261,1,537.051734662403
5966,2,541,536.0,6.403124237432927,261,0,538.0673541807574
5967,3,546,536.6,7.300684899377655,261,0,538.3885079994052
5968,3,546,536.8,9.934787365615907,261,1,538.3885079994052
5969,4,536,536.6,9.939818911831416,261,1,538.1142317345831
5970,5,527,538.0,7.106335201776042,261,1,537.5426829148333
5971,0,536,537.6,6.655824516917562,261,0,538.1142317345831
5972,0,550,540.0,8.972179222463255,261,1,540.8684483952682
5973,2,554,542.6,10.990905331227326,261,1,541.5150014955094
5974,2,554,541.0,9.84885780179615,261,0,541.2686766928447
5975,3,544,542.2,10.871982339941564,261,1,539.7863642180106
5976,4,544,544.2,6.648308055437932,261,0,540.1846543988947
5977,0,647,558.2,22.07260745811423,262,0,553.1057232359102
5978,0,647,558.2,22.07260745811419,262,1,553.1057232359102
5979,2,608,560.2,20.88540160016081,262,0,554.0202998171939
5980,2,608,560.2,20.885401600160773,262,1,554.0202998171939
5981,1,603,560.0,21.07130750570547,262,0,554.0202998171939
5982,1,603,560.0,21.07130750570543,262,1,554.0202998171939
5983,5,544,553.2,19.21457779916071,262,0,548.4613310746217
5984,5,544,553.2,19.214577799160672,262,1,548.4613310746217
5985,1,611,547.2,7.563068160475618,262,0,544.329220239675
5986,1,611,547.2,7.563068160475512,262,1,544.329220239675
5987,2,562,552.0,7.874007874011806,262,0,549.3433485751832
5988,2,562,552.0,7.874007874011704,262,1,549.3433485751832
5989,0,538,536.0,1.8708286933869196,263,0,538.0673541807574
5990,2,544,537.4,4.098780306383822,263,0,538.2797648755584
5991,3,543,539.2,4.207136793592505,263,0,539.1398111177693
5992,4,537,535.2,3.4928498393144034,263,1,537.2996593488394
5993,4,534,539.2,4.207136793592505,263,0,538.4069358040798
5994,5,534,538.6,4.774934554525311,263,0,539.01256326178
5995,5,534,535.8,2.774887385102064,263,1,537.9401063247681
5996,1,572,543.2,16.33095220738822,263,1,542.3132430967297
5997,1,572,545.4,15.614096195425466,263,0,544.329220239675
5998,3,547,544.6,16.28803241647063,263,1,540.7456701861901
5999,3,547,546.0,15.604486534327236,263,0,542.7616473291354
6000,4,548,547.0,15.524174696260024,263,0,543.0629041030869
6001,4,548,547.6,14.943225890014448,263,1,543.1745044333416
6002,5,537,547.6,14.943225890014515,263,0,542.6780319928342
6003,5,537,547.6,14.943225890014448,263,1,542.6780319928342
6004,0,554,551.6,12.934450123604018,263,0,547.6589853941624
6005,0,554,551.6,12.93445012360394,263,1,547.6589853941624
6006,1,565,550.2,10.281050529979897,263,0,547.6373882907374
6007,1,565,550.2,10.2810505299798,263,1,547.6373882907374
6008,2,531,547.0,13.509256086106292,263,0,540.3526338533356
6009,3,544,546.2,13.5535973084639,263,0,541.6581026703786
6010,4,546,548.0,12.589678312014165,263,0,541.8784461244801
6011,4,531,547.0,13.509256086106218,263,1,540.3526338533356
6012,3,574,566.0,8.154753215150023,264,0,557.8804405493287
6013,3,574,569.2,6.418722614352505,264,1,561.6980107100553
6014,5,589,563.4,6.465291950097818,264,0,559.2699505386722
6015,5,589,567.2,6.870225614927094,264,1,563.1302858684115
6016,0,581,566.8,10.23230179382918,264,0,560.9711236863917
6017,0,576,548.6,22.81008548866049,265,0,544.8092117894702
6018,1,573,555.8,23.88932816133597,265,0,552.5518285643394
6019,1,573,553.6,19.12589867169646,265,1,551.8278339041235
6020,2,578,567.2,15.122830422906963,265,0,560.669596680376
6021,2,578,561.0,20.161845153655964,265,1,554.5030564306643
6022,5,600,556.8,18.36300628982086,265,1,555.589750221274
6023,5,600,564.6,16.040573555830242,265,0,559.5204116572154
6024,3,569,562.8,15.817711591756906,265,1,556.4131949028538
6025,3,569,570.2,9.148770409186165,265,0,561.6980107100553
6026,5,543,563.6,14.345731072343485,265,1,552.8942108538213
6027,5,543,563.6,14.345731072343458,265,0,552.8942108538213
6028,0,562,561.4,13.352902306240418,265,0,555.0455853021257
6029,0,562,561.4,13.352902306240445,265,1,555.0455853021257
6030,1,542,554.2,11.77709641634986,265,0,547.7706661505382
6031,1,542,554.2,11.77709641634989,265,1,547.7706661505382
6032,2,573,557.8,14.515508947329462,265,1,553.6482521073716
6033,2,573,557.8,14.515508947329437,265,0,553.6482521073716
6034,3,575,559.0,15.85875152715373,265,0,553.4932692930145
6035,3,575,559.0,15.858751527153752,265,1,553.4932692930145
6036,4,561,562.6,13.126309458488354,265,0,556.5681777172109
6037,4,561,562.6,13.12630945848838,265,1,556.5681777172109
6038,0,536,538.4,2.880972058177843,266,1,538.974277976794
6039,1,536,537.2,3.701351104664115,266,0,538.1142317345831
6040,2,529,535.4,5.128352561983062,266,0,535.8447793451635
6041,2,543,539.2,3.563705936241291,266,1,539.1398111177693
6042,3,535,535.2,5.118593556827719,266,0,536.7025008311556
6043,3,535,538.6,4.037325847637447,266,1,538.5426526000855
6044,4,540,534.6,4.03732584763706,266,0,537.051734662403
6045,5,540,539.4,3.781534080237994,266,1,539.7454385754695
6046,5,531,534.2,4.324349662087739,266,0,536.0383682654892
6047,1,540,535.0,5.049752469180877,266,0,537.2996593488394
6048,1,540,538.8,3.2710854467594395,266,1,539.1398111177693
6049,2,536,538.8,3.2710854467594395,266,1,538.974277976794
6050,2,536,536.4,3.781534080237591,266,0,538.0308476858172
6051,3,536,536.6,3.714835124201124,266,0,538.1142317345831
6052,3,536,537.4,2.408318915758736,266,1,538.1142317345831
6053,4,536,537.6,2.190890230020975,266,1,538.1142317345831
6054,4,536,535.8,3.1937438845340127,266,0,537.9018210397821
6055,5,536,536.8,1.7888543820002138,266,1,538.7198591922833
6056,5,536,536.8,1.7888543819994016,266,0,538.7198591922833
6057,0,538,536.4,0.8944271909990364,266,0,538.1963808267925
6058,0,538,536.4,0.894427191000661,266,1,538.1963808267925
6059,1,539,537.0,1.4142135623725398,266,0,538.2797648755584
6060,1,539,537.0,1.4142135623735674,266,1,538.2797648755584
6061,2,541,538.0,2.121320343559957,266,1,538.5560493117471
6062,2,541,538.0,2.1213203435592725,266,0,538.5560493117471
6063,3,533,537.4,3.0495901363951186,266,0,537.4236903503173
6064,4,544,539.0,4.062019202317784,266,0,539.1398111177693
6065,0,546,541.2,8.497058314499164,267,0,539.6487825391927
6066,0,546,536.0,14.49137674618944,267,1,538.1760973046042
6067,2,604,543.2,11.45425685062105,267,0,542.8557719681911
6068,3,526,543.0,11.811011811017677,267,0,538.4808954009676
6069,4,604,544.8,11.627553482998918,267,1,542.8557719681911
6070,4,524,539.2,14.549914089093422,267,0,537.6849311140934
6071,5,546,540.2,14.87279395406254,267,0,539.8541816993163
6072,0,548,540.6,15.093044755780696,267,0,540.5446125504776
6073,0,546,544.2,11.43241006962225,267,1,540.2933975227415
6074,1,556,550.0,7.035623639735142,267,1,546.9338046762628
6075,1,556,540.0,14.212670403551872,267,0,540.8684483952682
6076,2,572,549.2,17.412639087743106,267,0,546.6159279032697
6077,3,543,553.0,11.661903789690545,267,0,546.6686719549607
6078,3,572,555.8,10.7796103825695,267,1,553.0943574358008
6079,2,607,563.0,17.958284996067974,268,1,556.0256488457495
6080,5,620,558.4,18.022208521710123,268,0,555.589750221274
6081,5,620,564.2,16.42254547870093,268,1,559.5204116572154
6082,0,552,560.2,16.483324907311665,268,0,553.0778195253963
6083,0,552,557.6,12.012493496356225,268,1,552.705771815574
6084,1,565,556.2,10.18331969448084,268,0,553.6482521073716
6085,1,565,561.4,10.310189135025633,268,1,555.3471123081414
6086,2,562,559.4,8.56154191720167,268,0,553.6482521073716
6087,2,562,559.4,8.561541917201627,268,1,553.6482521073716
6088,3,569,559.4,8.561541917201627,268,1,553.6482521073716
6089,3,569,559.4,8.56154191720167,268,0,553.6482521073716
6090,4,561,561.8,6.300793600809449,268,0,555.3471123081414
6091,4,561,561.8,6.300793600809389,268,1,555.3471123081414
6092,0,602,537.8,2.387467277262644,269,0,540.6144649990767
6093,1,540,538.8,1.923538406167124,269,0,539.1398111177693
6094,1,540,560.2,18.95257238477141,269,1,549.1969203281775
6095,2,539,553.2,19.044684297724665,269,1,547.2281372790768
6096,2,539,539.4,1.1401754250991367,269,0,539.1398111177693
6097,2,537,546.2,16.69431040804024,269,1,541.1155737989172
6098,3,539,539.0,0.7071067811865375,269,0,539.1398111177693
6099,3,539,538.8,1.0954451150108784,269,1,539.1398111177693
6100,3,537,538.8,1.0954451150103142,269,0,539.1398111177693
6101,3,537,538.4,1.341640786500315,269,1,539.1398111177693
6102,5,529,532.0,4.472135954999538,270,0,533.9382434809221
6103,0,531,528.6,5.412947441089811,270,1,532.6657626476696
6104,1,531,532.0,4.472135954999538,270,0,533.1914487160985
6105,3,528,530.6,4.39317652729772,270,0,532.6657626476696
6106,4,532,531.6,3.911521443121541,270,0,533.1914487160985
6107,5,531,530.2,1.6431676725153932,270,0,533.8652013550005
6108,0,520,528.4,4.929503017546452,270,0,532.6657626476696
6109,1,527,527.6,4.722287581246992,270,0,532.6657626476696
6110,2,525,527.0,4.847679857416284,270,0,532.2110609978799
6111,3,532,527.0,4.847679857416284,270,0,532.2110609978799
6112,4,525,525.8,4.324349662087879,270,0,532.2110609978799
6113,5,523,526.4,3.4351128074634776,270,0,533.4104997052109
6114,0,515,526.8,8.13633824272323,270,1,532.2110609978799
6115,0,527,526.4,3.4351128074634776,270,0,532.2110609978799
6116,1,569,535.2,19.188538245525613,270,0,538.2652782009009
6117,2,524,533.6,19.844394674567404,270,0,534.8017146000426
6118,3,533,535.2,19.29248558377067,270,0,536.1187200202544
6119,4,530,536.6,18.420097719610474,270,0,536.5000200685384
6120,5,533,537.8,17.824140933015507,270,0,538.3056022442062
6121,0,598,551.8,25.440125785852626,271,0,548.8008197037218
6122,0,598,551.8,25.44012578585258,271,1,548.8008197037218
6123,5,543,545.8,22.565460332109406,271,0,542.3487675944622
6124,5,543,545.8,22.56546033210936,271,1,542.3487675944622
6125,0,583,545.4,21.697926168184896,271,0,543.7866913682136
6126,3,651,550.4,20.99523755521721,271,0,547.094859419276
6127,3,651,545.4,21.69792616818485,271,1,543.7866913682136
6128,4,562,557.0,17.478558292948627,271,0,553.1057232359102
6129,0,536,539.2,2.9495762407503725,272,1,538.974277976794
6130,1,543,540.6,2.701851217221081,272,1,539.1398111177693
6131,1,543,540.4,2.701851217221229,272,0,539.1398111177693
6132,2,539,540.0,2.7386127875257995,272,0,539.1398111177693
6133,2,539,540.2,2.774887385102152,272,1,539.1398111177693
6134,5,538,539.2,2.588435821108927,272,0,539.7454385754695
6135,5,538,539.6,2.880972058177427,272,1,539.7454385754695
6136,1,541,539.4,2.7018512172210944,272,1,539.1398111177693
6137,1,541,539.4,2.7018512172212352,272,0,539.1398111177693
6138,2,540,540.2,1.9235384061671077,272,0,539.1398111177693
6139,2,540,540.2,1.9235384061669096,272,1,539.1398111177693
6140,3,538,539.2,1.3038404810402202,272,1,539.1398111177693
6141,3,538,539.2,1.3038404810405118,272,0,539.1398111177693
6142,5,542,539.8,1.7888543819998266,272,0,539.7454385754695
6143,5,542,539.8,1.788854381999614,272,1,539.7454385754695
6144,0,537,539.6,2.073644135332778,272,0,539.1398111177693
6145,0,537,539.6,2.0736441353325947,272,1,539.1398111177693
6146,1,537,538.8,2.1679483388677068,272,1,539.1398111177693
6147,1,537,538.8,2.167948338867882,272,0,539.1398111177693
6148,3,536,538.0,2.345207879911713,272,0,538.3905161707718
6149,3,536,538.0,2.345207879911551,272,1,538.3905161707718
6150,4,538,538.0,2.345207879911713,272,0,538.5560493117471
6151,4,538,538.0,2.345207879911551,272,1,538.5560493117471
6152,1,546,531.2,12.029131306956469,273,1,534.3963927767351
6153,4,546,530.8,11.606032913963366,273,0,534.3963927767351
6154,5,530,531.6,11.326958991715344,273,0,533.9382434809221
6155,5,569,536.6,20.8877954796575,273,1,542.1946412104071
6156,3,576,543.0,20.469489490458745,273,0,542.132616983963
6157,3,576,546.6,25.909457732650445,273,1,543.7866913682136
6158,4,566,551.6,18.942016788082544,273,0,548.0589368144986
6159,4,566,556.0,21.5522620622523,273,1,553.1057232359102
6160,1,531,536.6,8.14248119432891,274,1,536.8248848718824
6161,1,537,537.8,7.529940238806674,274,0,538.5560493117471
6162,2,543,537.8,8.642916174532761,274,1,538.5560493117471
6163,2,543,539.0,7.842193570679055,274,0,539.1398111177693
6164,0,547,541.8,6.833739825307974,274,1,540.7626278423172
6165,0,547,543.0,4.636809247747843,274,0,540.8899088767673
6166,1,545,542.4,3.97492138287035,274,0,539.7863642180106
6167,1,545,541.2,6.260990336999421,274,1,539.5400394153459
6168,2,528,538.8,8.671793355471516,274,1,537.6849311140934
6169,2,528,540.0,7.681145747868605,274,0,537.6849311140934
6170,3,530,538.6,8.905054744357274,274,0,537.6849311140934
6171,3,530,538.6,8.905054744357281,274,1,537.6849311140934
6172,4,525,535.0,10.222524150130443,274,1,535.8447793451635
6173,4,525,535.0,10.222524150130438,274,0,535.8447793451635
6174,5,515,528.6,10.830512453249858,274,1,533.8652013550005
6175,5,515,528.6,10.830512453249852,274,0,533.8652013550005
6176,4,530,525.6,6.268971207463019,274,1,532.2110609978799
6177,5,530,525.6,6.26897120746301,274,0,533.4104997052109
6178,0,552,530.4,13.53883303686106,274,0,536.3586268089413
6179,0,537,527.4,8.142481194328939,274,1,534.1206426513455
6180,1,535,531.4,13.685759021698448,274,0,533.5234841336617
6181,1,535,528.4,8.820430828480003,274,1,533.5234841336617
6182,2,524,528.2,8.927485648266286,274,1,532.6657626476696
6183,2,524,531.2,13.809417076763252,274,0,532.6657626476696
6184,3,530,534.2,10.686440005914054,274,0,535.596854658727
6185,3,530,531.2,5.069516742254664,274,1,532.6657626476696
6186,4,530,534.2,10.686440005914054,274,0,535.596854658727
6187,4,530,531.2,5.069516742254664,274,1,532.6657626476696
6188,1,523,524.8,6.906518659932826,275,1,530.7631497525723
6189,1,523,524.8,6.906518659932874,275,0,530.7631497525723
6190,0,538,527.2,9.148770409186152,275,1,534.1206426513455
6191,0,538,527.2,9.148770409186188,275,0,534.1206426513455
6192,1,529,530.2,5.449770637375484,275,1,532.6657626476696
6193,1,529,530.2,5.449770637375544,275,0,532.6657626476696
6194,2,529,530.2,5.449770637375484,275,1,532.6657626476696
6195,2,529,530.2,5.449770637375544,275,0,532.6657626476696
6196,3,533,530.4,5.549774770204705,275,0,533.2645681261045
6197,3,533,530.4,5.549774770204646,275,1,533.2645681261045
6198,4,534,532.6,3.781534080237904,275,0,534.0804604076277
6199,4,534,532.6,3.7815340802378175,275,1,534.0804604076277
6200,5,532,531.4,2.302172886644293,275,1,533.8652013550005
6201,1,532,531.4,2.3021728866444358,275,0,532.6657626476696
6202,2,540,533.6,4.037325847637362,275,0,536.5814594070625
6203,2,534,532.4,2.0736441353328074,275,1,534.0804604076277
6204,3,542,536.2,4.494441010848917,275,0,538.0673541807574
6205,3,542,535.0,4.000000000000021,275,1,537.2996593488394
6206,4,534,536.4,4.335896677735825,275,0,537.463505513103
6207,4,534,535.2,3.8987177379236098,275,1,536.5667840351499
6208,5,544,538.4,5.176871642217974,275,0,539.7454385754695
6209,5,544,537.2,5.4037024344425255,275,1,538.8853923332586
6210,0,539,539.8,3.7682887362834414,275,0,539.1398111177693
6211,0,539,538.6,4.560701700396551,275,1,539.1398111177693
6212,1,540,539.8,3.76828873628335,275,1,539.1398111177693
6213,1,540,539.8,3.7682887362834414,275,0,539.1398111177693
6214,2,541,539.6,3.646916505762178,275,0,539.1398111177693
6215,2,541,539.6,3.646916505762084,275,1,539.1398111177693
6216,3,540,540.8,1.923538406167102,275,1,539.5400394153459
6217,3,540,540.8,1.923538406167281,275,0,539.5400394153459
6218,4,540,540.0,0.7071067811869143,275,0,539.1398111177693
6219,3,522,537.2,27.644167558456196,276,0,536.5000200685384
6220,3,522,525.6,10.430723848324222,276,1,532.2110609978799
6221,4,540,525.0,9.192388155425109,276,1,533.6659410015559
6222,5,539,528.2,10.940749517286266,276,1,535.4841952096144
6223,5,540,528.6,12.218837915284842,276,0,535.4841952096144
6224,0,530,531.2,8.105553651663746,276,1,532.6657626476696
6225,0,530,526.0,9.460443964212384,276,0,532.2110609978799
6226,2,538,533.8,7.694153624668503,276,1,537.051734662403
6227,2,538,529.0,10.583005244258482,276,0,534.1206426513455
6228,1,534,532.8,7.155417527999505,276,0,534.0804604076277
6229,1,534,536.2,4.147288270665503,276,1,537.3344788670679
6230,2,535,535.4,3.84707681233462,276,0,536.7025008311556
6231,3,536,534.6,2.9664793948387125,276,0,536.8862015214277
6232,3,535,535.2,3.563705936241053,276,1,536.7025008311556
6233,4,530,534.6,2.9664793948387125,276,0,535.596854658727
6234,4,530,533.4,3.435112807463497,276,1,535.1265794033866
6235,1,590,534.2,2.4899799195982792,276,0,538.3422183178084
6236,1,590,534.6,2.9664793948382253,276,1,538.3422183178084
6237,4,532,533.8,2.6832815730002366,276,0,535.596854658727
6238,4,532,533.4,2.4083189157584126,276,1,535.1265794033866
6239,5,536,534.0,2.8284271247466517,276,0,537.4918289791278
6240,0,549,536.6,7.402702209328869,276,0,539.6845663082667
6241,0,536,533.8,2.6832815729997117,276,1,536.8862015214277
6242,4,604,553.0,18.694919095839925,277,0,550.725839708546
6243,0,548,555.6,16.318700928689154,277,0,549.356933372001
6244,1,563,557.8,16.452963258939114,277,0,553.1057232359102
6245,3,569,563.6,13.44618905117731,277,0,556.8092613506367
6246,3,548,554.2,16.452963258939125,277,1,548.6329387117851
6247,4,553,557.6,8.354639429682214,277,0,552.705771815574
6248,4,553,556.2,15.319921670818053,277,1,552.705771815574
6249,0,539,540.8,1.9235384061668563,278,1,539.5400394153459
6250,0,539,540.8,1.9235384061672127,278,0,539.5400394153459
6251,1,542,541.2,1.9235384061668563,278,1,539.5400394153459
6252,0,539,540.8,2.1679483388676264,278,1,539.5400394153459
6253,0,542,541.2,1.9235384061672127,278,0,539.5400394153459
6254,1,542,540.4,1.5165750888099367,278,1,539.1398111177693
6255,1,542,541.4,1.9493588689618704,278,0,539.5400394153459
6256,2,539,540.2,1.6431676725151598,278,1,539.1398111177693
6257,2,539,540.4,1.5165750888104006,278,0,539.1398111177693
6258,3,537,539.8,2.1679483388679346,278,0,539.1398111177693
6259,3,537,539.8,2.1679483388676104,278,1,539.1398111177693
6260,4,541,539.6,1.9493588689614825,278,1,539.1398111177693
6261,4,541,540.2,2.1679483388679346,278,0,539.1398111177693
6262,5,542,540.2,2.167948338867594,278,1,539.7454385754695
6263,5,542,540.2,2.1679483388679346,278,0,539.7454385754695
6264,2,541,540.0,2.0000000000000657,278,0,539.1398111177693
6265,2,541,540.0,1.999999999999696,278,1,539.1398111177693
6266,3,538,539.8,2.167948338867594,278,1,539.1398111177693
6267,3,538,539.8,2.1679483388679346,278,0,539.1398111177693
6268,5,541,540.6,1.5165750888099132,278,1,539.7454385754695
6269,0,536,539.6,2.5099800796019927,278,1,538.974277976794
6270,0,541,540.6,1.5165750888104006,278,0,539.1398111177693
6271,2,537,539.8,2.1679483388679346,278,0,539.1398111177693
6272,2,537,538.6,2.3021728866440188,278,1,539.1398111177693
6273,3,538,539.0,1.8708286933870255,278,0,539.1398111177693
6274,3,538,538.0,1.870828693386669,278,1,538.5560493117471
6275,4,538,538.4,1.516575088810377,278,0,539.1398111177693
6276,4,538,538.0,1.870828693386669,278,1,538.5560493117471
6277,1,532,524.4,11.97079780131628,279,0,530.0485887335523
6278,1,532,527.8,14.024977718342369,279,1,532.6657626476696
6279,2,527,527.0,10.464224768228116,279,0,532.2110609978799
6280,2,527,532.6,3.7815340802378423,279,1,533.3584557176413
6281,3,531,531.4,2.880972058177374,279,0,532.6657626476696
6282,3,531,532.4,3.847076812334302,279,1,533.3584557176413
6283,4,518,529.0,7.1063352017759644,279,1,532.6657626476696
6284,4,518,528.6,6.580273550544753,279,0,532.6657626476696
6285,5,538,529.2,7.395944834840246,279,1,535.4841952096144
6286,5,538,529.2,7.395944834840155,279,0,535.4841952096144
6287,1,532,529.2,7.395944834840246,279,1,532.6657626476696
6288,1,532,529.2,7.395944834840155,279,0,532.6657626476696
6289,2,523,528.4,7.893034904268449,279,1,532.6657626476696
6290,2,523,528.4,7.893034904268363,279,0,532.6657626476696
6291,3,535,529.2,8.40832920383108,279,0,533.5234841336617
6292,3,535,529.2,8.408329203831158,279,1,533.5234841336617
6293,4,523,530.2,6.906518659932794,279,1,532.6657626476696
6294,4,523,530.2,6.906518659932697,279,0,532.6657626476696
6295,5,528,528.2,5.3572380943915485,279,1,533.8652013550005
6296,0,530,527.8,5.069516742254637,279,1,532.6657626476696
6297,0,528,528.2,5.357238094391423,279,0,532.6657626476696
6298,1,515,524.8,7.362064927722288,279,0,530.7631497525723
6299,1,515,526.2,7.596051605933197,279,1,532.2110609978799
6300,2,522,523.6,5.856620185738566,279,1,529.7996366288131
6301,3,522,524.6,7.436396977031189,279,0,530.0485887335523
6302,3,521,523.2,5.974947698515901,279,1,529.7996366288131
6303,4,523,522.2,4.658325879540704,279,0,529.0422247974294
6304,4,523,522.2,5.357238094391598,279,1,529.0422247974294
6305,4,534,538.8,9.418067742376948,280,1,538.4069358040798
6306,5,536,539.2,9.203260291874702,280,0,539.5799054344942
6307,5,534,537.2,9.418067742376948,280,1,538.152517019569
6308,1,532,533.8,6.797058187186672,280,1,535.596854658727
6309,1,532,537.2,9.523654760647185,280,0,536.8248848718824
6310,2,538,532.6,4.774934554525453,280,1,534.8133357213172
6311,2,538,535.0,7.071067811865327,280,0,537.2996593488394
6312,3,533,534.2,2.2803508501985275,280,1,536.1956601371619
6313,3,533,532.8,4.969909455915461,280,0,533.9572611960762
6314,4,529,533.2,3.2710854467594093,280,1,533.7007955961955
6315,4,529,533.6,3.5071355833497595,280,0,535.1265794033866
6316,0,544,535.2,5.8906705900090826,280,0,537.2996593488394
6317,0,544,535.2,5.890670590009349,280,1,537.2996593488394
6318,1,535,535.8,5.63027530410379,280,1,537.4701956630736
6319,1,535,535.8,5.630275304103511,280,0,537.4701956630736
6320,2,533,534.8,5.585696017507383,280,0,536.1956601371619
6321,2,533,534.8,5.585696017507664,280,1,536.1956601371619
6322,3,562,540.6,13.164345787011133,280,0,541.198226805099
6323,3,562,540.6,13.16434578701125,280,1,541.198226805099
6324,4,521,539.0,15.247950681976828,280,0,537.6849311140934
6325,4,521,539.0,15.247950681976931,280,1,537.6849311140934
6326,1,533,536.2,1.7888543819998683,281,0,537.2112796555164
6327,0,541,537.0,2.828427124746215,281,0,538.2797648755584
6328,0,541,536.8,2.863564212655674,281,1,538.2797648755584
6329,1,541,537.8,3.3466401061363302,281,0,538.5560493117471
6330,1,541,537.6,3.435112807463866,281,1,538.2797648755584
6331,2,537,537.6,3.435112807463866,281,1,538.2797648755584
6332,2,537,537.8,3.3466401061363302,281,0,538.5560493117471
6333,3,544,539.2,4.266145801540324,281,0,539.1398111177693
6334,3,544,539.2,4.266145801540567,281,1,539.1398111177693
6335,4,533,539.2,4.266145801540567,281,1,538.2837365925283
6336,4,533,539.2,4.266145801540324,281,0,538.2837365925283
6337,5,534,537.8,4.6583258795410805,281,1,538.4288014557577
6338,5,534,537.8,4.6583258795408575,281,0,538.4288014557577
6339,0,534,536.4,4.505552130427759,281,1,537.463505513103
6340,0,534,536.4,4.505552130427528,281,0,537.463505513103
6341,1,540,537.0,4.795831523312939,281,1,538.2797648755584
6342,1,540,537.0,4.795831523312724,281,0,538.2797648755584
6343,3,535,535.2,2.7748873851023284,281,0,536.7025008311556
6344,3,535,535.2,2.7748873851027023,281,1,536.7025008311556
6345,4,540,536.6,3.130495168499703,281,0,538.2797648755584
6346,4,540,536.6,3.130495168500034,281,1,538.2797648755584
6347,0,634,539.6,3.049590136395365,282,1,541.198226805099
6348,1,541,539.4,2.8809720581775493,282,0,539.1398111177693
6349,1,541,539.4,2.880972058177575,282,1,539.1398111177693
6350,2,539,538.6,2.0736441353327133,282,0,539.1398111177693
6351,2,539,538.6,2.0736441353327493,282,1,539.1398111177693
6352,3,541,539.4,2.0736441353327133,282,0,539.1398111177693
6353,3,541,539.4,2.0736441353327493,282,1,539.1398111177693
6354,5,536,539.4,2.0736441353327133,282,0,539.5799054344942
6355,5,536,539.4,2.0736441353327493,282,1,539.5799054344942
6356,0,534,538.2,3.114482300479457,282,0,538.4069358040798
6357,0,534,538.2,3.114482300479481,282,1,538.4069358040798
6358,2,528,527.2,8.871302046486731,283,1,532.6657626476696
6359,4,541,531.6,9.235799911215029,283,1,534.6463287197745
6360,4,528,525.0,6.633249580710636,283,0,532.2110609978799
6361,5,524,530.0,9.823441352194225,283,1,533.8652013550005
6362,5,524,524.6,6.6181568431095545,283,0,531.721225179794
6363,1,584,534.6,27.90698837209056,283,0,538.0173535144644
6364,1,584,539.0,26.53299832284319,283,1,540.873362001755
6365,0,579,551.2,28.42006333560851,283,1,547.374515332781
6366,1,579,546.6,32.106074191654095,283,0,536.6207143684603
6367,1,537,553.0,26.823497162003296,283,1,546.1261430834993
6368,2,537,552.2,27.32581197329732,283,1,545.2027562772895
6369,5,537,550.4,28.83227358360761,283,0,544.7299897883886
6370,5,523,552.0,27.58622844826742,283,1,544.9663674048535
6371,1,551,545.4,21.232051243344312,283,1,542.8442110764161
6372,1,551,555.0,26.067220795474096,283,0,549.9055436384947
6373,4,544,538.4,10.382677881933862,283,1,539.1398111177693
6374,5,541,539.2,10.401922899156608,283,1,539.7454385754695
6375,0,533,538.4,10.761040841851615,283,1,538.2837365925283
6376,0,544,559.0,21.201415047114125,283,0,548.2823437468938
6377,2,516,545.4,22.89759812731451,283,0,539.8101049818742
6378,2,516,537.0,13.39776100697421,283,1,536.8248848718824
6379,3,536,536.8,13.10343466423963,283,0,538.1142317345831
6380,3,536,534.0,10.93160555453766,283,1,536.8862015214277
6381,4,558,536.8,15.122830422906915,283,1,540.338180562888
6382,5,540,541.2,17.253985046939164,284,0,540.145666873046
6383,2,547,538.6,14.467204291085393,284,1,540.2433557765261
6384,2,547,538.6,14.467204291085425,284,0,540.2433557765261
6385,4,541,544.0,4.795831523312749,284,0,540.1846543988947
6386,4,541,544.0,4.795831523312654,284,1,540.1846543988947
6387,5,548,543.4,3.781534080237729,284,1,542.1950832893032
6388,0,538,542.8,4.438468204234357,284,1,539.7863642180106
6389,0,548,543.4,3.7815340802378494,284,0,541.589455831603
6390,1,527,540.2,8.467585252006595,284,1,537.6849311140934
6391,1,527,540.6,8.38450952650186,284,0,537.6849311140934
6392,2,547,540.2,8.467585252006595,284,1,540.2433557765261
6393,2,547,542.0,8.83176086632787,284,0,540.8899088767673
6394,3,531,538.2,9.36482781475451,284,1,537.6849311140934
6395,3,531,538.8,9.444575162494091,284,0,537.6849311140934
6396,4,519,534.4,12.720062892926284,284,0,535.596854658727
6397,4,519,532.4,10.667708282475658,284,1,533.3584557176413
6398,1,591,541.0,9.797958971132656,285,0,542.0122892213798
6399,1,591,538.6,15.059880477613344,285,1,541.198226805099
6400,2,544,538.6,15.059880477613344,285,1,539.1398111177693
6401,2,544,545.0,2.449489742782952,285,0,541.5364487202503
6402,3,537,536.4,14.117365193264629,285,1,538.1963808267925
6403,3,537,543.6,4.393176527297639,285,0,540.1846543988947
6404,4,541,535.2,13.21741275741964,285,1,537.2996593488394
6405,4,541,542.2,3.7013511046642127,285,0,539.7863642180106
6406,1,549,542.6,4.3931765272976575,285,1,541.1911656507189
6407,1,549,542.6,4.393176527297647,285,0,541.1911656507189
6408,3,537,541.6,5.079370039680032,285,1,539.5400394153459
6409,3,537,541.6,5.079370039680023,285,0,539.5400394153459
6410,4,537,540.2,5.215361924162042,285,1,539.1398111177693
6411,4,537,540.2,5.215361924162033,285,0,539.1398111177693
6412,5,530,538.8,6.942621983083836,285,0,538.1264447208556
6413,0,530,538.8,6.942621983083842,285,1,537.6849311140934
6414,1,535,537.6,6.985699678629115,285,0,537.6826063578745
6415,1,526,535.8,8.75785361832446,285,1,536.6124741770815
6416,2,545,536.8,5.403702434442437,285,0,538.2797648755584
6417,2,545,535.0,7.314369419163805,285,1,537.2996593488394
6418,3,543,536.2,8.167006795638079,285,1,538.0673541807574
6419,4,543,538.0,6.0827625302981465,285,0,538.5560493117471
6420,4,537,536.2,8.167006795638079,285,1,538.0673541807574
6421,2,538,543.2,21.064187617850337,286,1,539.6421255274333
6422,3,547,550.8,17.59829537199553,286,0,544.8799965651054
6423,4,547,548.0,17.790446874657174,286,1,542.3307187879286
6424,4,543,548.0,17.478558292948513,286,0,541.2271741291719
6425,5,545,541.4,5.319774431308082,286,0,540.145666873046
6426,5,545,550.6,15.693947878083426,286,1,544.947653856506
6427,4,571,555.8,17.56986055721557,286,1,552.5518285643394
6428,5,571,548.0,13.784048752090197,286,0,546.5999827519495
6429,0,548,550.8,11.454256850621048,286,0,545.7237822105184
6430,0,542,548.6,12.97304898626376,286,1,542.1211197372484
6431,1,556,552.6,11.41490254010078,286,0,549.6692871980655
6432,2,556,552.2,11.734564329364726,286,1,548.6397649607086
6433,3,555,555.0,10.074720839804902,286,0,551.8171482113196
6434,3,543,551.4,12.300406497347918,286,1,544.3189807778101
6435,4,543,554.6,10.597169433391128,286,0,547.7706661505382
6436,5,547,544.0,5.385164807134478,287,1,541.8938265153516
6437,0,578,549.8,16.422545478700922,287,1,547.094859419276
6438,0,578,549.8,16.42254547870092,287,0,547.094859419276
6439,1,547,552.2,14.481022063376615,287,1,546.8488298075076
6440,1,547,552.2,14.481022063376614,287,0,546.8488298075076
6441,2,597,553.0,14.08900280360538,287,1,551.2683685800074
6442,2,597,553.0,14.089002803605377,287,0,551.2683685800074
6443,2,541,552.4,14.6219013811474,287,1,545.7452851487509
6444,3,549,554.0,13.453624047073715,287,0,549.1754675832465
6445,3,549,552.8,14.463747785411645,287,1,548.073473387669
6446,5,540,545.2,4.3817804600413215,287,1,542.1420761779505
6447,5,540,552.6,14.673104647619748,287,0,547.2150150413208
6448,0,544,544.6,4.277849927241483,287,1,540.1846543988947
6449,0,544,545.8,3.8340579025362183,287,0,541.6581026703786
6450,1,544,545.2,3.8340579025362183,287,0,541.5364487202503
6451,1,544,543.6,3.507135583350035,287,1,540.1846543988947
6452,2,553,546.0,5.049752469181087,287,0,543.3867399478775
6453,2,553,546.0,5.049752469181036,287,1,543.3867399478775
6454,3,556,547.4,6.767569726275492,287,0,543.737236955455
6455,3,556,547.4,6.767569726275455,287,1,543.737236955455
6456,5,545,551.2,15.221695043588284,288,0,545.2273097700111
6457,0,544,550.8,15.417522498767426,288,1,544.3189807778101
6458,0,544,550.6,15.485477067239488,288,0,544.0393248643051
6459,1,555,546.0,5.522680508593656,288,0,543.3867399478775
6460,2,553,548.6,5.029910535983742,288,0,544.409260369134
6461,3,550,549.4,4.8270073544588925,288,0,545.2890306257976
6462,4,571,554.6,10.064790112068913,288,0,552.3703627755849
6463,5,532,538.0,5.338539126015754,289,1,537.5426829148333
6464,2,546,540.4,5.770615218501498,289,1,539.2485542416161
6465,2,537,540.8,5.06951674225465,289,0,539.5400394153459
6466,3,538,539.2,5.449770637375584,289,1,539.1398111177693
6467,4,538,539.2,4.207136793592543,289,0,539.1398111177693
6468,4,540,538.6,5.079370039680229,289,1,539.1398111177693
6469,5,542,540.8,3.114482300479501,289,0,540.145666873046
6470,1,530,538.0,5.147815070493504,289,0,537.1011693080711
6471,1,542,539.6,5.17687164221802,289,1,539.1398111177693
6472,2,543,538.0,5.147815070493504,289,0,538.5560493117471
6473,2,543,541.8,3.0331501776207954,289,1,539.6590831835605
6474,3,546,539.8,6.180614856144988,289,0,539.2485542416161
6475,0,544,539.4,2.792848008753533,290,0,539.1398111177693
6476,1,549,541.6,4.929503017546346,290,0,540.9448408480541
6477,1,549,539.4,5.941380311005155,290,1,540.5446125504776
6478,0,544,541.6,4.929503017546469,290,1,539.5400394153459
6479,0,544,542.8,4.549725266430769,290,0,539.7863642180106
6480,1,539,542.6,4.7222875812468885,290,0,539.7863642180106
6481,1,539,541.8,4.764451699828604,290,1,539.6590831835605
6482,2,549,545.0,4.183300132670205,290,0,542.9412501529586
6483,2,549,543.6,5.549774770204613,290,1,541.589455831603
6484,3,538,543.8,5.263078946776162,290,0,540.1846543988947
6485,3,538,543.8,5.263078946776263,290,1,540.1846543988947
6486,5,544,542.8,4.43846820423425,290,0,540.3919916757108
6487,2,541,542.2,4.43846820423425,290,0,539.7863642180106
6488,2,544,542.8,4.43846820423437,290,1,539.7863642180106
6489,3,537,541.8,4.868264577855059,290,0,539.6590831835605
6490,3,537,541.4,5.02991053598366,290,1,539.5400394153459
6491,4,529,539.4,7.569676347110184,290,1,537.6849311140934
6492,5,529,537.8,5.630275304103527,290,0,537.5426829148333
6493,0,535,536.6,5.41294744108968,290,1,537.6826063578745
6494,0,543,538.8,6.099180272790609,290,0,539.1398111177693
6495,1,544,538.8,6.099180272790609,290,0,539.1398111177693
6496,1,544,537.8,6.379655163094586,290,1,538.5560493117471
6497,2,536,536.2,5.357238094391486,290,1,537.9018210397821
6498,2,536,537.8,6.058052492344225,290,0,538.3905161707718
6499,3,533,537.0,6.442049363362414,290,0,537.4236903503173
6500,3,533,535.4,5.504543577809092,290,1,536.4435848235984
6501,4,535,541.2,7.823042886243224,291,1,539.092292084295
6502,1,721,542.4,7.092249290598786,291,0,542.457481787307
6503,1,721,539.8,6.610597552415428,291,1,541.198226805099
6504,1,542,541.0,6.082762530298131,291,0,539.5400394153459
6505,2,542,538.4,4.615192303685811,291,1,539.1398111177693
6506,2,542,541.4,6.066300355241152,291,0,539.5400394153459
6507,0,551,542.2,5.7183913821983765,291,1,541.5150014955094
6508,0,551,541.8,6.723094525588571,291,0,541.3877204610593
6509,3,544,542.8,5.7183913821983765,291,1,539.7863642180106
6510,3,544,544.2,3.898717737923477,291,0,540.1846543988947
6511,4,554,546.6,5.549774770204559,291,0,543.3867399478775
6512,2,537,537.8,4.207136793592517,292,0,538.5560493117471
6513,2,537,536.6,4.277849927241445,292,1,538.2797648755584
6514,0,541,536.4,3.974921382870321,292,1,538.1963808267925
6515,0,541,538.0,4.3588989435406615,292,0,538.5560493117471
6516,0,539,538.0,2.6457513110645423,292,1,538.5560493117471
6517,2,629,544.2,16.52876280911549,292,0,542.3132430967297
6518,2,629,545.8,15.270887335056864,292,1,544.329220239675
6519,0,721,549.0,15.165750888103108,292,1,546.7186397662739
6520,0,721,549.0,15.165750888103078,292,0,546.7186397662739
6521,1,542,549.6,14.724129855444746,292,0,543.5603933482988
6522,1,542,550.0,14.31782106327636,292,1,544.0393248643051
6523,2,573,556.8,15.786069808536876,292,0,553.4932692930145
6524,2,573,556.4,16.303373883954215,292,1,553.1057232359102
6525,4,576,563.8,14.754660280738417,292,0,556.8092613506367
6526,4,576,563.8,14.754660280738443,292,1,556.8092613506367
6527,4,580,573.8,8.197560612767692,293,1,561.6980107100553
6528,0,542,542.0,1.870828693386999,294,0,539.7863642180106
6529,1,546,542.2,2.2803508501984635,294,1,539.8951073418574
6530,1,546,542.2,2.280350850198288,294,0,539.8951073418574
6531,1,721,542.0,2.549509756796554,294,1,542.457481787307
6532,1,721,542.0,2.5495097567963967,294,0,542.457481787307
6533,2,540,541.8,2.6832815729998964,294,1,539.6590831835605
6534,2,540,541.8,2.683281572999747,294,0,539.6590831835605
6535,4,537,540.8,3.4205262752975223,294,1,539.5400394153459
6536,4,537,540.8,3.420526275297405,294,0,539.5400394153459
6537,1,543,541.0,3.5355339059328403,294,1,539.5400394153459
6538,1,543,541.0,3.5355339059327267,294,0,539.5400394153459
6539,0,540,539.8,2.167948338867862,294,0,539.1398111177693
6540,0,540,539.8,2.167948338868048,294,1,539.1398111177693
6541,1,552,542.4,5.770615218501473,294,1,541.5150014955094
6542,1,552,542.4,5.770615218501404,294,0,541.5150014955094
6543,2,537,541.8,6.220932405998377,294,1,539.6590831835605
6544,2,537,541.8,6.220932405998313,294,0,539.6590831835605
6545,3,538,542.0,6.041522986797288,294,0,539.7863642180106
6546,3,538,542.0,6.0415229867973546,294,1,539.7863642180106
6547,4,538,541.0,6.2449979983984,294,0,539.5400394153459
6548,4,538,541.0,6.244997998398464,294,1,539.5400394153459
6549,1,574,563.4,10.899541274751028,295,0,557.1107883566524
6550,3,557,562.4,11.28273016605472,295,0,554.8067853243164
6551,1,606,566.4,20.169283576765903,296,0,559.4055889858948
6552,2,570,564.6,19.138965489283866,296,0,557.0363846718516
6553,0,606,566.4,20.1692835767659,296,1,559.4055889858948
6554,1,585,567.6,21.25558750070198,296,1,560.1324760095584
6555,2,543,564.6,19.138965489283866,296,0,552.2130051828352
6556,3,573,570.0,16.155494421403468,296,0,560.1324760095584
6557,3,579,574.8,16.376812876747362,296,1,560.1324760095584
6558,1,541,538.8,6.260990336999454,297,0,539.1398111177693
6559,0,536,536.6,5.128352561983252,297,1,538.1142317345831
6560,1,539,538.8,1.7888543819998663,297,1,539.1398111177693
6561,2,536,537.4,5.856620185738568,297,0,538.1142317345831
6562,3,542,539.4,2.302172886644298,297,1,539.1398111177693
6563,3,535,535.8,4.969909455915712,297,0,537.4701956630736
6564,4,536,538.8,2.77488738510234,297,1,538.974277976794
6565,4,536,537.4,2.509980079602328,297,0,538.1142317345831
6566,3,541,538.8,2.77488738510234,297,1,539.1398111177693
6567,4,540,539.6,2.302172886644298,297,1,539.1398111177693
6568,4,541,537.8,2.949576240750617,297,0,538.5560493117471
6569,0,540,539.8,2.2803508501983063,297,1,539.1398111177693
6570,0,540,537.6,2.701851217221348,297,0,538.2797648755584
6571,1,540,538.4,2.701851217221348,297,0,539.1398111177693
6572,1,540,539.4,1.949358868961821,297,1,539.1398111177693
6573,2,539,540.0,0.7071067811866429,297,1,539.1398111177693
6574,2,539,539.2,1.9235384061672665,297,0,539.1398111177693
6575,3,540,540.0,0.7071067811868741,297,0,539.1398111177693
6576,3,540,539.8,0.4472135955001121,297,1,539.1398111177693
6577,1,539,536.4,4.560701700396572,298,1,538.1963808267925
6578,1,539,536.4,4.560701700396559,298,0,538.1963808267925
6579,2,542,539.0,2.5495097567964384,298,1,539.1398111177693
6580,2,542,539.0,2.549509756796416,298,0,539.1398111177693
6581,4,535,538.2,3.114482300479532,298,1,538.5426526000855
6582,4,535,538.2,3.114482300479514,298,0,538.5426526000855
6583,1,541,538.4,3.286335345031029,298,0,539.1398111177693
6584,1,541,538.4,3.286335345031046,298,1,539.1398111177693
6585,3,544,540.2,3.42052627529744,298,0,539.1398111177693
6586,3,544,540.2,3.420526275297457,298,1,539.1398111177693
6587,4,540,540.4,3.361547262794363,298,1,539.1398111177693
6588,4,540,540.4,3.361547262794346,298,0,539.1398111177693
6589,0,540,540.0,3.2403703492039533,298,0,539.1398111177693
6590,0,540,540.0,3.2403703492039706,298,1,539.1398111177693
6591,1,540,541.0,1.7320508075689205,298,0,539.5400394153459
6592,1,540,541.0,1.7320508075689531,298,1,539.5400394153459
6593,2,539,540.6,1.949358868961834,298,0,539.1398111177693
6594,2,539,540.6,1.949358868961863,298,1,539.1398111177693
6595,3,540,539.8,0.4472135955001676,298,0,539.1398111177693
6596,3,540,539.8,0.4472135955002947,298,1,539.1398111177693
6597,0,626,553.4,4.335896677735732,299,0,552.3703627755849
6598,0,721,561.0,10.124228365658317,299,1,555.3471123081414
6599,0,721,555.4,5.176871642217896,299,0,553.0943574358008
6600,3,562,556.8,5.932958789676522,299,0,553.6482521073716
6601,3,562,560.6,10.014988766843448,299,1,555.3471123081414
6602,4,565,558.4,6.985699678629188,299,0,553.6482521073716
6603,4,565,562.0,10.049875621120911,299,1,555.3471123081414
6604,1,546,548.0,7.483314773547872,300,1,541.8784461244801
6605,3,553,549.0,3.3166247903554065,300,0,545.7761594744763
6606,0,553,550.0,3.674234614174773,300,0,546.6949079989398
6607,1,629,552.2,3.962322551231787,300,0,549.3433485751832
6608,1,629,551.0,5.099019513592769,300,1,547.9170442042424
6609,2,541,536.2,3.4205262752973686,301,1,538.0673541807574
6610,3,540,537.8,2.774887385102261,301,1,538.5560493117471
6611,0,539,538.6,2.302172886644202,301,1,539.1398111177693
6612,2,545,540.6,2.701851217221193,301,1,539.1398111177693
6613,3,534,539.8,3.962322551231732,301,1,538.4069358040798
6614,4,542,540.0,4.062019202317922,301,1,539.1398111177693
6615,0,534,538.8,4.868264577855178,301,1,538.4069358040798
6616,0,542,535.4,9.289779329994865,302,0,537.2996593488394
6617,0,542,537.8,10.473776778220918,302,1,538.5560493117471
6618,1,523,532.6,9.964938534682473,302,1,533.3584557176413
6619,1,523,535.8,8.526429498916869,302,0,536.6124741770815
6620,3,542,538.0,8.396427811873323,302,0,538.5560493117471
6621,3,542,536.8,8.105553651663756,302,1,538.2797648755584
6622,0,546,538.8,9.03880523078133,302,0,539.2485542416161
6623,1,721,538.8,9.03880523078132,302,1,541.198226805099
6624,1,721,536.8,9.523654760647291,302,0,540.338180562888
6625,2,542,539.0,9.110433579144283,302,1,539.1398111177693
6626,2,542,536.8,9.523654760647291,302,0,538.2797648755584
6627,3,542,540.6,5.639148871948674,302,0,539.1398111177693
6628,3,542,539.0,9.110433579144283,302,1,539.1398111177693
6629,4,540,540.2,5.585696017507578,302,0,539.1398111177693
6630,0,548,540.6,6.148170459575763,302,0,540.5446125504776
6631,3,588,574.8,8.555699854482995,303,0,561.6980107100553
6632,3,588,572.2,14.289856542317036,303,1,561.3964837040396
6633,0,582,577.8,7.726577508832777,303,0,561.6980107100553
6634,0,582,573.4,14.926486525636273,303,1,561.3964837040396
6635,2,611,581.2,2.949576240750641,303,0,561.6980107100553
6636,0,572,547.4,14.099645385611646,304,0,544.4408205699297
6637,0,629,540.2,4.43846820423434,304,1,541.198226805099
6638,2,584,555.8,20.93322717595164,304,0,552.5518285643394
6639,2,536,554.4,22.19909908081858,304,0,547.0626041381015
6640,3,584,548.0,20.43281674170253,304,1,543.8982916984683
6641,3,552,557.6,19.919839356781985,304,0,552.1632429441127
6642,0,549,550.8,19.12328423676224,304,1,545.181253339057
6643,0,549,558.6,19.178112524437864,304,0,549.9108280435718
6644,1,555,555.2,17.655027612552765,304,0,551.6093482725419
6645,2,555,549.4,7.8930349042685135,304,0,546.2159764829336
6646,3,549,552.0,3.000000000000193,304,0,547.1500865814592
6647,0,534,539.6,11.304866208850038,305,1,538.4069358040798
6648,3,534,538.4,4.827007354458822,305,0,538.4069358040798
6649,3,534,535.0,5.787918451395076,305,1,536.5667840351499
6650,1,537,537.0,3.6742346141747015,305,0,538.2797648755584
6651,1,537,537.0,3.674234614174709,305,1,538.2797648755584
6652,3,546,538.8,5.44977063737545,305,0,539.2485542416161
6653,3,546,538.8,5.449770637375456,305,1,539.2485542416161
6654,0,548,539.8,6.72309452558862,305,0,540.5446125504776
6655,4,544,541.8,6.016643582596512,305,0,539.6590831835605
6656,4,548,539.8,6.723094525588625,305,1,540.5446125504776
6657,0,575,572.8,5.069516742254683,306,0,561.6980107100553
6658,0,575,573.4,3.2093613071761977,306,1,561.6980107100553
6659,0,721,574.0,2.915475947422604,306,1,561.6980107100553
6660,1,721,574.4,3.361547262794415,306,0,561.6980107100553
6661,1,569,574.0,2.915475947422604,306,1,561.6980107100553
6662,2,565,573.6,5.029910535983788,306,0,561.6980107100553
6663,2,565,571.8,4.658325879540807,306,1,561.6980107100553
6664,0,584,578.2,3.83405790253616,307,0,561.6980107100553
6665,1,576,577.4,3.781534080237806,307,0,561.6980107100553
6666,2,562,574.4,7.89303490426844,307,0,561.6980107100553
6667,3,573,574.0,7.905694150420942,307,0,561.6980107100553
6668,3,584,578.2,3.834057902536106,307,1,561.6980107100553
6669,4,560,571.0,9.999999999999996,307,0,561.6980107100553
6670,3,568,563.8,13.026895255585616,308,0,556.8092613506367
6671,3,568,569.8,7.049822692805819,308,1,561.6980107100553
6672,2,591,564.6,14.467204291085356,308,0,557.578913543313
6673,4,582,568.0,16.446884203398483,308,0,560.1324760095584
6674,4,591,575.2,7.049822692805819,308,1,561.6980107100553
6675,0,688,548.4,6.80441033448165,309,1,545.3517406609316
6676,0,533,546.0,11.33578404875463,309,0,540.9514393317705
6677,1,559,550.0,8.336666000266574,309,1,547.2635830860936
6678,1,559,545.4,10.310189135025604,309,0,543.9554150350313
6679,2,574,551.0,16.47725705328408,309,0,547.374515332781
6680,3,574,553.6,13.722244714331564,309,1,552.3703627755849
6681,3,570,557.4,16.37986568931504,309,0,553.1057232359102
6682,4,558,558.8,15.990622251807467,309,0,552.7319180312664
6683,4,558,556.0,13.095800853708813,309,1,553.2744469027278
6684,0,626,564.2,10.281050529979872,310,0,557.8804405493287
6685,0,721,563.8,10.616025621672131,310,0,557.1107883566524
6686,0,721,569.4,8.38450952650186,310,1,561.6980107100553
6687,1,553,563.2,11.23387733598687,310,0,555.9272244314291
6688,1,553,565.6,10.853570840972132,310,1,556.9379602575311
6689,2,565,564.8,10.68644000591406,310,1,557.8804405493287
6690,2,565,564.8,10.686440005914006,310,0,557.8804405493287
6691,3,573,565.2,11.00908715561827,310,0,557.8804405493287
6692,3,544,559.0,15.099668870541471,311,1,548.8248726183552
6693,0,544,551.4,14.993331851193055,311,0,544.3189807778101
6694,0,544,553.4,14.240786495134287,311,1,547.7706661505382
6695,1,547,552.2,14.53272169966797,311,0,546.8488298075076
6696,1,547,552.2,14.532721699667931,311,1,546.8488298075076
6697,2,542,545.0,2.449489742783312,311,0,541.5364487202503
6698,4,553,546.0,4.30116263352139,311,0,543.3867399478775
6699,2,546,545.0,6.403124237432913,312,1,541.6451918440971
6700,2,540,543.8,5.9329587896765466,312,0,540.1846543988947
6701,0,546,547.0,4.000000000000103,312,1,541.7668457942254
6702,0,546,542.4,3.577708763999675,312,0,539.8951073418574
6703,0,545,543.0,3.741657386773953,312,0,539.7863642180106
6704,1,555,546.4,5.412947441089757,312,0,543.3867399478775
6705,2,553,547.8,6.140032573203519,312,0,543.4983402781321
6706,3,550,549.8,4.32434966208797,312,0,545.7679621418039
6707,4,571,554.8,9.808159868191414,312,0,552.5359456391475
6708,0,541,538.8,6.942621983083929,313,0,539.1398111177693
6709,1,560,543.8,11.211601134539192,313,0,542.8557719681911
6710,1,541,538.2,8.757853618324592,313,1,539.1398111177693
6711,1,721,545.8,9.576011695899323,313,0,544.329220239675
6712,1,721,539.0,9.027735042633958,313,1,541.198226805099
6713,3,521,543.0,14.370107863199944,313,0,538.4808954009676
6714,3,521,538.0,10.908712114635769,313,1,537.1011693080711
6715,3,543,541.6,13.84918770181128,313,0,539.5400394153459
6716,3,543,536.6,9.316651759081752,313,1,538.2797648755584
6717,0,540,541.4,13.867227552759086,313,0,539.5400394153459
6718,0,540,537.6,9.37016542009804,313,1,538.2797648755584
6719,0,538,537.2,2.1679483388679577,314,0,538.2797648755584
6720,2,544,538.0,3.6742346141748174,314,0,538.5560493117471
6721,4,543,539.2,4.207136793592564,314,0,539.1398111177693
6722,4,537,535.8,2.774887385102116,314,1,538.0673541807574
6723,1,534,535.6,2.8809720581773925,314,1,536.9518850468006
6724,1,534,539.2,4.207136793592564,314,0,538.4069358040798
6725,3,547,541.2,5.167204273105545,314,0,540.6435840741026
6726,3,547,538.2,5.630275304103588,314,1,540.2433557765261
6727,4,548,543.2,5.540758070878036,314,0,541.589455831603
6728,4,548,539.8,7.190271204898942,314,1,540.5446125504776
6729,0,537,541.8,6.140032573203504,314,0,539.6590831835605
6730,0,537,540.6,6.426507605223774,314,1,539.1398111177693
6731,1,564,546.0,11.768602295939822,314,0,544.329220239675
6732,1,564,546.0,11.768602295939775,314,1,544.329220239675
6733,2,531,545.4,12.581732790041238,314,1,540.3526338533356
6734,2,531,545.4,12.58173279004128,314,0,540.3526338533356
6735,3,545,545.0,12.549900398011127,314,0,541.5364487202503
6736,4,547,544.8,12.497999839974392,314,0,541.2881990576515
6737,4,545,545.0,12.549900398011088,314,1,541.5364487202503
6738,0,538,553.8,21.77613372479145,315,1,547.2281372790768
6739,2,629,549.6,20.35436071214225,315,0,546.6159279032697
6740,0,568,556.8,18.886503117305757,315,0,553.1057232359102
6741,0,629,557.0,21.330729007701528,315,1,553.1057232359102
6742,1,575,555.8,17.426990560621757,315,0,552.5518285643394
6743,1,575,557.2,21.53369452741445,315,1,553.1057232359102
6744,2,577,563.8,15.738487856207795,315,0,556.6542785362795
6745,3,577,566.2,17.36951352226074,315,1,559.3659275351372
6746,4,572,570.6,6.348228099241604,315,0,561.6980107100553
6747,4,563,562.8,15.562776101968405,315,1,556.5681777172109
6748,3,628,565.0,7.58287544405156,316,0,557.8804405493287
6749,3,628,575.0,6.20483682299543,316,1,561.6980107100553
6750,4,574,565.6,8.26438140455776,316,0,557.8804405493287
6751,3,584,580.2,3.563705936241031,317,0,561.6980107100553
6752,3,578,579.8,3.7013511046642864,317,0,561.6980107100553
6753,3,578,573.6,9.555103348473027,317,1,561.6980107100553
6754,4,596,582.0,3.3911649915625754,317,0,561.6980107100553
6755,1,575,568.6,18.365728953678914,318,0,560.1324760095584
6756,1,547,568.6,13.740451229854152,318,1,556.7111335769409
6757,1,547,563.2,20.25339477717255,318,0,552.5294968794595
6758,2,542,564.4,18.324846520503257,318,1,552.2130051828352
6759,2,542,555.8,19.791412279066908,318,0,547.728449075323
6760,4,721,549.0,15.116216457830976,318,0,546.7186397662739
6761,4,721,557.6,17.854971296532522,318,1,553.1057232359102
6762,1,548,569.8,13.935566009315874,319,0,557.7626640674549
6763,1,548,569.0,13.601470508735447,319,1,557.7626640674549
6764,1,568,569.6,13.95707705789432,319,0,561.3964837040396
6765,1,568,568.2,13.498148021117569,319,1,561.3964837040396
6766,4,529,536.0,4.690415759823469,320,0,536.6124741770815
6767,0,543,540.0,9.899494936611696,320,1,539.1398111177693
6768,0,543,537.8,5.403702434442559,320,0,538.5560493117471
6769,1,564,546.0,13.711309200802113,320,1,544.329220239675
6770,1,564,543.2,12.814054783713084,320,0,542.8557719681911
6771,2,538,542.6,13.011533345459354,320,1,539.7863642180106
6772,2,538,542.6,13.011533345459334,320,0,539.7863642180106
6773,3,541,543.0,12.903487900563944,320,0,539.7863642180106
6774,3,541,543.0,12.903487900563965,320,1,539.7863642180106
6775,4,544,546.0,10.319883720275152,320,0,541.6581026703786
6776,4,544,546.0,10.319883720275175,320,1,541.6581026703786
6777,0,535,544.4,11.458621208504976,320,0,539.7369070678438
6778,0,535,544.4,11.458621208505,320,1,539.7369070678438
6779,1,542,540.0,3.5355339059327235,320,0,539.1398111177693
6780,1,542,540.0,3.535533905932796,320,1,539.1398111177693
6781,2,555,543.4,7.300684899377591,320,0,541.9132916763936
6782,2,555,543.4,7.300684899377626,320,1,541.9132916763936
6783,3,539,543.0,7.516648189186454,320,0,539.7863642180106
6784,3,539,543.0,7.516648189186488,320,1,539.7863642180106
6785,4,542,542.6,7.503332592921629,320,0,539.7863642180106
6786,4,541,551.2,16.739175606940748,321,0,543.7764519063487
6787,4,541,537.6,5.272570530585566,321,1,538.2797648755584
6788,5,533,538.0,4.690415759823355,321,1,538.3056022442062
6789,5,533,548.8,18.606450494385,321,0,542.1051213227238
6790,0,544,538.8,5.403702434442461,321,1,539.1398111177693
6791,0,544,548.6,18.662797217994942,321,0,541.578590865787
6792,1,533,539.0,5.6124860801609175,321,0,538.2837365925283
6793,1,533,538.8,5.403702434442461,321,1,538.2837365925283
6794,3,600,536.6,5.504543577809162,321,0,540.338180562888
6795,3,600,536.6,5.504543577809095,321,1,540.338180562888
6796,1,532,534.8,5.167204273105533,321,0,535.596854658727
6797,1,532,534.8,5.167204273105462,321,1,535.596854658727
6798,2,545,537.2,6.685805860178712,321,0,538.2797648755584
6799,2,545,537.2,6.685805860178656,321,1,538.2797648755584
6800,4,539,536.2,5.718391382198259,321,1,538.0673541807574
6801,5,545,538.6,6.50384501660358,321,1,539.7454385754695
6802,5,539,536.2,5.718391382198323,321,0,538.6729816384576
6803,0,557,541.0,10.464224768228174,321,0,541.6708300008172
6804,0,557,543.6,9.20869154657702,321,1,542.3154449843661
6805,1,536,544.4,8.049844718999177,321,1,540.0191212579194
6806,1,536,541.8,9.731392500562286,321,0,539.4935500425852
6807,2,539,543.2,8.378544026261304,321,1,540.1846543988947
6808,3,540,543.4,8.264381404557687,321,1,540.1846543988947
6809,4,540,542.4,8.324662155306898,321,1,539.7863642180106
6810,1,613,537.2,4.086563348340511,322,0,540.338180562888
6811,1,613,537.4,3.130495168499722,322,1,540.338180562888
6812,1,541,537.2,4.71168759575581,323,0,538.2797648755584
6813,0,535,538.4,2.1908902300206003,323,1,538.5426526000855
6814,0,535,536.4,4.669047011971414,323,0,537.5992223091087
6815,1,540,538.6,2.302172886644204,323,1,539.1398111177693
6816,1,540,538.6,2.3021728866441005,323,0,539.1398111177693
6817,2,542,539.2,2.774887385102176,323,0,539.1398111177693
6818,2,542,539.2,2.7748873851022617,323,1,539.1398111177693
6819,3,536,538.8,3.1144823004793487,323,0,538.974277976794
6820,3,536,538.8,3.114482300479425,323,1,538.974277976794
6821,4,536,537.8,3.033150177620469,323,0,538.3905161707718
6822,4,536,537.8,3.0331501776205467,323,1,538.3905161707718
6823,5,542,539.2,3.0331501776205467,323,1,539.7454385754695
6824,1,542,539.2,3.033150177620469,323,0,539.1398111177693
6825,1,536,538.4,3.286335345030928,323,1,538.974277976794
6826,3,544,540.0,3.74165738677382,323,0,539.1398111177693
6827,3,544,538.8,3.898717737923534,323,1,539.1398111177693
6828,2,542,549.8,17.195929750961394,324,1,543.4967959928437
6829,5,535,549.4,17.586926962946063,324,1,543.8033109413315
6830,5,535,548.4,18.03607496103299,324,0,542.364037330281
6831,0,578,556.0,21.319005605327828,324,1,553.1057232359102
6832,0,578,548.0,17.161002301730544,324,0,543.8982916984683
6833,1,554,549.8,17.239489551607992,324,0,546.1523791274784
6834,0,554,550.8,16.66433316997711,324,1,546.4320350409835
6835,0,534,548.6,18.270194306574883,324,0,540.9951267387304
6836,5,541,550.0,17.102631376487054,324,1,544.7299897883886
6837,5,541,548.4,18.365728953678943,324,0,542.8117846613319
6838,0,544,550.2,17.123083834403236,324,0,543.4967959928437
6839,0,544,550.4,16.89082591231108,324,1,543.4967959928437
6840,1,544,543.4,7.197221686178759,324,0,540.1846543988947
6841,2,545,541.6,4.505552130427716,324,0,539.5400394153459
6842,2,544,552.2,15.23811011904034,324,1,545.7452851487509
6843,0,550,541.8,6.099180272790746,325,0,541.3877204610593
6844,2,583,549.8,19.52434377898525,325,0,547.094859419276
6845,2,583,549.8,19.52434377898528,325,1,547.094859419276
6846,4,541,549.2,19.79141227906693,325,1,543.0178644768374
6847,4,541,549.2,19.79141227906691,325,0,543.0178644768374
6848,5,536,548.8,20.092287077383705,325,0,542.6462515203566
6849,5,536,548.8,20.092287077383723,325,1,542.6462515203566
6850,1,541,550.2,19.018412131405725,325,0,543.4967959928437
6851,1,541,550.2,19.01841213140575,325,1,543.4967959928437
6852,2,548,549.8,19.04468429772469,325,1,544.9015974255519
6853,2,548,549.8,19.044684297724668,325,0,544.9015974255519
6854,3,542,541.6,4.2778499272415935,325,1,539.5400394153459
6855,3,542,541.6,4.277849927241487,325,0,539.5400394153459
6856,4,538,541.0,4.582575694955938,325,1,539.5400394153459
6857,5,538,541.0,4.582575694955839,325,0,540.145666873046
6858,5,544,542.6,3.714835124201462,325,1,540.3919916757108
6859,0,547,543.2,4.207136793592519,325,0,541.2881990576515
6860,0,547,543.8,4.024922359499737,325,1,541.2881990576515
6861,1,545,544.0,4.062019202317969,325,0,540.1846543988947
6862,2,545,543.2,3.420526275297537,325,1,540.1846543988947
6863,2,553,545.0,5.612486080160904,325,0,543.2650859977491
6864,3,545,543.8,3.420526275297537,325,1,540.1846543988947
6865,3,545,545.6,5.366563145999487,325,0,541.6581026703786
6866,4,556,547.4,4.929503017546595,325,1,543.737236955455
6867,1,540,556.4,23.479778533878893,326,1,548.2823437468938
6868,1,540,556.4,23.479778533878868,326,0,548.2823437468938
6869,3,542,557.2,22.753021777337636,326,1,548.2823437468938
6870,3,542,557.2,22.7530217773376,326,0,548.2823437468938
6871,5,544,550.2,19.524343778985276,326,1,544.7299897883886
6872,5,544,550.2,19.52434377898524,326,0,544.7299897883886
6873,1,553,543.8,5.403702434442536,326,0,541.9132916763936
6874,1,553,543.8,5.403702434442662,326,1,541.9132916763936
6875,2,560,547.8,8.438009243891619,326,0,544.4408205699297
6876,3,572,554.2,12.296340919151527,326,0,552.3703627755849
6877,3,560,547.8,8.4380092438917,326,1,544.4408205699297
6878,4,546,555.0,11.401754250991385,326,0,548.2686750019172
6879,4,546,549.0,7.41619848709579,326,1,543.5967619664375
6880,5,536,539.4,3.6469165057620807,327,0,539.5799054344942
6881,0,542,540.8,2.7748873851023133,327,0,539.5400394153459
6882,2,610,541.2,3.114482300479471,327,0,542.0122892213798
6883,0,610,541.4,3.3615472627947014,327,1,542.0122892213798
6884,0,572,547.4,14.099645385611655,327,0,544.4408205699297
6885,2,584,555.6,21.090282122342504,327,0,552.5518285643394
6886,3,584,549.2,19.639246421388016,327,1,546.6159279032697
6887,3,536,555.6,21.090282122342504,327,0,547.5629159343478
6888,2,602,552.2,19.214577799160768,327,1,548.8008197037218
6889,2,602,558.4,19.71801207018597,327,0,553.1057232359102
6890,3,552,560.0,18.547236990991404,327,0,553.0778195253963
6891,5,549,555.4,17.65785943992079,327,0,550.5901271675459
6892,0,541,546.8,8.167006795638136,327,0,541.6581026703786
6893,0,552,554.0,18.54723699099145,327,1,550.885353612326
6894,1,554,550.4,5.8566201857385005,327,0,546.6949079989398
6895,2,555,550.2,5.63027530410366,327,0,546.6949079989398
6896,3,549,549.6,5.549774770204606,327,0,544.9651947810071
6897,3,554,557.6,15.70986950932444,327,1,552.705771815574
6898,4,549,549.6,5.549774770204606,327,0,544.9651947810071
6899,2,649,552.4,8.4439327330339,328,1,549.3433485751832
6900,5,551,549.8,5.449770637375545,328,0,547.2357944883917
6901,5,551,549.8,5.449770637375603,328,1,547.2357944883917
6902,0,553,550.8,5.4954526656137,328,0,546.9745639124449
6903,1,553,549.0,4.30116263352145,328,1,545.7761594744763
6904,1,546,549.8,5.890670590009312,328,0,544.1480679881519
6905,2,555,552.4,4.21900462194589,328,0,548.4008682833856
6906,3,543,549.6,4.9799598391955735,328,0,543.5603933482988
6907,4,553,550.0,5.19615242270671,328,0,546.6949079989398
6908,5,541,532.2,5.674504383644441,329,0,535.557237335536
6909,1,543,534.8,7.190271204899024,329,0,537.051734662403
6910,2,530,535.6,6.107372593841007,329,0,536.2298803568142
6911,2,541,532.2,8.012490249603973,329,1,534.6463287197745
6912,4,542,537.2,6.610597552415375,329,0,538.2797648755584
6913,5,531,537.4,6.348228099241552,329,0,537.2663984786446
6914,5,542,533.0,8.888194417315523,329,1,536.0665842156329
6915,1,552,539.6,9.18150314491042,329,0,540.8684483952682
6916,1,552,539.0,9.695359714832597,329,1,540.8684483952682
6917,2,538,538.6,8.98888202169769,329,0,539.1398111177693
6918,2,538,541.4,6.693280212272515,329,1,539.5400394153459
6919,3,534,539.4,8.17312669668101,329,0,538.4069358040798
6920,4,526,536.2,9.859006035092987,329,0,536.6124741770815
6921,4,534,541.4,6.693280212272515,329,1,538.9565752882893
6922,0,585,544.0,27.78488797889961,330,1,542.3132430967297
6923,0,585,542.0,26.8700576850888,330,0,542.132616983963
6924,1,610,541.0,26.683328128252658,330,0,541.6874244180358
6925,1,610,541.0,26.683328128252672,330,1,541.6874244180358
6926,2,609,543.0,26.49528259898353,330,0,542.132616983963
6927,0,526,545.2,23.92070233082632,330,0,539.6884510317459
6928,0,609,543.0,26.495282598983543,330,1,542.132616983963
6929,2,556,551.0,21.828879952943065,330,0,546.6709317183064
6930,2,556,551.2,21.545301111843397,330,1,546.6709317183064
6931,3,543,542.6,10.737783756436867,330,0,539.7863642180106
6932,3,543,554.4,17.938784797192916,330,1,547.2281372790768
6933,4,537,541.4,11.013627921806664,330,0,539.5400394153459
6934,2,541,536.4,7.668115805072305,331,1,538.1963808267925
6935,0,547,538.6,9.528903399657263,331,0,540.2433557765261
6936,0,547,541.2,3.6331804249169495,331,1,540.6435840741026
6937,1,539,537.4,8.876936408468849,331,0,538.2797648755584
6938,1,539,541.6,3.130495168499652,331,1,539.5400394153459
6939,2,531,539.6,5.727128425310517,331,1,537.6849311140934
6940,2,531,539.0,5.830951894845293,331,0,537.6849311140934
6941,3,526,536.8,8.318653737234142,331,1,536.8248848718824
6942,2,534,535.4,8.018728078691751,331,1,536.5667840351499
6943,2,526,536.8,8.318653737234154,331,0,536.8248848718824
6944,4,545,537.6,8.988882021697673,331,0,538.2797648755584
6945,4,545,535.0,7.314369419163857,331,1,537.2996593488394
6946,5,546,537.4,8.73498712076897,331,0,538.9941354571054
6947,0,534,536.4,8.792041856133292,331,0,537.463505513103
6948,0,546,536.4,8.792041856133277,331,1,538.3051239506393
6949,1,539,538.0,8.276472678623396,331,1,538.5560493117471
6950,1,539,538.0,8.27647267862341,331,0,538.5560493117471
6951,2,545,541.8,5.167204273105508,331,0,539.6590831835605
6952,2,545,541.8,5.167204273105483,331,1,539.6590831835605
6953,3,546,542.0,5.338539126015634,331,0,539.8951073418574
6954,3,546,544.2,2.9495762407504653,331,1,540.2933975227415
6955,4,539,540.6,4.929503017546473,331,0,539.1398111177693
6956,4,539,543.0,3.6742346141747206,331,1,539.7863642180106
6957,4,549,546.0,2.121320343560006,332,0,543.0629041030869
6958,5,541,545.4,3.049590136395629,332,0,542.5664316625796
6959,0,542,545.0,3.3911649915628583,332,0,541.5364487202503
6960,1,540,543.8,3.962322551231975,332,0,540.1846543988947
6961,1,549,545.4,3.0495901363952584,332,1,543.0629041030869
6962,5,544,543.2,3.56370593624129,332,0,540.7902818565949
6963,1,537,540.8,2.588435821109235,332,0,539.5400394153459
6964,5,543,541.2,2.774887385102576,332,0,540.145666873046
6965,0,559,544.6,8.502940667792602,332,0,542.4819667635473
6966,0,544,546.0,2.1213203435594736,332,1,541.6581026703786
6967,1,560,548.6,10.31018913502566,332,0,545.3517406609316
6968,1,560,549.2,6.300793600809277,332,1,547.1584567747311
6969,2,557,551.2,10.49761877760862,332,0,547.3767172204174
6970,3,557,551.4,6.804410334481536,332,1,547.3767172204174
6971,3,565,556.8,8.25832912882509,332,0,553.6482521073716
6972,4,557,559.6,3.286335345031181,332,0,553.1079251235466
6973,1,552,558.0,11.640446726822834,333,0,552.705771815574
6974,1,561,559.8,11.166915420114933,333,1,554.4962414543294
6975,0,545,554.2,9.833615815151648,333,1,547.7706661505382
6976,0,545,552.4,9.0719347440334,333,0,545.7452851487509
6977,1,583,559.4,15.820872289478876,333,0,553.4932692930145
6978,1,583,561.2,15.270887335056868,333,1,555.0455853021257
6979,2,567,559.2,15.690761613127655,333,0,553.6482521073716
6980,2,567,561.0,15.165750888103112,333,1,555.0455853021257
6981,3,581,565.6,16.964669168598608,333,0,557.0363846718516
6982,3,581,567.4,15.582040944625977,333,1,559.9481178573562
6983,1,530,527.6,1.816590212458287,334,1,532.6657626476696
6984,1,527,527.2,1.3038404810405773,334,0,532.6657626476696
6985,0,528,527.2,1.3038404810405773,334,0,532.6657626476696
6986,0,528,527.6,1.816590212458287,334,1,532.6657626476696
6987,1,535,528.6,3.7815340802378192,334,0,533.5234841336617
6988,1,535,529.0,3.8078865529318553,334,1,533.5234841336617
6989,3,528,529.6,3.209361307176127,334,1,532.6657626476696
6990,3,528,528.6,3.7815340802378192,334,0,532.6657626476696
6991,4,537,531.6,4.159326868616988,334,1,534.6463287197745
6992,5,530,531.6,4.159326868616988,334,1,533.9382434809221
6993,5,537,531.0,4.636809247747859,334,0,535.4841952096144
6994,1,569,539.8,16.724233913695407,334,1,540.873362001755
6995,1,569,539.4,17.038192392387177,334,0,540.873362001755
6996,3,530,539.8,16.724233913695425,334,0,537.3600663107494
6997,3,530,538.8,17.22498185775531,334,1,537.3600663107494
6998,5,530,538.8,17.224981857755324,334,0,538.1264447208556
6999,5,530,539.2,16.932217811025225,334,1,538.1264447208556
7000,0,530,537.8,17.44133022449835,334,1,536.7763045047271
7001,1,530,539.2,16.93221781102524,334,0,537.3600663107494
7002,1,528,537.4,17.686152775547306,334,1,536.5000200685384
7003,2,529,529.4,0.8944271909996283,334,1,532.6657626476696
7004,2,529,537.6,17.558473737771184,334,0,536.5000200685384
7005,3,530,529.8,0.4472135955006602,334,0,532.6657626476696
7006,3,530,529.4,0.8944271909996283,334,1,532.6657626476696
7007,4,528,529.4,0.8944271910002599,334,0,532.6657626476696
7008,4,528,529.0,0.9999999999997408,334,1,532.6657626476696
7009,0,600,526.6,8.792041856133414,335,1,533.0361122574812
7010,0,600,524.0,7.582875444051505,335,0,530.6246878884144
7011,1,532,525.6,7.5033325929217565,335,1,532.2110609978799
7012,1,532,524.2,7.823042886243128,335,0,530.0485887335523
7013,1,549,529.0,12.980754985747248,335,1,536.0347909641507
7014,2,517,527.8,13.917614738165511,335,1,532.6657626476696
7015,2,549,530.0,12.980754985747136,335,0,536.0347909641507
7016,3,527,530.4,11.738824472663437,335,1,532.6657626476696
7017,4,527,529.0,12.980754985747136,335,0,532.6657626476696
7018,4,542,533.4,12.541929676090602,335,1,536.5814594070625
7019,1,537,534.4,12.601587201618775,335,1,537.051734662403
7020,2,537,531.8,12.872451204024788,335,0,534.6463287197745
7021,2,535,531.6,9.787747442593828,335,1,534.0491702020906
7022,3,535,535.2,5.403702434442698,335,1,536.7025008311556
7023,3,535,536.0,8.185352771872418,335,0,537.4701956630736
7024,5,536,536.8,7.886697661252107,335,0,538.7198591922833
7025,5,536,537.0,2.915475947422962,335,1,538.7198591922833
7026,0,551,538.8,6.870225614927213,335,1,540.8684483952682
7027,1,551,537.2,8.671793355471468,335,0,540.0084021530572
7028,2,535,538.8,6.870225614926987,335,0,538.5426526000855
7029,2,536,538.6,6.949820141557768,335,1,538.974277976794
7030,3,532,538.0,7.449832212875805,335,1,537.1011693080711
7031,1,571,556.6,20.28053253738666,336,1,553.1057232359102
7032,1,571,556.6,20.280532537386676,336,0,553.1057232359102
7033,5,550,550.0,13.910427743243524,336,1,546.6762911340048
7034,5,550,550.0,13.910427743243549,336,0,546.6762911340048
7035,0,555,554.6,9.607288899580348,336,0,551.4278824837874
7036,1,568,558.2,10.756393447619866,336,0,553.6482521073716
7037,1,555,554.6,9.607288899580311,336,1,551.4278824837874
7038,2,566,562.0,9.027735042633864,336,0,555.3471123081414
7039,2,566,557.8,10.329569206893344,336,1,553.6482521073716
7040,3,561,560.6,8.384509526501795,336,1,555.3471123081414
7041,3,561,560.0,7.516648189186415,336,0,554.864355694671
7042,4,563,562.6,5.029910535983658,336,0,556.8697047232266
7043,4,563,559.0,6.442049363362519,336,1,553.6482521073716
7044,3,578,556.0,14.124446891825512,337,0,553.6482521073716
7045,3,578,558.0,13.94632568098135,337,1,553.6482521073716
7046,1,593,560.4,17.213366899011927,337,0,554.5030564306643
7047,1,609,561.4,16.667333320000534,337,1,554.5030564306643
7048,1,547,558.6,18.22909761891684,337,0,549.6095712696202
7049,1,547,559.6,17.840964099509875,337,1,549.6095712696202
7050,2,555,561.8,15.056560032092303,337,0,554.1031050103281
7051,2,555,559.4,17.896927110540517,337,1,552.1632429441127
7052,3,539,538.0,2.2360679774999803,338,0,538.5560493117471
7053,3,539,569.4,17.826945896591475,338,1,553.7717872693015
7054,5,537,562.0,22.50555486985379,338,1,550.9128707371929
7055,5,537,538.4,1.673320053068403,338,0,539.7454385754695
7056,1,542,539.4,2.073644135332982,338,0,539.1398111177693
7057,1,542,556.0,23.16246964380093,338,1,548.2823437468938
7058,2,540,539.2,1.923538406167355,338,0,539.1398111177693
7059,2,540,548.8,20.87342808452889,338,1,541.578590865787
7060,3,538,539.2,1.923538406167355,338,0,539.1398111177693
7061,3,538,539.2,1.923538406166858,338,1,539.1398111177693
7062,1,534,532.8,8.642916174532646,339,1,534.0804604076277
7063,1,534,536.4,8.84872872225155,339,0,537.463505513103
7064,3,527,533.8,7.2594765651524815,339,1,535.596854658727
7065,3,527,533.0,8.455767262643851,339,0,533.7007955961955
7066,1,549,538.4,8.294576541331061,339,0,540.5446125504776
7067,1,549,535.4,9.710818709048072,339,1,538.7044607815477
7068,3,521,534.4,11.081516141755966,339,1,535.596854658727
7069,3,521,534.4,11.08151614175603,339,0,535.596854658727
7070,5,543,534.8,11.410521460476646,339,1,537.6573621201031
7071,5,543,534.8,11.410521460476708,339,0,537.6573621201031
7072,5,544,536.8,12.091319200153398,339,1,538.8853923332586
7073,5,544,536.8,12.091319200153457,339,0,538.8853923332586
7074,1,551,541.6,11.991663771137002,339,0,541.2686766928447
7075,1,551,541.6,11.991663771136944,339,1,541.2686766928447
7076,2,543,540.4,11.349008767288812,339,1,539.1398111177693
7077,3,543,540.4,11.349008767288876,339,0,539.1398111177693
7078,3,542,544.6,3.6469165057618897,339,1,540.1846543988947
7079,1,544,547.8,16.46815108019113,340,0,541.2271741291719
7080,4,539,548.0,16.324827717314566,340,1,541.2271741291719
7081,4,539,548.0,16.324827717314523,340,0,541.2271741291719
7082,5,540,548.0,16.324827717314566,340,1,542.4603679247168
7083,5,540,548.0,16.324827717314523,340,0,542.4603679247168
7084,0,538,540.2,2.2803508501987064,340,1,539.1398111177693
7085,0,538,540.2,2.2803508501983827,340,0,539.1398111177693
7086,1,541,540.4,2.3021728866443736,340,0,539.1398111177693
7087,1,541,540.4,2.3021728866446947,340,1,539.1398111177693
7088,1,536,538.8,1.9235384061672445,340,0,538.974277976794
7089,1,536,538.8,1.9235384061676284,340,1,538.974277976794
7090,2,543,539.6,2.7018512172213325,340,0,539.1398111177693
7091,2,543,539.6,2.701851217221606,340,1,539.1398111177693
7092,3,536,538.8,3.114482300479545,340,0,538.974277976794
7093,3,536,538.8,3.114482300479782,340,1,538.974277976794
7094,3,534,538.0,3.8078865529320023,340,0,537.8231739980575
7095,3,534,538.0,3.807886552932197,340,1,537.8231739980575
7096,4,541,538.0,3.807886552932197,340,1,538.5560493117471
7097,4,541,538.0,3.8078865529320023,340,0,538.5560493117471
7098,5,541,539.0,3.8078865529320023,340,0,539.7454385754695
7099,5,541,539.0,3.807886552932197,340,1,539.7454385754695
7100,2,588,544.2,21.614809737770106,341,0,542.3132430967297
7101,2,588,544.2,21.61480973777009,341,1,542.3132430967297
7102,1,551,546.6,21.559220765139013,341,0,542.8442110764161
7103,1,551,546.6,21.559220765139003,341,1,542.8442110764161
7104,5,524,544.4,23.511699215496964,341,1,539.1030351204965
7105,5,524,544.4,23.51169921549697,341,0,539.1030351204965
7106,1,561,547.2,24.702226620286694,341,0,543.7866913682136
7107,1,561,547.2,24.702226620286687,341,1,543.7866913682136
7108,2,563,555.6,20.317480158720468,341,1,552.5518285643394
7109,2,563,555.6,20.31748015872048,341,0,552.5518285643394
7110,3,532,546.2,17.455658108475905,341,0,539.8101049818742
7111,3,532,546.2,17.455658108475895,341,1,539.8101049818742
7112,5,583,570.2,12.716131487209436,342,1,563.5556458860594
7113,5,583,570.2,12.716131487209466,342,0,563.5556458860594
7114,5,569,572.6,10.549881515922303,342,1,563.8571728920751
7115,5,569,572.6,10.54988151592234,342,0,563.8571728920751
7116,0,555,568.2,12.6372465355393,342,0,560.4540034122421
7117,0,555,568.2,12.637246535539273,342,1,560.4540034122421
7118,1,553,563.2,12.73577637994639,342,0,555.6256974254134
7119,1,553,563.2,12.735776379946362,342,1,555.6256974254134
7120,2,565,565.0,12.083045973594585,342,0,557.578913543313
7121,2,565,565.0,12.083045973594553,342,1,557.578913543313
7122,3,573,563.0,8.717797887081364,342,0,556.8697047232266
7123,3,573,563.0,8.717797887081321,342,1,556.8697047232266
7124,5,547,544.2,4.147288270665451,343,0,541.8938265153516
7125,5,547,544.2,3.7013511046643433,343,1,541.8938265153516
7126,0,541,543.4,3.911521443121583,343,1,540.1846543988947
7127,0,541,544.8,3.1144823004793394,343,0,540.1846543988947
7128,1,531,541.8,6.760177512462148,343,0,538.3536143665175
7129,1,531,541.8,6.760177512462215,343,1,538.3536143665175
7130,2,542,540.6,5.856620185738428,343,0,539.1398111177693
7131,2,542,540.6,5.856620185738506,343,1,539.1398111177693
7132,4,541,540.4,5.813776741499431,343,1,539.1398111177693
7133,4,541,540.4,5.813776741499352,343,0,539.1398111177693
7134,1,546,540.2,5.54075807087791,343,0,539.2485542416161
7135,1,546,540.2,5.540758070877993,343,1,539.2485542416161
7136,3,545,541.0,5.958187643906461,343,1,539.5400394153459
7137,5,545,541.0,5.958187643906384,343,0,540.145666873046
7138,5,536,542.0,3.9370039370058576,343,1,540.2264585347355
7139,0,552,544.0,5.958187643906461,343,1,541.9132916763936
7140,2,552,545.2,4.32434966208777,343,0,543.2650859977491
7141,2,538,543.4,6.465291950097813,343,1,540.1846543988947
7142,4,534,543.6,6.655824516917392,343,0,539.6011902718382
7143,4,534,541.0,7.416198487095634,343,1,538.9565752882893
7144,0,528,534.6,8.049844718999276,344,0,535.596854658727
7145,0,528,535.6,7.300684899377545,344,1,536.2298803568142
7146,1,546,538.2,8.378544026261316,344,1,539.2485542416161
7147,1,546,535.8,9.391485505499157,344,0,538.1760973046042
7148,0,545,539.2,8.92748564826621,344,1,539.1398111177693
7149,2,541,541.2,7.661592523751118,344,1,539.5400394153459
7150,4,529,537.8,8.700574693662423,344,1,537.1011693080711
7151,4,545,538.6,9.68504001024264,344,0,539.1398111177693
7152,0,593,540.6,6.804410334481534,344,1,541.198226805099
7153,0,593,537.8,9.066421565314556,344,0,540.6144649990767
7154,1,552,542.6,8.93308457365097,344,0,541.5150014955094
7155,1,552,541.8,8.348652585896678,344,1,541.3877204610593
7156,0,541,541.0,8.154753215149999,344,1,539.5400394153459
7157,0,541,545.2,4.324349662088033,344,0,541.5364487202503
7158,1,554,546.8,5.890670590009341,344,0,543.3867399478775
7159,1,554,543.6,10.014988766843384,344,1,541.9132916763936
7160,2,557,549.2,7.259476565152677,344,0,546.6181297909061
7161,2,557,549.2,7.259476565152542,344,1,546.6181297909061
7162,4,547,550.2,6.300793600809258,344,1,545.1428695230618
7163,1,530,539.4,7.4699397587932275,345,0,537.6849311140934
7164,1,530,538.0,5.431390245600129,345,1,537.1011693080711
7165,2,547,539.8,7.886697661252135,345,0,540.2433557765261
7166,4,542,538.6,6.693280212272586,345,0,539.1398111177693
7167,0,541,538.8,6.760177512462213,345,0,539.1398111177693
7168,1,548,541.6,7.16240183178798,345,0,540.9448408480541
7169,2,539,543.4,3.911521443121551,345,0,540.1846543988947
7170,4,541,542.2,3.4205262752973686,345,0,539.7863642180106
7171,4,542,540.2,2.167948338867961,346,0,539.1398111177693
7172,5,543,541.0,2.34520787991168,346,1,540.145666873046
7173,5,543,541.0,2.345207879911786,346,0,540.145666873046
7174,1,542,540.8,2.167948338867846,346,1,539.5400394153459
7175,1,542,540.8,2.167948338867961,346,0,539.5400394153459
7176,2,540,541.0,2.000000000000094,346,0,539.5400394153459
7177,2,540,541.0,1.9999999999999696,346,1,539.5400394153459
7178,3,538,541.0,2.000000000000094,346,0,539.5400394153459
7179,3,538,541.0,1.9999999999999696,346,1,539.5400394153459
7180,5,542,541.0,2.000000000000094,346,0,540.145666873046
7181,5,542,541.0,1.9999999999999696,346,1,540.145666873046
7182,0,537,539.8,2.28035085019835,346,0,539.1398111177693
7183,0,537,539.8,2.280350850198241,346,1,539.1398111177693
7184,1,538,539.0,1.999999999999952,346,1,539.1398111177693
7185,1,538,539.0,2.0000000000000764,346,0,539.1398111177693
7186,2,537,538.4,2.0736441353327235,346,1,539.1398111177693
7187,3,546,540.8,5.585696017507609,347,1,539.6487825391927
7188,4,538,541.2,5.215361924162165,347,1,539.5400394153459
7189,2,532,539.2,6.572670690062038,347,1,537.6849311140934
7190,5,549,568.0,17.97220075561138,348,1,557.7318501685187
7191,5,547,550.2,20.53533540023148,348,0,545.8335344471453
7192,0,550,554.4,16.949926253526886,348,0,548.9567745565756
7193,5,604,563.4,19.269146322554047,348,1,558.7507594645391
7194,5,604,558.2,15.238110119040355,348,0,555.8074142893914
7195,1,580,557.4,13.55728586406588,348,0,553.6482521073716
7196,1,580,562.4,17.952715672009013,348,1,554.5030564306643
7197,0,543,556.0,14.815532390029071,348,0,548.8248726183552
7198,0,543,554.2,14.686728703152314,348,1,547.7706661505382
7199,1,556,557.8,13.971399357258404,348,0,552.944668492897
7200,1,556,555.6,14.3979165159407,348,1,552.3907738213262
7201,2,538,555.4,16.456001944579384,348,0,547.728449075323
7202,2,538,553.4,16.364595931461242,348,1,547.2281372790768
7203,3,544,552.2,16.88786546606758,348,1,545.2027562772895
7204,3,544,552.2,16.88786546606766,348,0,545.2027562772895
7205,4,556,547.4,8.173126696681086,348,0,543.737236955455
7206,1,546,540.4,6.804410334481653,349,1,539.2485542416161
7207,0,539,540.0,6.819090848492918,349,0,539.1398111177693
7208,0,539,540.0,6.819090848492981,349,1,539.1398111177693
7209,1,542,541.6,5.941380311005239,349,1,539.5400394153459
7210,2,539,539.8,4.764451699828717,349,1,539.1398111177693
7211,2,542,541.6,5.941380311005168,349,0,539.5400394153459
7212,3,538,539.6,4.82700735445886,349,0,539.1398111177693
7213,3,538,540.8,3.2710854467593484,349,1,539.5400394153459
7214,4,542,541.4,3.130495168499686,349,0,539.5400394153459
7215,4,542,540.0,1.8708286933871665,349,1,539.1398111177693
7216,1,596,540.8,2.167948338868056,349,1,542.0122892213798
7217,1,596,540.8,2.167948338867851,349,0,542.0122892213798
7218,2,541,540.6,2.0736441353329518,349,1,539.1398111177693
7219,2,541,541.2,1.9235384061671088,349,0,539.5400394153459
7220,3,538,540.4,2.302172886644423,349,1,539.1398111177693
7221,3,538,540.4,2.302172886644245,349,0,539.1398111177693
7222,5,542,541.2,1.9235384061673215,349,1,540.145666873046
7223,5,542,541.2,1.9235384061671088,349,0,540.145666873046
7224,0,537,540.2,2.588435821109107,349,1,539.1398111177693
7225,0,537,540.2,2.5884358211089493,349,0,539.1398111177693
7226,1,537,539.0,2.345207879911715,349,0,539.1398111177693
7227,1,537,539.0,2.345207879911889,349,1,539.1398111177693
7228,2,537,538.2,2.167948338867884,349,0,539.1398111177693
7229,2,537,538.2,2.1679483388680723,349,1,539.1398111177693
7230,3,539,538.4,2.1908902300206687,349,0,539.1398111177693
7231,3,539,538.4,2.1908902300208557,349,1,539.1398111177693
7232,4,538,537.6,0.8944271909999103,349,0,538.2797648755584
7233,4,538,537.6,0.894427191000367,349,1,538.2797648755584
7234,0,544,539.2,9.09395403551165,350,0,539.1398111177693
7235,1,531,537.0,9.565563234854425,350,0,536.8248848718824
7236,1,531,536.6,9.235799911215118,350,1,536.8248848718824
7237,0,578,543.8,21.016660058153903,350,1,542.3132430967297
7238,0,578,548.0,17.649362594722753,350,0,543.8982916984683
7239,1,583,556.0,23.054283766796978,350,0,553.1057232359102
7240,1,583,555.8,23.188359148503856,350,1,552.5518285643394
7241,2,543,555.8,23.188359148503856,350,1,547.728449075323
7242,2,543,555.8,23.188359148503768,350,0,547.728449075323
7243,3,542,555.4,23.45847394866091,350,1,547.728449075323
7244,3,542,555.4,23.458473948660824,350,0,547.728449075323
7245,4,540,557.2,21.37054047047007,350,0,548.2823437468938
7246,4,540,557.2,21.37054047047016,350,1,548.2823437468938
7247,5,548,551.2,18.01943395337388,350,1,546.4144471346019
7248,5,548,551.2,18.019433953373767,350,0,546.4144471346019
7249,0,542,543.0,2.999999999999972,350,0,539.7863642180106
7250,0,542,543.0,3.0000000000006346,350,1,539.7863642180106
7251,1,549,544.2,4.024922359500086,350,1,541.589455831603
7252,1,549,544.2,4.024922359499592,350,0,541.589455831603
7253,2,552,546.2,5.019960159204418,350,0,543.3867399478775
7254,3,533,544.8,7.529940238806639,350,0,539.4779910602866
7255,4,553,545.8,8.348652585896687,350,0,543.3867399478775
7256,0,611,562.4,16.54690303349844,351,0,554.5030564306643
7257,0,611,563.6,17.06751299984859,351,1,556.2667324791753
7258,0,589,557.4,15.646085772486376,351,1,553.6482521073716
7259,0,589,562.4,16.54690303349844,351,0,554.5030564306643
7260,5,587,556.2,16.73917560694077,351,1,555.589750221274
7261,5,587,560.2,18.70026737776763,351,0,556.5043268025577
7262,0,546,554.6,17.3723918905832,351,1,547.3368804029236
7263,0,546,552.4,13.04990421420788,351,0,545.8540282725977
7264,1,560,549.4,6.7675697262754895,351,0,547.1584567747311
7265,2,550,549.2,6.72309452558868,351,0,545.2890306257976
7266,2,560,549.6,6.841052550594902,351,1,547.1584567747311
7267,3,546,548.8,6.870225614927098,351,0,542.2298628610952
7268,4,550,550.4,5.727128425310586,351,0,545.7679621418039
7269,4,546,548.4,6.841052550594902,351,1,542.2298628610952
7270,1,592,536.6,4.615192303685552,352,1,540.338180562888
7271,1,592,538.6,1.8165902124586015,352,0,541.198226805099
7272,2,543,539.4,2.7018512172209483,352,1,539.1398111177693
7273,2,543,539.4,2.7018512172213365,352,0,539.1398111177693
7274,3,536,538.8,3.114482300479212,352,1,538.974277976794
7275,3,536,538.8,3.114482300479548,352,0,538.974277976794
7276,4,537,538.6,3.209361307176305,352,0,539.1398111177693
7277,4,537,538.6,3.209361307175979,352,1,539.1398111177693
7278,5,542,538.8,3.4205262752971755,352,1,539.7454385754695
7279,5,542,538.8,3.420526275297482,352,0,539.7454385754695
7280,1,536,538.8,3.420526275297482,352,0,538.974277976794
7281,1,536,538.8,3.4205262752971755,352,1,538.974277976794
7282,3,544,539.0,3.741657386773996,352,0,539.1398111177693
7283,3,544,539.0,3.7416573867737153,352,1,539.1398111177693
7284,5,541,540.0,3.3911649915626936,352,0,539.7454385754695
7285,5,541,540.0,3.391164991562385,352,1,539.7454385754695
7286,0,536,539.8,3.6331804249170383,352,0,538.974277976794
7287,0,536,539.8,3.6331804249167496,352,1,538.974277976794
7288,1,542,539.8,3.6331804249167496,352,1,539.1398111177693
7289,1,542,539.8,3.6331804249170383,352,0,539.1398111177693
7290,2,539,540.4,3.049590136395446,352,0,539.1398111177693
7291,2,539,540.4,3.0495901363951026,352,1,539.1398111177693
7292,3,541,539.8,2.3874672772623065,352,1,539.1398111177693
7293,3,541,539.8,2.387467277262745,352,0,539.1398111177693
7294,4,533,538.2,3.7013511046644094,352,0,538.2837365925283
7295,4,533,538.2,3.701351104664126,352,1,538.2837365925283
7296,5,585,552.0,21.189620100417084,353,1,551.2848466890856
7297,5,585,550.0,21.07130750570548,353,0,549.5788864046398
7298,2,524,548.6,24.5010203869145,353,1,540.273122048744
7299,4,524,546.6,24.04786892845186,353,0,539.8101049818742
7300,4,527,546.0,26.267851073127392,353,1,539.8101049818742
7301,0,578,542.6,20.391174561559744,354,0,542.132616983963
7302,1,547,544.6,20.194058532152468,354,1,540.7456701861901
7303,1,547,544.6,20.194058532152496,354,0,540.7456701861901
7304,3,594,555.8,25.02398849104595,354,1,552.5518285643394
7305,4,537,555.2,25.52841554033467,354,1,547.728449075323
7306,4,594,555.8,25.023988491045976,354,0,552.5518285643394
7307,5,547,559.0,21.575449010391427,354,1,550.8427650651652
7308,5,547,557.2,24.097717734258605,354,0,550.8427650651652
7309,1,570,565.6,17.89692711054055,354,0,557.0363846718516
7310,2,527,555.4,22.8975981273146,354,0,546.4229802582801
7311,2,570,557.4,20.057417580536143,354,1,553.1057232359102
7312,3,550,558.0,19.71040334442704,354,1,550.2346638883623
7313,3,550,556.0,22.660538387249343,354,0,550.2346638883623
7314,5,550,548.8,15.254507530562934,354,0,544.7580860069481
7315,5,550,550.8,11.987493482792823,354,1,546.9559470475099
7316,0,572,553.8,18.30846798615333,354,0,551.8278339041235
7317,0,572,557.8,12.132600710482516,354,1,553.6482521073716
7318,1,535,546.8,17.224981857755356,354,0,540.6678264678663
7319,2,540,549.4,14.20563268566386,354,0,543.5603933482988
7320,3,531,545.6,16.379865689315082,354,0,539.8101049818742
7321,3,535,555.4,15.517731793016685,354,1,547.8232306157336
7322,4,530,541.6,17.444196742756645,354,0,537.9097057949589
7323,4,530,547.4,16.395121225535377,354,1,539.9217053121289
7324,1,536,536.2,3.492849839314676,355,1,537.9018210397821
7325,1,536,537.4,3.130495168499712,355,0,538.1142317345831
7326,2,537,537.0,3.0000000000000853,355,1,538.2797648755584
7327,2,537,537.0,3.000000000000005,355,0,538.2797648755584
7328,3,537,537.6,2.5099800796022333,355,0,538.2797648755584
7329,3,537,537.6,2.5099800796023293,355,1,538.2797648755584
7330,1,537,537.8,2.3874672772626666,355,0,538.5560493117471
7331,1,537,537.8,2.387467277262768,355,1,538.5560493117471
7332,2,540,537.4,1.516575088810459,355,1,538.2797648755584
7333,2,540,537.4,1.5165750888102998,355,0,538.2797648755584
7334,0,542,538.6,2.302172886644363,355,1,539.1398111177693
7335,0,542,538.6,2.3021728866442577,355,0,539.1398111177693
7336,1,540,539.2,2.1679483388679754,355,1,539.1398111177693
7337,1,540,539.2,2.1679483388678644,355,0,539.1398111177693
7338,2,537,539.2,2.1679483388678644,355,0,539.1398111177693
7339,2,537,539.2,2.1679483388679754,355,1,539.1398111177693
7340,3,537,539.2,2.1679483388678644,355,0,539.1398111177693
7341,3,537,539.2,2.1679483388679754,355,1,539.1398111177693
7342,4,540,539.2,2.1679483388678644,355,0,539.1398111177693
7343,4,540,539.2,2.1679483388679754,355,1,539.1398111177693
7344,5,528,495.8,53.50420544218936,356,1,497.0118633583845
7345,4,518,492.8,51.27084941757846,356,1,486.947393955489
7346,0,707,495.0,52.73044661293896,356,1,486.17109837554835
7347,1,574,529.2,27.61702373537027,356,1,533.3588783192306
7348,2,350,499.4,86.32960094892135,356,1,470.0334168250633
7349,3,537,501.2,87.16478646793098,356,1,490.6741690424809
7350,0,585,579.2,4.86826457785526,357,0,561.6980107100553
7351,0,585,579.2,4.868264577855336,357,1,561.6980107100553
7352,2,648,574.0,14.159802258506303,357,0,561.3964837040396
7353,2,648,574.0,14.159802258506328,357,1,561.3964837040396
7354,5,539,565.0,19.506409203131167,357,0,553.4461989783802
7355,5,539,565.0,19.506409203131184,357,1,553.4461989783802
7356,0,573,564.4,19.125898671696454,357,0,557.0363846718516
7357,0,573,564.4,19.12589867169648,357,1,557.0363846718516
7358,1,571,563.6,18.64939677308628,357,1,556.2667324791753
7359,4,571,563.6,18.64939677308626,357,0,556.2667324791753
7360,4,570,560.6,15.241391012634017,357,1,555.0455853021257
7361,3,537,546.0,18.452642087245945,358,0,541.1155737989172
7362,4,516,540.8,22.97172174653001,358,0,537.9097057949589
7363,4,516,540.8,22.971721746530008,358,1,537.9097057949589
7364,5,544,534.0,11.247221879201955,358,1,537.6573621201031
7365,5,544,534.0,11.247221879201971,358,0,537.6573621201031
7366,1,545,534.6,11.844830095868808,358,0,537.051734662403
7367,1,545,534.6,11.844830095868794,358,1,537.051734662403
7368,2,545,537.4,12.421755109484296,358,1,538.2797648755584
7369,2,545,537.4,12.421755109484309,358,0,538.2797648755584
7370,3,540,538.0,12.469963913339893,358,1,538.5560493117471
7371,3,540,538.0,12.469963913339903,358,0,538.5560493117471
7372,4,525,539.8,8.52642949891684,358,0,537.6849311140934
7373,4,525,539.8,8.526429498916821,358,1,537.6849311140934
7374,5,537,538.4,8.234075540095514,358,0,539.7454385754695
7375,0,537,538.4,8.234075540095493,358,1,539.1398111177693
7376,0,542,537.8,7.726577508832693,358,0,538.5560493117471
7377,1,544,538.2,8.043631020876003,358,1,539.1398111177693
7378,1,544,537.6,7.503332592921566,358,0,538.2797648755584
7379,2,524,534.4,9.396807968666756,358,0,535.596854658727
7380,2,524,534.0,9.02773504263383,358,1,535.596854658727
7381,3,546,535.2,10.32956920689332,358,1,537.4084024726862
7382,3,546,538.6,8.820430828479923,358,0,539.2485542416161
7383,4,543,539.8,8.955445270895192,358,0,539.1398111177693
7384,4,543,538.8,8.92748564826618,358,1,539.1398111177693
7385,5,544,538.6,3.0495901363955182,359,1,539.7454385754695
7386,0,535,538.2,3.420526275297541,359,1,538.5426526000855
7387,0,544,538.6,3.049590136395385,359,0,539.1398111177693
7388,1,533,537.8,3.9623225512317832,359,0,537.699974786506
7389,1,533,537.2,4.147288270665656,359,1,537.4236903503173
7390,0,541,538.0,4.472135954999683,359,1,538.5560493117471
7391,0,541,538.4,4.219004621945793,359,0,539.1398111177693
7392,1,541,538.8,4.604345773288639,359,1,539.1398111177693
7393,1,541,539.2,4.266145801540302,359,0,539.1398111177693
7394,2,537,537.4,3.5777087639997864,359,1,538.2797648755584
7395,2,537,539.2,4.266145801540302,359,0,539.1398111177693
7396,3,543,539.0,4.000000000000112,359,1,539.1398111177693
7397,3,543,539.0,4.000000000000002,359,0,539.1398111177693
7398,4,533,539.0,4.000000000000002,359,0,538.2837365925283
7399,4,533,539.0,4.000000000000112,359,1,538.2837365925283
7400,5,534,537.6,4.3358966777358665,359,1,538.152517019569
7401,5,534,537.6,4.335896677735764,359,0,538.152517019569
7402,1,534,536.2,4.086563348340629,359,1,537.3344788670679
7403,1,534,536.2,4.086563348340522,359,0,537.3344788670679
7404,3,543,537.4,5.128352561983334,359,1,538.2797648755584
7405,3,543,537.4,5.128352561983248,359,0,538.2797648755584
7406,4,535,535.8,4.086563348340522,359,0,537.4701956630736
7407,4,535,535.8,4.086563348340629,359,1,537.4701956630736
7408,5,537,536.6,3.781534080237941,359,1,538.8853923332586
7409,0,537,536.6,3.781534080237825,359,0,538.2797648755584
7410,0,537,537.2,3.492849839314739,359,1,538.2797648755584
7411,1,539,537.6,3.577708763999678,359,0,538.2797648755584
7412,1,539,538.2,3.0331501776207754,359,1,539.1398111177693
7413,4,535,537.8,3.346640106136308,359,0,537.9588907940632
7414,4,535,536.6,1.673320053068456,359,1,537.6826063578745
7415,0,546,546.2,16.238842323269257,360,1,541.224316922764
7416,1,555,542.8,10.109401564880114,360,0,541.5150014955094
7417,1,555,542.8,10.10940156488016,360,1,541.5150014955094
7418,2,538,545.0,6.284902544988326,360,0,541.5364487202503
7419,2,538,545.0,6.284902544988398,360,1,541.5364487202503
7420,3,535,543.4,7.765307463326915,360,0,539.7369070678438
7421,3,535,543.4,7.765307463326973,360,1,539.7369070678438
7422,4,556,546.0,9.565563234854531,360,0,543.6256366252004
7423,5,526,542.0,13.095800853708822,360,0,538.9224090077298
7424,5,556,546.0,9.56556323485458,360,1,544.9242885100123
7425,2,538,538.6,10.899541274751002,360,0,539.1398111177693
7426,5,538,544.4,10.212737145349504,360,1,540.7902818565949
7427,5,539,538.8,10.89495295997191,360,0,539.7454385754695
7428,0,555,544.4,10.212737145349504,360,1,541.9132916763936
7429,0,555,542.8,12.676750372236604,360,0,541.5150014955094
7430,1,520,535.6,13.501851724856143,360,0,536.2298803568142
7431,1,520,540.8,15.056560032092367,360,1,538.2345705983029
7432,2,557,541.8,15.023315213360895,360,0,541.7898737690318
7433,3,557,545.2,16.11521020650991,360,1,543.1247104342602
7434,3,539,542.0,14.9666295470958,360,0,539.7863642180106
7435,4,539,542.0,14.9666295470958,360,0,539.7863642180106
7436,4,539,541.8,15.023315213360908,360,1,539.6590831835605
7437,0,583,570.6,10.26157882589226,361,0,561.6980107100553
7438,0,583,571.2,8.95544527089524,361,1,561.6980107100553
7439,1,558,568.2,11.734564329364792,361,0,561.3242055054116
7440,1,558,569.0,10.793516572461446,361,1,561.3242055054116
7441,2,567,570.4,9.736529155710484,361,0,561.6980107100553
7442,2,567,570.4,9.73652915571046,361,1,561.6980107100553
7443,5,546,543.4,6.985699678629297,362,1,540.8990249804417
7444,2,546,542.4,6.107372593841054,362,0,539.8951073418574
7445,2,574,548.2,15.594870951694377,362,1,544.4408205699297
7446,4,537,540.8,6.300793600809404,362,0,539.5400394153459
7447,4,537,547.2,16.238842323269264,362,1,541.1155737989172
7448,5,541,540.6,6.268971207463049,362,0,539.7454385754695
7449,5,541,549.0,14.543039572249018,362,1,544.3963478347916
7450,0,543,542.8,4.024922359499703,362,0,539.7863642180106
7451,0,543,548.2,14.78850905263952,362,1,541.7697030006333
7452,1,577,548.8,16.099689437998517,362,0,544.8092117894702
7453,1,577,554.4,19.411336893681515,362,1,551.8278339041235
7454,2,559,551.4,16.57709262808171,362,1,547.0007101281373
7455,2,559,551.4,16.577092628081715,362,0,547.0007101281373
7456,4,597,554.8,14.498275759551587,362,0,552.5359456391475
7457,4,597,554.8,14.498275759551586,362,1,552.5359456391475
7458,3,546,544.4,1.34164078649978,363,0,540.2933975227415
7459,3,544,544.2,1.3038404810404085,363,1,540.1846543988947
7460,5,541,543.6,1.949358868961732,363,0,540.7902818565949
7461,5,541,543.4,1.816590212458406,363,1,540.7902818565949
7462,1,545,543.6,1.949358868961732,363,0,540.1846543988947
7463,1,545,543.8,1.923538406167056,363,1,540.1846543988947
7464,3,549,544.8,3.0331501776205902,363,0,541.589455831603
7465,3,549,545.0,2.9154759474226,363,1,542.9412501529586
7466,4,544,545.0,2.9154759474226237,363,0,541.5364487202503
7467,4,544,544.6,2.880972058177537,363,1,540.1846543988947
7468,5,543,544.4,2.9664793948382373,363,0,540.7902818565949
7469,5,543,544.4,2.966479394838214,363,1,540.7902818565949
7470,0,533,542.8,5.932958789676507,363,0,539.0797008794025
7471,1,533,542.8,5.932958789676495,363,1,539.0797008794025
7472,1,546,543.0,6.04152298679726,363,0,539.8951073418574
7473,2,541,541.4,5.029910535983685,363,0,539.5400394153459
7474,2,541,542.0,5.830951894845262,363,1,539.7863642180106
7475,3,553,542.8,7.1554175279993055,363,1,541.5150014955094
7476,3,553,543.2,7.293833011524155,363,0,541.9132916763936
7477,4,545,543.6,7.334848328356866,363,0,540.1846543988947
7478,4,545,543.0,7.211102550927956,363,1,539.7863642180106
7479,1,558,559.0,7.615773105863923,364,0,553.2744469027278
7480,2,563,557.2,3.962322551231808,364,0,553.6482521073716
7481,2,558,558.6,11.26055060820737,364,1,553.2744469027278
7482,3,575,561.0,8.746427842267957,364,0,555.3471123081414
7483,3,575,564.8,9.628083921528695,364,1,557.8804405493287
7484,4,565,563.6,7.197221686178641,364,0,557.1107883566524
7485,0,531,531.4,2.509980079602005,365,1,532.6657626476696
7486,1,538,532.6,3.911521443121572,365,0,534.8133357213172
7487,1,534,533.2,3.834057902536142,365,0,534.4228002861819
7488,2,543,536.2,4.549725266430894,365,0,538.0673541807574
7489,2,538,532.6,3.911521443121442,365,1,534.8133357213172
7490,3,547,535.8,7.328028384224436,365,1,539.1708988395142
7491,2,538,537.8,5.89067059000918,365,1,538.5560493117471
7492,2,547,538.6,6.503845016603608,365,0,540.2433557765261
7493,3,537,539.8,5.167204273105477,365,0,539.1398111177693
7494,3,537,538.2,5.718391382198246,365,1,539.1398111177693
7495,4,541,540.4,5.079370039680072,365,0,539.1398111177693
7496,4,541,540.2,4.086563348340394,365,1,539.1398111177693
7497,5,542,542.0,3.60555127546393,365,0,540.3919916757108
7498,5,542,541.0,3.9370039370057808,365,1,540.145666873046
7499,0,542,540.0,2.3452078799115057,365,1,539.1398111177693
7500,0,542,541.8,3.563705936241033,365,0,539.6590831835605
7501,1,554,543.2,6.379655163094581,365,0,541.9132916763936
7502,1,554,543.2,6.379655163094544,365,1,541.9132916763936
7503,2,557,547.2,7.661592523751124,365,0,543.78889325585
7504,2,557,547.2,7.661592523751093,365,1,543.78889325585
7505,3,545,548.0,7.035623639735076,365,0,541.7697030006333
7506,3,545,548.0,7.035623639735041,365,1,541.7697030006333
7507,4,535,546.6,8.96102672688789,365,0,541.2103553393277
7508,4,535,546.6,8.961026726887864,365,1,541.2103553393277
7509,0,540,543.2,3.768288736283477,366,0,540.1846543988947
7510,0,540,541.8,3.271085446759124,366,1,539.6590831835605
7511,1,549,543.6,4.335896677735682,366,1,541.589455831603
7512,5,549,543.6,4.335896677735868,366,0,542.1950832893032
7513,5,544,544.6,3.507135583349936,366,1,540.7902818565949
7514,0,551,545.4,4.505552130427452,366,1,543.3867399478775
7515,0,551,546.0,4.472135954999681,366,0,543.3867399478775
7516,1,551,546.8,5.01996015920455,366,0,543.3867399478775
7517,1,551,547.0,4.847679857416264,366,1,543.3867399478775
7518,2,556,550.2,4.324349662087848,366,1,546.9338046762628
7519,2,556,549.4,5.85662018573862,366,0,546.4548731602565
7520,3,560,552.4,6.024948132556771,366,1,549.3433485751832
7521,3,560,553.4,4.505552130427655,366,0,552.3703627755849
7522,4,546,552.8,5.357238094391654,366,0,546.7774150788075
7523,2,527,537.0,6.964194138592076,367,1,536.8248848718824
7524,2,536,539.6,9.8132563402777,367,0,538.974277976794
7525,4,546,541.0,10.198039027185594,367,0,539.6487825391927
7526,4,546,539.6,7.50333259292164,367,1,539.2485542416161
7527,5,542,539.2,7.259476565152626,367,1,539.7454385754695
7528,3,542,541.0,10.198039027185594,367,0,539.5400394153459
7529,3,577,546.8,18.37661557523585,367,1,543.7866913682136
7530,4,546,547.6,18.201648277010538,367,1,541.3359172530187
7531,4,545,544.6,6.542170893518487,367,0,540.1846543988947
7532,0,530,548.2,17.383900597967095,367,1,539.9217053121289
7533,0,530,539.8,6.7230945255886745,367,0,537.6849311140934
7534,1,523,537.2,10.183319694480806,367,0,536.8248848718824
7535,2,532,534.4,9.016651263079924,367,0,535.596854658727
7536,3,556,537.2,13.179529581893297,367,0,540.0084021530572
7537,3,523,543.6,20.815859338494796,367,1,538.3366567103903
7538,4,532,534.6,12.521980673998844,367,0,535.596854658727
7539,1,533,534.8,8.043631020876113,368,0,536.1956601371619
7540,1,527,532.0,7.778174593052049,368,0,533.1914487160985
7541,1,624,537.4,9.235799911214968,368,1,540.338180562888
7542,2,536,536.0,8.689073598491289,368,1,537.9018210397821
7543,2,536,532.0,7.778174593052049,368,0,534.4807955787992
7544,3,538,531.2,6.610597552415388,368,0,534.1206426513455
7545,3,538,534.6,7.334848328356785,368,1,537.051734662403
7546,0,647,533.0,6.4031242374327215,368,1,534.9377905445559
7547,0,647,533.4,4.159326868617106,368,0,536.8890608381278
7548,1,548,535.4,9.3701654200979,368,1,538.7044607815477
7549,1,548,536.4,7.7006493232714,368,0,539.6011822595008
7550,4,548,540.6,6.985699678629213,368,0,540.5446125504776
7551,5,533,540.0,7.582875444051567,368,0,538.8893640502284
7552,5,548,540.6,6.985699678629086,368,1,541.1502400081778
7553,2,542,540.8,7.529940238806698,368,0,539.5400394153459
7554,2,542,541.8,6.496152707564568,368,1,539.6590831835605
7555,0,545,534.4,11.82370500308589,369,1,537.051734662403
7556,2,549,540.8,8.136338242723234,369,0,540.9448408480541
7557,2,549,540.8,8.136338242723108,369,1,540.9448408480541
7558,5,542,540.2,7.854934754662095,369,1,539.7454385754695
7559,5,542,540.2,7.854934754662225,369,0,539.7454385754695
7560,0,566,547.6,11.326958991715216,369,1,544.4408205699297
7561,0,566,547.6,11.326958991715308,369,0,544.4408205699297
7562,1,555,551.4,9.502631214563582,369,1,546.9745639124449
7563,1,555,551.4,9.50263121456369,369,0,546.9745639124449
7564,2,549,552.2,8.983317872590298,369,0,547.1500865814592
7565,3,557,553.8,8.983317872590298,369,0,551.8300357917599
7566,3,549,552.2,8.983317872590185,369,1,547.1500865814592
7567,0,545,545.8,18.212632978237917,370,0,541.1155737989172
7568,0,545,548.2,14.703741020570307,370,1,541.7697030006333
7569,0,531,537.2,9.75704873412032,370,0,536.8248848718824
7570,0,531,546.4,16.410362579784817,370,1,539.8101049818742
7571,0,545,537.4,9.939818911831296,370,0,538.2797648755584
7572,1,557,544.2,9.230384607371407,370,0,542.3154449843661
7573,2,534,542.4,10.334408546211,370,0,539.202900090954
7574,3,545,547.8,15.801898620102644,370,1,541.6147201862761
7575,3,547,542.8,10.49761877760852,370,0,540.8899088767673
7576,4,544,541.8,6.058052492344501,370,1,539.6590831835605
7577,4,544,545.4,8.203657720797422,370,0,541.6581026703786
7578,2,545,545.4,8.203657720797422,370,0,541.6581026703786
7579,0,541,539.6,1.1401754250998566,371,0,539.1398111177693
7580,0,541,539.6,1.1401754250994078,371,1,539.1398111177693
7581,1,540,539.8,1.0954451150106124,371,1,539.1398111177693
7582,1,540,539.8,1.0954451150110796,371,0,539.1398111177693
7583,2,542,540.2,1.48323969741933,371,1,539.1398111177693
7584,2,542,540.2,1.4832396974196749,371,0,539.1398111177693
7585,3,536,539.4,2.4083189157587874,371,0,538.974277976794
7586,3,536,539.4,2.408318915758575,371,1,538.974277976794
7587,4,537,539.2,2.5884358211090728,371,1,539.1398111177693
7588,4,537,539.2,2.5884358211092704,371,0,539.1398111177693
7589,5,542,539.4,2.792848008753904,371,1,539.7454385754695
7590,5,542,539.4,2.7928480087540866,371,0,539.7454385754695
7591,1,536,538.6,3.130495168499811,371,1,538.974277976794
7592,1,536,538.6,3.1304951684999742,371,0,538.974277976794
7593,3,544,539.0,3.741657386774032,371,1,539.1398111177693
7594,3,544,539.0,3.741657386774169,371,0,539.1398111177693
7595,0,541,540.0,3.391164991562885,371,0,539.1398111177693
7596,0,541,540.0,3.3911649915627344,371,1,539.1398111177693
7597,1,541,540.8,2.949576240750641,371,1,539.5400394153459
7598,1,541,540.8,2.949576240750815,371,0,539.5400394153459
7599,2,539,540.2,2.949576240750641,371,1,539.1398111177693
7600,2,539,540.2,2.949576240750815,371,0,539.1398111177693
7601,3,541,541.2,1.7888543820000071,371,1,539.5400394153459
7602,0,537,536.8,2.1679483388679133,372,1,538.2797648755584
7603,0,544,539.4,2.7928480087537397,372,0,539.1398111177693
7604,1,549,539.0,5.958187643906503,372,1,540.5446125504776
7605,1,549,541.6,4.929503017546463,372,0,540.9448408480541
7606,0,544,542.8,4.549725266430895,372,0,539.7863642180106
7607,0,544,541.2,5.167204273105534,372,1,539.5400394153459
7608,1,539,541.4,5.029910535983719,372,1,539.5400394153459
7609,1,539,542.6,4.72228758124701,372,0,539.7863642180106
7610,2,549,543.6,5.549774770204644,372,1,541.589455831603
7611,2,549,545.0,4.183300132670342,372,0,542.9412501529586
7612,3,538,543.8,5.263078946776271,372,0,540.1846543988947
7613,3,538,543.8,5.263078946776296,372,1,540.1846543988947
7614,5,544,542.8,4.438468204234409,372,1,540.3919916757108
7615,5,544,542.8,4.43846820423438,372,0,540.3919916757108
7616,2,541,542.2,4.43846820423438,372,0,539.7863642180106
7617,2,541,542.2,4.438468204234409,372,1,539.7863642180106
7618,3,537,541.8,4.868264577855177,372,0,539.6590831835605
7619,4,537,541.8,4.8682645778552045,372,1,539.6590831835605
7620,5,529,537.8,5.6302753041036295,372,0,537.5426829148333
7621,0,535,539.0,3.5355339059326822,372,1,538.5426526000855
7622,0,543,538.8,6.099180272790703,372,0,539.1398111177693
7623,1,544,538.8,6.099180272790703,372,0,539.1398111177693
7624,2,535,537.6,6.1481704595757,372,0,537.6826063578745
7625,2,544,540.2,4.086563348340455,372,1,539.1398111177693
7626,3,533,536.8,6.496152707564625,372,0,537.4236903503173
7627,3,533,538.0,4.472135954999536,372,1,537.699974786506
7628,0,567,560.4,15.741664460913896,373,0,554.8906024877685
7629,1,564,556.8,10.871982339941487,373,0,553.6482521073716
7630,2,545,556.8,10.871982339941487,373,0,548.8248726183552
7631,3,558,559.4,8.67755725996664,373,0,553.2744469027278
7632,4,553,557.4,8.79204185613329,373,0,552.705771815574
7633,4,702,561.6,13.685759021698468,373,1,555.0455853021257
7634,0,539,541.6,2.792848008753822,374,1,539.5400394153459
7635,0,539,541.6,2.792848008753851,374,0,539.5400394153459
7636,1,543,541.4,2.607680962081101,374,1,539.5400394153459
7637,1,543,541.4,2.6076809620811323,374,0,539.5400394153459
7638,2,540,541.2,2.6832815729998223,374,0,539.5400394153459
7639,2,540,541.2,2.683281572999792,374,1,539.5400394153459
7640,3,537,540.8,3.1937438845342863,374,1,539.5400394153459
7641,3,537,540.8,3.193743884534312,374,0,539.5400394153459
7642,4,542,540.2,2.387467277262713,374,0,539.1398111177693
7643,4,542,540.2,2.387467277262678,374,1,539.1398111177693
7644,5,543,541.0,2.5495097567964344,374,0,540.145666873046
7645,5,543,541.0,2.549509756796402,374,1,540.145666873046
7646,2,542,540.8,2.387467277262713,374,0,539.5400394153459
7647,2,542,540.8,2.387467277262678,374,1,539.5400394153459
7648,3,538,540.4,2.701851217221301,374,0,539.1398111177693
7649,3,538,540.4,2.7018512172212703,374,1,539.1398111177693
7650,5,542,541.4,1.9493588689618575,374,0,540.145666873046
7651,5,542,541.4,1.949358868961816,374,1,540.145666873046
7652,0,537,540.4,2.701851217221301,374,0,539.1398111177693
7653,0,537,540.4,2.7018512172212703,374,1,539.1398111177693
7654,1,537,539.2,2.588435821108971,374,1,539.1398111177693
7655,1,537,539.2,2.5884358211090026,374,0,539.1398111177693
7656,2,536,538.0,2.345207879911774,374,0,538.3905161707718
7657,2,536,538.0,2.345207879911739,374,1,538.3905161707718
7658,3,538,538.0,2.345207879911739,374,1,538.5560493117471
7659,3,538,538.0,2.345207879911774,374,0,538.5560493117471
7660,4,538,537.2,0.8366600265342343,374,0,538.2797648755584
7661,4,538,537.2,0.8366600265341367,374,1,538.2797648755584
7662,1,546,540.4,4.722287581247086,375,1,539.2485542416161
7663,0,540,540.4,4.722287581247086,375,1,539.1398111177693
7664,0,540,539.0,5.477225575051713,375,0,539.1398111177693
7665,1,543,540.8,4.868264577855295,375,0,539.5400394153459
7666,1,543,540.8,4.868264577855284,375,1,539.5400394153459
7667,2,540,540.4,4.827007354458927,375,0,539.1398111177693
7668,2,540,540.4,4.827007354458916,375,1,539.1398111177693
7669,3,538,541.4,3.130495168499801,375,0,539.5400394153459
7670,3,538,541.4,3.1304951684997837,375,1,539.5400394153459
7671,4,542,540.6,1.949358868961936,375,0,539.1398111177693
7672,4,542,540.6,1.9493588689619068,375,1,539.1398111177693
7673,1,546,541.8,3.0331501776207213,375,0,539.7678263074073
7674,1,546,541.8,3.0331501776207026,375,1,539.7678263074073
7675,2,541,541.4,2.966479394838365,375,0,539.5400394153459
7676,2,541,541.4,2.966479394838346,375,1,539.5400394153459
7677,3,538,541.0,3.316624790355474,375,1,539.5400394153459
7678,3,538,541.0,3.316624790355491,375,0,539.5400394153459
7679,5,542,541.8,2.8635642126553766,375,0,540.2647106412606
7680,5,542,541.8,2.8635642126553567,375,1,540.2647106412606
7681,0,537,540.8,3.5637059362411696,375,0,539.5400394153459
7682,0,537,540.8,3.5637059362411536,375,1,539.5400394153459
7683,1,537,539.0,2.345207879911816,375,0,539.1398111177693
7684,1,537,539.0,2.345207879911792,375,1,539.1398111177693
7685,2,537,538.2,2.1679483388679937,375,0,539.1398111177693
7686,2,537,538.2,2.1679483388679675,375,1,539.1398111177693
7687,3,538,538.2,2.1679483388679675,375,1,539.1398111177693
7688,3,538,538.2,2.1679483388679937,375,0,539.1398111177693
7689,4,538,537.4,0.5477225575056694,375,0,538.2797648755584
7690,4,538,537.4,0.5477225575055656,375,1,538.2797648755584
7691,2,543,540.2,1.788854382000049,376,0,539.1398111177693
7692,3,536,539.4,2.607680962081007,376,1,538.974277976794
7693,3,536,539.4,2.607680962081204,376,0,538.974277976794
7694,4,538,539.0,2.6457513110647315,376,0,539.1398111177693
7695,4,538,539.0,2.6457513110645383,376,1,539.1398111177693
7696,5,542,539.8,2.863564212655228,376,1,539.7454385754695
7697,5,542,539.8,2.8635642126554064,376,0,539.7454385754695
7698,1,536,539.0,3.3166247903555166,376,0,538.974277976794
7699,1,536,539.0,3.3166247903553625,376,1,538.974277976794
7700,3,544,539.2,3.6331804249169455,376,1,539.1398111177693
7701,3,544,539.2,3.633180424917087,376,0,539.1398111177693
7702,4,541,540.2,3.193743884534364,376,0,539.1398111177693
7703,4,541,540.2,3.193743884534204,376,1,539.1398111177693
7704,5,541,540.8,2.9495762407506305,376,0,540.145666873046
7705,5,541,540.8,2.949576240750457,376,1,540.145666873046
7706,0,537,539.8,3.2710854467591552,376,1,539.1398111177693
7707,0,537,539.8,3.271085446759312,376,0,539.1398111177693
7708,1,541,540.8,2.489979919597665,376,1,539.5400394153459
7709,1,541,540.8,2.489979919597871,376,0,539.5400394153459
7710,2,539,539.8,1.7888543819999894,376,0,539.1398111177693
7711,2,539,539.8,1.7888543819997034,376,1,539.1398111177693
7712,3,541,539.8,1.7888543819997034,376,1,539.1398111177693
7713,3,541,539.8,1.7888543819999894,376,0,539.1398111177693
7714,4,534,538.4,2.9664793948383523,376,0,538.4069358040798
7715,4,534,538.4,2.96647939483818,376,1,538.4069358040798
7716,1,499,533.4,20.88779547965749,377,0,534.4744721135337
7717,1,499,519.8,16.238842323269193,377,1,527.018165837694
7718,2,515,521.0,15.443445211480466,377,1,529.0422247974294
7719,2,515,525.4,18.00833140521353,377,0,531.886196194536
7720,3,516,520.2,15.610893632332488,377,1,527.6702731275469
7721,3,516,520.2,15.610893632332512,377,0,527.6702731275469
7722,4,540,520.6,16.195678435928514,377,0,528.8002883278789
7723,4,540,520.6,16.195678435928492,377,1,528.8002883278789
7724,1,518,517.6,14.63898903613224,377,0,516.2704305732593
7725,1,518,517.6,14.638989036132218,377,1,516.2704305732593
7726,4,544,543.6,8.049844718999218,378,0,540.1846543988947
7727,4,547,551.6,10.114346246792206,378,1,546.1069469182844
7728,5,547,546.0,6.480740698407825,378,0,543.6699763213363
7729,5,547,547.8,6.140032573203474,378,1,543.781576651591
7730,2,545,547.6,4.335896677735708,378,0,541.7697030006333
7731,3,548,546.2,1.6431676725153717,378,0,543.0629041030869
7732,3,545,545.6,4.098780306383786,378,1,541.6581026703786
7733,4,559,548.6,6.024948132556787,378,0,544.9779354562878
7734,5,559,551.6,6.841052550594787,378,0,550.386822663336
7735,2,532,520.6,9.316651759081708,379,0,527.6702731275469
7736,3,532,527.0,15.264337522473737,379,1,532.2110609978799
7737,4,519,520.0,9.300537618869152,379,0,527.6702731275469
7738,2,529,521.6,10.163660757817542,379,0,529.0422247974294
7739,3,524,522.0,10.222524150130448,379,0,529.0422247974294
7740,3,517,524.2,15.626899884494035,379,1,530.0485887335523
7741,4,532,527.2,5.630275304103715,379,0,532.6657626476696
7742,0,508,522.4,9.449867723941969,379,0,529.0422247974294
7743,0,532,523.4,14.959946523968592,379,1,529.7996366288131
7744,0,529,533.6,3.646916505762114,380,0,535.1265794033866
7745,1,529,532.0,4.062019202317887,380,1,533.1914487160985
7746,1,541,534.6,4.929503017546507,380,0,537.051734662403
7747,2,527,531.8,4.324349662087836,380,1,533.1914487160985
7748,2,527,533.2,6.016643582596546,380,0,533.7007955961955
7749,3,520,529.0,6.519202405202583,380,1,532.6657626476696
7750,3,520,529.6,7.602631123499307,380,0,532.6657626476696
7751,5,536,528.6,5.856620185738452,380,1,535.3186620686391
7752,5,536,530.6,8.142481194328932,380,0,535.3186620686391
7753,1,528,528.0,5.700877125495612,380,1,532.6657626476696
7754,1,528,530.4,8.20365772079749,380,0,532.6657626476696
7755,2,525,527.2,5.805170109480017,380,0,532.6657626476696
7756,3,529,527.6,5.856620185738548,380,0,532.6657626476696
7757,3,525,527.2,5.805170109479923,380,1,532.6657626476696
7758,4,534,530.4,4.505552130427546,380,0,533.387767337656
7759,4,534,528.6,6.5421708935183815,380,1,533.387767337656
7760,5,527,530.0,4.743416490252468,380,1,533.8652013550005
7761,0,528,528.4,3.361547262794179,380,1,532.6657626476696
7762,0,527,528.6,3.361547262794347,380,0,532.6657626476696
7763,2,535,529.8,4.438468204234329,380,1,533.5234841336617
7764,2,535,530.0,4.358898943540693,380,0,533.5234841336617
7765,3,522,529.4,5.319774431308165,380,0,532.6657626476696
7766,3,522,529.2,5.357238094391483,380,1,532.6657626476696
7767,4,524,528.4,5.856620185738536,380,0,532.6657626476696
7768,4,524,527.2,4.9699094559156105,380,1,532.6657626476696
7769,4,543,549.2,6.14003257320348,381,1,543.5603933482988
7770,4,555,551.0,6.28490254498829,381,0,546.9745639124449
7771,1,536,549.0,9.192388155425132,381,0,543.3224857016154
7772,1,536,547.2,8.584870412533894,381,1,541.4925695294033
7773,5,538,565.0,25.18928343562002,382,0,553.4461989783802
7774,5,538,564.0,26.636441203734428,382,1,553.1685043622401
7775,0,580,565.0,25.18928343562002,382,0,557.0363846718516
7776,0,580,573.6,20.057417580536164,382,1,560.1324760095584
7777,2,561,569.8,20.339616515559012,382,0,560.1324760095584
7778,5,568,566.4,18.50135130199956,382,0,561.8896159712586
7779,0,561,569.8,20.339616515559012,382,1,560.1324760095584
7780,1,575,567.8,18.91295852054884,382,1,560.1324760095584
7781,1,578,565.0,16.941074346097437,382,0,557.0363846718516
7782,2,577,572.8,8.043631020876129,382,0,561.6980107100553
7783,3,572,571.2,6.9785385289472055,382,0,561.6980107100553
7784,4,564,571.8,5.932958789676562,382,0,561.6980107100553
7785,2,555,541.4,9.071934744033364,383,1,541.2686766928447
7786,5,547,544.2,8.348652585896742,383,0,541.8938265153516
7787,5,547,542.8,9.33809402394299,383,1,541.4955363344675
7788,1,534,542.6,9.555103348473,383,1,539.202900090954
7789,2,535,543.2,8.786353054595518,383,1,539.7369070678438
7790,3,534,542.6,9.555103348473024,383,0,539.202900090954
7791,3,525,539.2,11.79830496300211,383,1,537.6849311140934
7792,4,543,544.8,7.563068160475633,383,0,540.1846543988947
7793,4,543,536.8,8.555699854483006,383,1,538.2797648755584
7794,5,549,545.6,7.7974354758471875,383,0,543.9712330952879
7795,5,549,537.2,9.17605579756358,383,1,540.2901937659668
7796,0,551,540.6,10.714476188783104,383,1,540.8684483952682
7797,0,551,544.8,6.7230945255886745,383,0,541.9132916763936
7798,1,550,543.6,10.85357084097211,383,1,541.9132916763936
7799,1,550,545.4,7.092249290598886,383,0,543.3867399478775
7800,2,555,549.6,4.335896677735812,383,0,546.2159764829336
7801,2,555,549.6,4.335896677735742,383,1,546.2159764829336
7802,3,542,549.4,4.722287581247075,383,0,543.5603933482988
7803,3,542,549.4,4.722287581247011,383,1,543.5603933482988
7804,4,558,551.2,6.058052492344356,383,1,547.5432389995987
7805,2,589,558.0,5.830951894845358,384,1,553.6482521073716
7806,0,580,570.8,13.160547101089636,384,0,561.3964837040396
7807,0,580,562.8,11.189280584559532,384,1,556.8697047232266
7808,1,558,569.2,14.324803663575953,384,0,561.0226784993959
7809,1,558,562.4,11.349008767288929,384,1,554.9733071034976
7810,3,555,570.2,12.735776379946335,384,0,560.4540034122421
7811,3,555,561.8,11.713240371477092,384,1,554.4046320163438
7812,1,542,539.0,3.082207001484448,385,1,539.1398111177693
7813,1,542,539.0,3.0822070014847163,385,0,539.1398111177693
7814,2,529,537.4,5.504543577809126,385,1,536.8248848718824
7815,2,529,537.4,5.504543577809276,385,0,536.8248848718824
7816,1,549,540.2,7.2594765651527,385,0,540.5446125504776
7817,1,549,540.2,7.259476565152585,385,1,540.5446125504776
7818,2,546,541.6,7.635443667528399,385,1,539.6487825391927
7819,2,546,541.6,7.635443667528508,385,0,539.6487825391927
7820,3,538,540.8,7.791020472313056,385,0,539.5400394153459
7821,1,537,539.8,7.91833315793173,385,0,539.1398111177693
7822,2,538,541.6,5.50454357780927,385,0,539.5400394153459
7823,3,538,540.8,7.79102047231295,385,1,539.5400394153459
7824,3,529,537.6,6.024948132556943,385,0,536.8248848718824
7825,4,535,535.4,3.781534080237999,385,0,536.7025008311556
7826,5,535,539.4,8.142481194328878,385,1,539.1482800577857
7827,5,529,533.6,4.335896677735929,385,0,535.8733741682101
7828,0,533,532.8,3.898717737923776,385,0,533.9572611960762
7829,0,533,540.2,6.978538528947134,385,1,538.2837365925283
7830,1,539,533.0,4.242640687119452,385,0,535.1556755998714
7831,1,539,538.2,4.969909455915644,385,1,539.1398111177693
7832,2,534,534.0,3.6055512754641854,385,0,536.3188593487134
7833,2,534,535.8,2.588435821108922,385,1,537.3344788670679
7834,3,544,537.0,4.527692569068685,385,1,538.2797648755584
7835,3,544,535.8,5.8051701094801285,385,0,538.0673541807574
7836,4,557,541.4,9.762171889492716,385,0,541.6708300008172
7837,4,557,541.4,9.76217188949262,385,1,541.6708300008172
7838,1,631,535.4,3.361547262794301,386,0,538.5901430042449
7839,1,631,538.0,4.242640687119483,386,1,540.6144649990767
7840,0,593,544.0,19.30025906561878,386,0,542.3132430967297
7841,0,593,545.6,18.568791021496292,386,1,543.7866913682136
7842,2,542,545.6,18.582249594707307,386,0,541.1155737989172
7843,2,542,545.8,18.512158166999367,386,1,541.1155737989172
7844,5,538,547.2,17.340703561274605,386,1,542.3487675944622
7845,0,558,550.6,17.48713813063766,386,1,546.7210542146322
7846,0,538,545.2,18.75366630821824,386,0,540.9939198487889
7847,1,554,554.0,15.74801574802367,386,1,551.2728996694302
7848,1,554,549.8,17.152259326397786,386,0,546.1523791274784
7849,2,561,554.6,15.993748778819803,386,0,551.8278339041235
7850,2,561,550.6,10.08959860450362,386,1,547.6373882907374
7851,3,546,551.4,9.370165420098052,386,1,544.4277239016569
7852,4,546,548.2,9.284395510748135,386,0,541.8784461244801
7853,4,542,552.2,8.012490249604149,386,1,545.7452851487509
7854,1,545,543.2,2.489979919597756,387,0,540.1846543988947
7855,2,537,541.6,3.4351128074635486,387,0,539.5400394153459
7856,2,545,543.6,1.673320053067885,387,1,540.1846543988947
7857,0,560,546.6,7.635443667528366,387,1,544.329220239675
7858,0,560,545.8,8.5264294989169,387,0,544.329220239675
7859,1,547,546.6,8.384509526501853,387,0,542.7616473291354
7860,2,542,546.2,8.584870412533924,387,0,541.6581026703786
7861,2,547,547.8,6.978538528947087,387,1,542.87324765939
7862,3,548,546.8,8.584870412533924,387,0,543.0629041030869
7863,3,548,548.8,6.457553716385101,387,1,543.5259211699566
7864,4,547,548.8,6.685805860178748,387,0,543.2246643960051
7865,5,538,544.4,4.277849927241521,387,0,540.7902818565949
7866,2,551,545.2,5.167204273105543,387,0,543.2650859977491
7867,3,548,549.6,5.941380311005104,387,1,544.9651947810071
7868,3,540,544.8,5.5407580708780335,387,0,540.1846543988947
7869,5,537,542.6,6.107372593840993,387,0,540.3919916757108
7870,0,544,542.0,5.700877125495698,387,0,539.7863642180106
7871,1,548,544.0,5.700877125495698,387,0,541.589455831603
7872,2,544,542.6,4.219004621945807,387,0,539.7863642180106
7873,3,547,544.0,4.30116263352132,387,0,541.2881990576515
7874,3,537,548.0,8.154753215149988,387,1,541.7697030006333
7875,4,544,545.4,1.9493588689618069,387,0,541.6581026703786
7876,4,529,540.2,9.444575162494104,388,1,537.6849311140934
7877,5,543,540.6,9.528903399657269,388,0,539.7454385754695
7878,5,543,541.4,9.31665175908172,388,1,540.145666873046
7879,0,539,541.0,9.380831519646849,388,0,539.5400394153459
7880,0,539,538.2,5.403702434442556,388,1,539.1398111177693
7881,1,564,542.8,12.93058390019572,388,1,542.457481787307
7882,1,564,542.8,12.930583900195694,388,0,542.457481787307
7883,2,539,542.8,12.93058390019572,388,1,539.7863642180106
7884,2,539,542.8,12.930583900195694,388,0,539.7863642180106
7885,3,541,545.2,10.639548862616326,388,0,541.5364487202503
7886,3,541,545.2,10.639548862616357,388,1,541.5364487202503
7887,4,543,545.2,10.639548862616326,388,0,541.5364487202503
7888,4,543,545.2,10.639548862616357,388,1,541.5364487202503
7889,5,534,544.2,11.562871615649826,388,0,540.2068177295383
7890,0,534,544.2,11.562871615649852,388,1,539.6011902718382
7891,0,526,536.6,6.804410334481656,388,0,536.8248848718824
7892,1,542,539.8,3.563705936241282,388,1,539.1398111177693
7893,1,542,537.2,7.190271204899069,388,0,538.2797648755584
7894,2,555,543.0,7.58287544405164,388,1,541.5150014955094
7895,2,555,540.0,10.839741694339436,388,0,540.8684483952682
7896,3,539,542.6,7.76530746332696,388,1,539.7863642180106
7897,3,539,539.2,10.709808588392267,388,0,539.1398111177693
7898,4,542,542.4,7.76530746332696,388,1,539.7863642180106
7899,4,540,550.6,18.201648277010523,389,0,543.4967959928437
7900,4,540,547.6,20.81585933849477,389,1,541.2271741291719
7901,0,543,542.6,1.816590212458588,389,0,539.7863642180106
7902,0,543,539.6,6.730527468185559,389,1,539.1398111177693
7903,1,539,541.4,1.816590212458588,389,0,539.5400394153459
7904,1,539,538.4,6.024948132556857,389,1,539.1398111177693
7905,2,540,540.8,1.6431676725155944,389,0,539.5400394153459
7906,2,540,538.0,5.787918451395141,389,1,538.5560493117471
7907,3,552,542.8,5.357238094391589,389,0,541.5150014955094
7908,4,541,543.0,5.244044240850802,389,0,539.7863642180106
7909,4,552,542.8,5.357238094391593,389,1,541.5150014955094
7910,5,542,543.2,5.167204273105575,389,1,540.7902818565949
7911,0,542,542.8,5.263078946776351,389,0,539.7863642180106
7912,0,541,542.8,5.2630789467763535,389,1,539.7863642180106
7913,4,516,525.6,8.384509526501791,390,1,532.2110609978799
7914,1,537,526.6,9.555103348472963,390,1,533.6659410015559
7915,1,516,525.6,8.384509526501816,390,0,532.2110609978799
7916,0,535,526.2,9.038805230781312,390,0,533.068782483872
7917,0,535,528.2,10.28105052997986,390,1,533.5234841336617
7918,1,532,527.2,9.41806774237686,390,0,532.6657626476696
7919,1,532,531.0,8.573214099741067,390,1,532.6657626476696
7920,3,530,529.6,7.89303490426841,390,0,532.6657626476696
7921,3,530,530.0,8.276472678623366,390,1,532.6657626476696
7922,4,535,529.6,7.89303490426841,390,0,533.5234841336617
7923,4,535,533.8,2.7748873851021507,390,1,536.4545761447191
7924,1,534,542.0,5.6124860801609815,391,0,539.202900090954
7925,1,541,540.4,4.615192303685629,391,1,539.1398111177693
7926,2,549,541.0,5.612486080160825,391,1,540.9448408480541
7927,2,549,544.0,6.04152298679735,391,0,541.589455831603
7928,4,542,540.8,5.540758070877941,391,1,539.5400394153459
7929,4,542,542.8,5.630275304103766,391,0,539.7863642180106
7930,5,536,540.4,5.856620185738448,391,1,539.5799054344942
7931,1,542,542.0,4.636809247747754,391,1,539.7863642180106
7932,1,536,540.8,5.9749476985159164,391,0,539.3745062743706
7933,2,548,543.4,5.272570530585544,391,1,541.589455831603
7934,3,542,542.0,4.242640687119178,391,1,539.7863642180106
7935,3,548,541.8,6.797058187186623,391,0,541.0638846162688
7936,4,538,541.2,4.604345773288442,391,1,539.5400394153459
7937,5,544,542.8,3.6331804249168633,391,1,540.3919916757108
7938,5,538,542.6,5.813776741499527,391,0,540.3919916757108
7939,0,549,542.6,5.813776741499527,391,0,541.1911656507189
7940,1,549,544.2,4.494441010848738,391,1,541.589455831603
7941,1,545,543.2,5.890670590009326,391,0,540.1846543988947
7942,2,554,546.8,5.890670590009326,391,0,543.3867399478775
7943,2,554,545.4,6.228964600958905,391,1,543.3867399478775
7944,3,545,546.0,5.958187643906422,391,1,541.6581026703786
7945,3,545,546.2,5.890670590009326,391,0,541.6581026703786
7946,4,556,549.8,5.0695167422547085,391,0,546.9338046762628
7947,4,556,549.6,5.319774431308072,391,1,546.4548731602565
7948,1,545,552.6,14.328293687665685,392,0,546.3066860491199
7949,2,546,552.8,14.202112518917744,392,1,546.7774150788075
7950,2,546,552.4,14.432601983010557,392,0,545.8540282725977
7951,3,541,545.0,2.9154759474226557,392,0,541.5364487202503
7952,3,541,551.6,15.043270920913452,392,1,545.0034022595277
7953,4,549,546.0,3.3166247903554043,392,0,543.0629041030869
7954,2,549,545.8,3.4205262752974828,392,1,543.0629041030869
7955,2,538,543.8,4.324349662087925,392,0,540.1846543988947
7956,4,535,544.0,6.000000000000042,392,1,539.7369070678438
7957,4,535,541.8,5.718391382198305,392,0,539.2113358525096
7958,5,522,538.6,10.691117808723304,392,1,538.1264447208556
7959,5,522,537.0,9.874208829065738,392,0,537.2663984786446
7960,0,540,536.8,9.78263768111647,392,0,538.2797648755584
7961,1,533,533.6,7.021395872616759,392,0,535.7253848818215
7962,2,545,535.0,8.631338250816016,392,0,537.2996593488394
7963,3,541,536.2,9.038805230781312,392,0,538.0673541807574
7964,4,556,543.0,8.455767262643848,392,0,541.7538981728324
7965,4,536,541.0,7.416198487095679,393,0,539.3745062743706
7966,4,536,538.8,6.760177512462235,393,1,538.974277976794
7967,1,649,539.8,6.418722614352506,393,0,541.198226805099
7968,1,649,537.4,4.449719092257396,393,1,540.338180562888
7969,1,541,540.0,6.442049363362584,393,0,539.1398111177693
7970,5,541,539.2,3.420526275297413,393,1,539.7454385754695
7971,5,542,538.6,4.449719092257425,393,0,539.7454385754695
7972,0,561,543.0,10.51189802081432,393,1,542.457481787307
7973,0,561,544.4,9.607288899580375,393,0,542.8557719681911
7974,1,544,546.0,8.455767262643905,393,0,541.6581026703786
7975,1,544,544.8,9.523654760647302,393,1,540.1846543988947
7976,3,566,550.8,11.777096416349844,393,1,547.9170442042424
7977,3,566,550.8,11.777096416349856,393,0,547.9170442042424
7978,4,556,553.8,10.497618777608604,393,0,551.6667791611103
7979,1,540,539.6,2.7018512172208653,394,1,539.1398111177693
7980,1,540,539.6,2.7018512172208653,394,0,539.1398111177693
7981,2,543,540.6,2.8809720581772127,394,1,539.1398111177693
7982,2,543,540.6,2.8809720581772127,394,0,539.1398111177693
7983,3,536,539.6,3.5071355833497333,394,0,538.974277976794
7984,3,536,539.6,3.5071355833497333,394,1,538.974277976794
7985,4,537,539.8,3.27108544675889,394,1,539.1398111177693
7986,4,537,539.8,3.27108544675889,394,0,539.1398111177693
7987,5,542,539.6,3.0495901363950115,394,0,539.7454385754695
7988,5,542,539.6,3.0495901363950115,394,1,539.7454385754695
7989,1,536,538.8,3.420526275297079,394,1,538.974277976794
7990,1,536,538.8,3.420526275297079,394,0,538.974277976794
7991,3,544,539.0,3.741657386773627,394,0,539.1398111177693
7992,3,544,539.0,3.741657386773627,394,1,539.1398111177693
7993,4,541,540.0,3.3911649915622872,394,1,539.1398111177693
7994,4,541,540.0,3.3911649915622872,394,0,539.1398111177693
7995,5,541,540.8,2.949576240750127,394,1,540.145666873046
7996,5,541,540.8,2.949576240750127,394,0,540.145666873046
7997,0,537,539.8,3.2710854467588573,394,0,539.1398111177693
7998,0,537,539.8,3.2710854467588573,394,1,539.1398111177693
7999,1,541,540.8,2.4899799195972747,394,0,539.5400394153459
8000,1,541,540.8,2.4899799195972747,394,1,539.5400394153459
8001,2,539,539.8,1.7888543819991594,394,0,539.1398111177693
8002,2,539,539.8,1.7888543819991594,394,1,539.1398111177693
8003,3,541,539.8,1.7888543819991594,394,0,539.1398111177693
8004,3,541,539.8,1.7888543819991594,394,1,539.1398111177693
8005,4,534,538.4,2.9664793948378514,394,0,538.4069358040798
8006,4,534,538.4,2.9664793948378514,394,1,538.4069358040798
8007,1,578,579.0,5.147815070493586,395,1,561.6980107100553
8008,1,578,565.4,20.255863348670225,395,0,557.0363846718516
8009,1,539,571.4,18.796276226955182,395,1,553.7717872693015
8010,1,539,564.2,21.879213879845004,395,0,552.2130051828352
8011,2,547,565.2,20.692993983471847,395,0,553.5402327055616
8012,2,547,564.2,20.09228707738372,395,1,553.5402327055616
8013,3,544,558.6,21.243822631532264,395,0,548.2823437468938
8014,3,544,556.0,17.705931209625806,395,1,548.2823437468938
8015,5,544,550.4,15.693947878083533,395,0,544.947653856506
8016,0,549,544.6,3.7815340802381225,395,0,541.589455831603
8017,0,544,550.4,15.693947878083485,395,1,544.0393248643051
8018,1,547,546.2,2.167948338868418,395,0,542.7616473291354
8019,1,547,544.2,3.271085446759358,395,1,541.2881990576515
8020,0,542,538.2,2.949576240750301,396,0,539.1398111177693
8021,0,542,537.2,3.4205262752974432,396,1,538.2797648755584
8022,4,537,537.8,2.949576240750301,396,0,538.5560493117471
8023,4,537,536.8,3.2710854467592605,396,1,538.2797648755584
8024,1,543,538.6,3.781534080237839,396,1,539.1398111177693
8025,1,543,538.6,3.7815340802376265,396,0,539.1398111177693
8026,2,538,539.4,2.880972058177342,396,0,539.1398111177693
8027,2,538,539.4,2.880972058177621,396,1,539.1398111177693
8028,3,543,540.6,2.880972058177621,396,1,539.1398111177693
8029,3,543,540.6,2.880972058177342,396,0,539.1398111177693
8030,5,533,538.8,4.266145801540323,396,1,538.8893640502284
8031,5,533,538.8,4.266145801540135,396,0,538.8893640502284
8032,1,534,538.2,4.76445169982866,396,1,538.4069358040798
8033,1,534,538.2,4.764451699828491,396,0,538.4069358040798
8034,5,543,538.2,4.76445169982866,396,1,539.7454385754695
8035,0,543,538.2,4.764451699828491,396,0,539.1398111177693
8036,0,537,538.0,4.795831523312741,396,1,538.5560493117471
8037,1,540,537.4,4.159326868617112,396,1,538.2797648755584
8038,1,540,538.6,4.827007354458722,396,0,539.1398111177693
8039,2,535,537.0,4.3011626335211535,396,0,537.6826063578745
8040,2,535,537.8,3.7013511046643783,396,1,537.9588907940632
8041,5,551,550.6,3.8470768123342816,397,0,547.2357944883917
8042,5,552,550.2,3.898717737923532,397,1,547.6032369911408
8043,0,558,553.4,2.792848008753804,397,0,551.9965575709411
8044,0,558,553.0,3.316624790355324,397,1,550.8945633753636
8045,1,565,556.0,5.7008771254956985,397,0,553.6482521073716
8046,1,565,555.6,6.188699378706275,397,1,553.0943574358008
8047,2,562,558.2,5.403702434442456,397,1,553.6482521073716
8048,2,562,557.6,6.107372593840994,397,0,553.6482521073716
8049,3,552,557.6,6.107372593840994,397,0,552.705771815574
8050,4,556,558.6,5.079370039680121,397,0,552.944668492897
8051,4,552,557.8,5.848076606885309,397,1,552.705771815574
8052,3,542,561.6,15.175638372075134,398,0,550.2222058131093
8053,3,594,574.6,10.114346246792234,398,1,561.6980107100553
8054,4,594,567.6,17.213366899011913,398,0,560.1324760095584
8055,4,584,575.4,10.78424777163434,398,1,561.6980107100553
8056,2,539,544.8,10.256705123966462,399,1,540.1846543988947
8057,0,536,544.2,10.756393447619889,399,1,540.0191212579194
8058,0,536,544.2,10.756393447619894,399,0,540.0191212579194
8059,2,543,544.6,10.644247272588144,399,0,540.1846543988947
8060,2,543,544.6,10.64424727258814,399,1,540.1846543988947
8061,1,538,543.8,11.031772296417287,399,1,540.1846543988947
8062,1,538,543.8,11.03177229641729,399,0,540.1846543988947
8063,3,540,539.2,2.588435821108892,399,1,539.1398111177693
8064,3,540,539.2,2.588435821108908,399,0,539.1398111177693
8065,5,542,539.8,2.8635642126552163,399,1,539.7454385754695
8066,5,542,539.8,2.8635642126552314,399,0,539.7454385754695
8067,0,537,540.0,2.549509756796359,399,0,539.1398111177693
8068,0,537,540.0,2.549509756796342,399,1,539.1398111177693
8069,1,537,538.8,2.1679483388678347,399,0,539.1398111177693
8070,1,537,538.8,2.167948338867815,399,1,539.1398111177693
8071,2,536,538.4,2.5099800796021694,399,1,538.974277976794
8072,2,536,538.4,2.5099800796021863,399,0,538.974277976794
8073,3,538,538.0,2.345207879911669,399,0,538.5560493117471
8074,3,538,538.0,2.345207879911652,399,1,538.5560493117471
8075,4,538,537.2,0.8366600265339413,399,0,538.2797648755584
8076,4,538,537.2,0.8366600265338904,399,1,538.2797648755584
8077,0,1016,550.6,11.545561917897285,400,1,547.6373882907374
8078,2,1016,541.6,12.218837915284784,400,0,542.0122892213798
8079,2,554,550.4,11.45862120850498,400,1,546.6949079989398
8080,3,535,542.4,11.458621208505011,400,0,539.3386168869597
8081,3,535,546.2,12.676750372236578,400,1,541.2103553393277
8082,4,531,541.0,12.50999600319684,400,0,538.2345705983029
8083,4,531,541.4,13.049904214207867,400,1,538.2345705983029
8084,2,521,535.8,9.523654760647236,401,1,536.6124741770815
8085,1,551,538.0,11.74734012447073,401,0,540.2846865892459
8086,1,551,538.0,11.747340124470677,401,1,540.2846865892459
8087,1,524,535.6,13.371611720357423,401,0,536.2298803568142
8088,1,524,535.6,13.371611720357375,401,1,536.2298803568142
8089,2,563,541.2,18.08867048735201,401,0,541.6874244180358
8090,2,563,541.2,18.08867048735198,401,1,541.6874244180358
8091,3,532,538.2,18.130085493455343,401,0,537.3600663107494
8092,3,532,538.2,18.130085493455308,401,1,537.3600663107494
8093,4,549,545.0,3.316624790355396,402,1,542.9412501529586
8094,4,549,546.0,1.8708286933869955,402,0,543.0629041030869
8095,0,540,545.0,3.3166247903554136,402,0,541.5364487202503
8096,0,540,544.2,4.024922359499626,402,1,540.1846543988947
8097,1,545,544.0,3.9370039370059127,402,1,540.1846543988947
8098,2,536,543.2,5.167204273105541,402,1,540.0191212579194
8099,0,545,545.2,3.27108544675924,402,0,541.5364487202503
8100,3,542,544.4,3.507135583350049,402,0,540.1846543988947
8101,3,551,544.2,6.220932405998324,402,1,541.9132916763936
8102,1,541,542.6,5.683308895353145,402,1,539.7863642180106
8103,3,545,543.6,5.549774770204657,402,1,540.1846543988947
8104,4,538,542.2,5.974947698515881,402,1,539.7863642180106
8105,0,541,543.4,3.646916505762102,402,0,540.1846543988947
8106,0,538,542.6,5.504543577809169,402,1,539.7863642180106
8107,1,536,540.8,3.271085446759218,402,0,539.3745062743706
8108,1,536,539.6,3.5071355833500726,402,1,538.974277976794
8109,4,541,541.2,5.540758070878081,403,1,539.5400394153459
8110,0,541,541.4,6.1886993787063895,403,0,539.5400394153459
8111,0,533,538.2,4.969909455915747,403,1,538.2837365925283
8112,1,532,536.6,5.504543577809228,403,1,536.8248848718824
8113,3,721,536.4,5.683308895353195,403,1,539.8171681696251
8114,1,532,534.0,3.937003937005995,403,1,535.596854658727
8115,1,721,539.0,7.17635004720372,403,0,541.198226805099
8116,2,545,534.8,5.718391382198393,403,1,537.051734662403
8117,4,545,541.8,5.890670590009331,403,0,539.6590831835605
8118,4,539,536.0,5.87367006223544,403,1,538.0673541807574
8119,0,545,541.4,5.50454357780923,403,0,539.5400394153459
8120,0,545,538.6,6.503845016603703,403,1,539.1398111177693
8121,1,536,539.8,5.718391382198385,403,0,538.974277976794
8122,1,536,539.4,5.683308895353195,403,1,538.974277976794
8123,2,539,539.4,5.6833088953531945,403,0,539.1398111177693
8124,2,539,540.8,4.024922359499719,403,1,539.5400394153459
8125,3,540,539.8,3.2710854467593364,403,1,539.1398111177693
8126,4,539,539.8,3.2710854467593364,403,1,539.1398111177693
8127,2,535,532.8,7.328028384224487,404,0,534.2161772036334
8128,2,536,533.0,7.615773105863941,404,1,534.9901424588961
8129,3,539,533.0,7.516648189186433,404,0,535.1556755998714
8130,3,539,536.8,2.588435821109059,404,1,538.2797648755584
8131,4,540,533.6,8.01872807869176,404,0,536.5814594070625
8132,0,536,536.8,2.5884358211088667,404,0,538.1142317345831
8133,0,540,536.8,2.588435821109059,404,1,538.2797648755584
8134,1,538,537.6,2.0736441353326684,404,0,538.2797648755584
8135,1,538,537.6,2.0736441353329083,404,1,538.2797648755584
8136,2,540,538.6,1.6733200530680143,404,0,539.1398111177693
8137,2,540,538.6,1.6733200530683117,404,1,539.1398111177693
8138,4,535,538.4,2.0736441353328914,404,1,538.5426526000855
8139,4,535,537.8,2.280350850198168,404,0,537.9588907940632
8140,0,531,536.8,3.834057902536216,404,1,536.8248848718824
8141,1,531,536.0,3.3911649915625564,404,0,536.6124741770815
8142,2,542,537.2,4.324349662087862,404,0,538.2797648755584
8143,3,533,536.2,4.658325879540789,404,0,537.2112796555164
8144,4,546,537.4,6.348228099241518,404,0,538.3885079994052
8145,4,540,536.8,3.834057902536216,404,1,538.2797648755584
8146,2,630,553.6,8.848728722251558,405,0,552.3703627755849
8147,0,721,552.6,8.792041856133292,405,0,550.3728708125401
8148,1,545,548.6,5.77061521850139,405,0,542.1211197372484
8149,2,555,550.0,6.403124237432836,405,0,546.6949079989398
8150,3,542,550.0,6.403124237432836,405,0,544.0393248643051
8151,4,558,550.2,6.685805860178691,405,0,547.2635830860936
8152,2,543,540.2,2.1679483388675544,406,0,539.1398111177693
8153,3,529,538.6,5.504543577809049,406,1,537.6849311140934
8154,3,529,538.6,5.504543577809028,406,0,537.6849311140934
8155,4,540,538.4,5.412947441089618,406,0,539.1398111177693
8156,4,540,538.4,5.412947441089639,406,1,539.1398111177693
8157,1,540,538.4,5.412947441089639,406,1,539.1398111177693
8158,1,540,538.4,5.412947441089618,406,0,539.1398111177693
8159,2,543,539.0,5.787918451394995,406,0,539.1398111177693
8160,2,543,539.0,5.787918451395014,406,1,539.1398111177693
8161,3,536,537.6,5.412947441089618,406,0,538.1142317345831
8162,3,536,537.6,5.412947441089639,406,1,538.1142317345831
8163,4,537,539.2,2.7748873851020712,406,0,539.1398111177693
8164,4,537,539.2,2.774887385102112,406,1,539.1398111177693
8165,1,542,539.6,3.0495901363951523,406,0,539.1398111177693
8166,1,542,539.6,3.0495901363951896,406,1,539.1398111177693
8167,3,544,540.4,3.646916505761906,406,0,539.1398111177693
8168,3,544,540.4,3.6469165057619377,406,1,539.1398111177693
8169,4,541,540.0,3.39116499156243,406,0,539.1398111177693
8170,4,541,540.0,3.391164991562463,406,1,539.1398111177693
8171,0,542,538.8,4.438468204234458,407,0,539.1398111177693
8172,2,540,539.4,4.335896677735787,407,1,539.1398111177693
8173,2,540,539.4,4.335896677735792,407,0,539.1398111177693
8174,3,543,539.4,4.335896677735787,407,1,539.1398111177693
8175,3,543,539.4,4.335896677735792,407,0,539.1398111177693
8176,4,533,539.6,3.911521443121632,407,1,538.2837365925283
8177,4,533,539.6,3.911521443121638,407,0,538.2837365925283
8178,1,534,538.4,4.615192303685763,407,1,538.4069358040798
8179,1,534,538.4,4.6151923036857685,407,0,538.4069358040798
8180,3,543,538.6,4.827007354458899,407,0,539.1398111177693
8181,3,543,538.6,4.827007354458893,407,1,539.1398111177693
8182,4,535,537.6,4.9799598391955255,407,0,537.6826063578745
8183,4,535,537.6,4.97995983919552,407,1,537.6826063578745
8184,0,537,536.4,3.974921382870405,407,0,538.1963808267925
8185,0,537,536.4,3.9749213828703978,407,1,538.1963808267925
8186,1,540,537.8,3.7013511046644063,407,0,538.5560493117471
8187,1,540,537.8,3.7013511046644,407,1,538.5560493117471
8188,2,535,538.0,3.464101615137823,407,0,537.9588907940632
8189,2,535,538.0,3.464101615137816,407,1,537.9588907940632
8190,3,537,536.8,2.0493901531920367,407,0,538.2797648755584
8191,3,537,536.8,2.049390153192024,407,1,538.2797648755584
8192,4,540,537.8,2.1679483388680034,407,0,538.5560493117471
8193,4,540,537.8,2.167948338867992,407,1,538.5560493117471
8194,0,539,535.4,4.33589667773581,408,0,537.2996593488394
8195,1,543,536.0,5.244044240850796,408,0,538.0673541807574
8196,1,539,537.2,6.1400325732033965,408,1,538.2797648755584
8197,2,538,537.6,4.037325847637319,408,0,538.2797648755584
8198,2,538,535.8,4.494441010848719,408,1,538.0673541807574
8199,3,533,537.0,4.52769256906875,408,0,537.4236903503173
8200,4,537,538.0,3.6055512754640415,408,0,538.5560493117471
8201,4,533,534.4,3.911521443121434,408,1,536.1956601371619
8202,4,542,538.6,4.037325847637314,408,0,539.1398111177693
8203,4,542,536.8,4.207136793592395,408,1,538.2797648755584
8204,0,536,537.2,3.271085446759288,408,0,538.1142317345831
8205,0,536,537.6,3.36154726279417,408,1,538.1142317345831
8206,1,534,536.4,3.507135583350094,408,0,537.463505513103
8207,1,534,536.6,3.577708763999524,408,1,537.5468895618689
8208,2,523,534.4,7.021395872616808,408,0,535.596854658727
8209,3,544,535.8,8.258329128825059,408,0,538.0673541807574
8210,3,523,533.6,6.877499545619694,408,1,535.1265794033866
8211,4,529,533.2,7.854934754662219,408,0,533.7007955961955
8212,4,542,540.4,1.3416407865003652,409,1,539.1398111177693
8213,0,540,540.0,1.000000000000199,409,0,539.1398111177693
8214,0,540,540.6,1.1401754250997225,409,1,539.1398111177693
8215,1,548,542.0,3.5355339059329265,409,1,541.1911656507189
8216,1,548,541.8,3.5637059362411603,409,0,541.0638846162688
8217,0,535,541.2,4.658325879541,409,1,539.092292084295
8218,0,535,540.6,4.722287581247095,409,0,538.5426526000855
8219,1,546,542.0,5.147815070493551,409,0,539.8951073418574
8220,3,543,542.4,5.128352561983285,409,0,539.7863642180106
8221,3,546,542.2,5.118593556828024,409,1,539.8951073418574
8222,0,540,542.4,5.128352561983285,409,0,539.7863642180106
8223,0,540,541.8,5.215361924162248,409,1,539.6590831835605
8224,1,541,542.0,5.147815070493633,409,1,539.7863642180106
8225,1,541,541.0,4.062019202318041,409,0,539.5400394153459
8226,2,539,540.2,3.962322551231964,409,1,539.1398111177693
8227,4,539,541.8,2.774887385102403,409,0,539.6590831835605
8228,3,538,538.4,1.5165750888102625,410,0,539.1398111177693
8229,0,541,538.8,1.923538406167104,410,0,539.1398111177693
8230,0,528,537.2,5.263078946776312,410,0,536.8248848718824
8231,0,538,538.8,4.086563348340498,410,1,539.1398111177693
8232,1,552,539.8,8.55569985448299,410,0,540.8684483952682
8233,1,524,536.6,11.081516141756069,410,0,536.8248848718824
8234,3,531,535.2,11.300442469213335,410,0,535.8447793451635
8235,3,552,542.4,6.188699378706324,410,1,541.5150014955094
8236,4,542,535.4,11.43678276439666,410,0,537.2996593488394
8237,1,536,537.0,10.677078252031338,410,0,538.1142317345831
8238,1,542,543.4,5.458937625582479,410,1,540.1846543988947
8239,2,544,535.4,8.17312669668106,410,0,537.2996593488394
8240,3,544,544.2,5.1185935568279,410,1,540.1846543988947
8241,4,541,537.0,4.242640687119299,411,1,538.2797648755584
8242,4,526,532.2,9.52365476064734,412,0,533.1914487160985
8243,4,532,532.6,9.449867723942,412,0,533.3584557176413
8244,0,532,529.2,2.7748873851024656,412,0,532.6657626476696
8245,0,532,533.4,8.905054744357331,412,1,535.1265794033866
8246,0,528,529.4,2.6076809620812047,412,0,532.6657626476696
8247,1,545,541.8,1.923538406167152,413,0,539.6590831835605
8248,1,545,541.8,1.9235384061667808,413,1,539.6590831835605
8249,0,539,541.6,2.190890230020364,413,1,539.5400394153459
8250,0,539,541.6,2.1908902300206896,413,0,539.5400394153459
8251,1,543,542.0,2.236067977499494,413,1,539.7863642180106
8252,1,543,542.0,2.2360679774998133,413,0,539.7863642180106
8253,2,540,541.6,2.408318915758484,413,0,539.5400394153459
8254,2,540,541.6,2.408318915758187,413,1,539.5400394153459
8255,3,537,540.8,3.193743884534048,413,1,539.5400394153459
8256,4,537,540.8,3.193743884534272,413,0,539.5400394153459
8257,4,541,540.0,2.2360679774994705,413,1,539.1398111177693
8258,0,543,540.4,2.607680962081063,413,0,539.1398111177693
8259,0,543,540.8,2.489979919597466,413,1,539.5400394153459
8260,1,537,539.6,2.607680962080789,413,1,539.1398111177693
8261,1,537,540.0,3.000000000000005,413,0,539.1398111177693
8262,2,537,538.8,2.683281572999748,413,0,539.1398111177693
8263,2,537,539.0,2.8284271247459416,413,1,539.1398111177693
8264,3,539,538.6,2.6076809620810564,413,0,539.1398111177693
8265,3,539,539.4,2.607680962080789,413,1,539.1398111177693
8266,4,538,538.8,2.4899799195977383,413,0,539.1398111177693
8267,4,538,538.8,2.489979919597459,413,1,539.1398111177693
8268,1,565,550.4,10.807404868885053,414,0,547.6373882907374
8269,2,583,555.6,18.37933622305224,414,0,552.5518285643394
8270,2,583,554.6,17.868967513541442,414,1,551.8278339041235
8271,3,567,559.8,18.033302526159765,414,0,553.6521855768523
8272,3,567,556.0,18.654758106177614,414,1,553.1057232359102
8273,2,541,538.4,4.219004621945786,415,0,539.1398111177693
8274,0,541,538.4,4.219004621945846,415,1,539.1398111177693
8275,0,542,539.4,4.393176527297752,415,0,539.1398111177693
8276,2,541,540.2,4.207136793592519,415,0,539.1398111177693
8277,2,541,539.2,4.266145801540355,415,1,539.1398111177693
8278,3,543,540.4,4.335896677735804,415,1,539.1398111177693
8279,3,543,540.0,3.999999999999999,415,0,539.1398111177693
8280,4,533,540.0,3.999999999999999,415,0,538.2837365925283
8281,4,533,538.2,4.816637831516963,415,1,538.2837365925283
8282,1,534,538.4,4.560701700396588,415,1,538.4069358040798
8283,1,534,538.6,4.72228758124704,415,0,538.4069358040798
8284,4,543,538.8,4.919349550499549,415,0,539.1398111177693
8285,4,543,538.8,4.919349550499574,415,1,539.1398111177693
8286,0,537,538.0,4.795831523312755,415,1,538.5560493117471
8287,0,537,538.0,4.795831523312728,415,0,538.5560493117471
8288,1,539,537.2,4.02492235949966,415,1,538.2797648755584
8289,1,539,537.2,4.024922359499628,415,0,538.2797648755584
8290,2,535,537.6,3.5777087639997007,415,1,537.6826063578745
8291,2,535,537.6,3.577708763999665,415,0,537.6826063578745
8292,3,537,538.2,3.033150177620662,415,1,539.1398111177693
8293,3,537,538.2,3.033150177620621,415,0,539.1398111177693
8294,4,540,537.6,1.9493588689618069,415,0,538.2797648755584
8295,4,540,537.6,1.949358868961872,415,1,538.2797648755584
8296,2,550,571.0,11.874342087037911,416,0,558.8269513625074
8297,0,539,564.0,18.26198236774967,416,0,551.9353105666952
8298,0,550,569.6,11.545561917897276,416,1,558.8269513625074
8299,1,571,563.0,17.564168070250293,416,0,556.0256488457495
8300,1,571,570.0,11.554220008291336,416,1,561.6980107100553
8301,4,570,561.8,16.63430190900718,416,0,554.5030564306643
8302,4,570,569.2,11.344602240713414,416,1,561.6980107100553
8303,0,721,541.6,11.282730166054725,417,1,542.0122892213798
8304,1,721,552.0,10.677078252031272,417,0,549.3433485751832
8305,1,565,547.4,14.638989036132289,417,1,544.4408205699297
8306,2,562,556.0,9.695359714832614,417,0,553.6482521073716
8307,2,562,554.6,9.396807968666884,417,1,552.3703627755849
8308,3,569,560.8,8.786353054595477,417,0,555.3471123081414
8309,3,569,560.0,8.000000000000085,417,1,554.864355694671
8310,4,561,559.2,7.563068160475557,417,0,553.6482521073716
8311,4,561,561.2,7.496665925596616,417,1,555.3471123081414
8312,0,570,576.2,8.348652585896748,418,0,561.6980107100553
8313,1,570,578.4,6.188699378706323,418,1,561.6980107100553
8314,1,544,569.0,16.140012391568987,418,0,553.7717872693015
8315,4,559,567.8,16.724233913695432,418,0,559.7586708049147
8316,4,540,537.6,2.8809720581776035,419,1,538.2797648755584
8317,3,965,537.0,2.828427124746209,419,1,540.338180562888
8318,4,535,537.2,2.5884358211089835,419,1,537.6826063578745
8319,2,530,536.2,4.147288270665568,419,1,536.6124741770815
8320,3,548,537.8,6.723094525588674,419,1,539.9608507444553
8321,0,541,534.6,4.277849927241478,420,1,537.051734662403
8322,1,558,539.8,10.940749517286289,420,1,541.198226805099
8323,1,541,538.0,4.636809247747785,420,0,538.5560493117471
8324,1,584,550.4,21.17309613637081,420,1,547.094859419276
8325,2,584,548.0,20.530465167647797,420,0,543.8982916984683
8326,2,526,548.2,23.370922104187525,420,1,539.9217053121289
8327,3,543,550.4,21.938550544646304,420,1,543.4967959928437
8328,4,528,547.8,24.004166305039643,420,1,539.9217053121289
8329,4,543,548.2,20.46216019876688,420,0,541.2271741291719
8330,1,529,542.0,24.423349483639637,420,1,538.1560305976236
8331,1,529,545.8,22.151749366585005,420,0,539.8101049818742
8332,3,530,545.4,22.478878975607284,420,0,539.8101049818742
8333,3,530,531.2,6.760177512462255,420,1,532.6657626476696
8334,4,540,545.2,22.532199182503238,420,0,540.9939198487889
8335,4,540,534.0,6.96419413859208,420,1,537.051734662403
8336,0,523,530.0,6.204836822995452,420,1,532.6657626476696
8337,0,523,533.0,8.276472678623417,420,0,533.7007955961955
8338,1,520,528.4,7.700649323271371,420,0,532.6657626476696
8339,1,520,528.4,7.700649323271397,420,1,532.6657626476696
8340,3,513,525.2,10.28105052997992,420,1,532.2110609978799
8341,3,513,525.2,10.2810505299799,420,0,532.2110609978799
8342,4,514,522.0,10.885770528538623,420,0,529.0422247974294
8343,4,514,522.0,10.88577052853864,420,1,529.0422247974294
8344,0,540,536.4,2.8809720581775555,421,0,538.1963808267925
8345,0,540,537.4,3.507135583349989,421,1,538.2797648755584
8346,1,540,537.2,3.271085446759165,421,1,538.2797648755584
8347,1,540,537.2,3.271085446759192,421,0,538.2797648755584
8348,2,537,537.2,3.271085446759165,421,1,538.2797648755584
8349,2,537,537.2,3.271085446759192,421,0,538.2797648755584
8350,3,543,538.4,4.159326868617062,421,0,539.1398111177693
8351,3,543,538.4,4.159326868617041,421,1,539.1398111177693
8352,4,532,538.4,4.159326868617041,421,1,537.6849311140934
8353,4,532,538.4,4.159326868617062,421,0,537.6849311140934
8354,1,534,537.2,4.438468204234412,421,0,537.5468895618689
8355,1,534,537.2,4.438468204234392,421,1,537.5468895618689
8356,3,542,537.6,4.827007354458853,421,0,538.2797648755584
8357,3,542,537.6,4.827007354458835,421,1,538.2797648755584
8358,4,535,537.2,4.969909455915659,421,0,537.6826063578745
8359,4,535,537.2,4.969909455915642,421,1,537.6826063578745
8360,0,536,535.8,3.76828873628335,421,0,537.9018210397821
8361,0,536,535.8,3.7682887362833264,421,1,537.9018210397821
8362,1,539,537.2,3.271085446759197,421,1,538.2797648755584
8363,1,539,537.2,3.2710854467592245,421,0,538.2797648755584
8364,2,534,537.2,3.2710854467592245,421,0,537.5468895618689
8365,2,534,537.2,3.271085446759197,421,1,537.5468895618689
8366,3,537,536.2,1.923538406167102,421,1,538.0673541807574
8367,3,537,536.2,1.923538406167148,421,0,538.0673541807574
8368,4,540,537.2,2.3874672772626635,421,0,538.2797648755584
8369,4,540,537.2,2.387467277262626,421,1,538.2797648755584
8370,1,586,579.2,6.300793600809362,422,0,561.6980107100553
8371,1,586,579.2,6.300793600809325,422,1,561.6980107100553
8372,2,568,578.8,7.049822692805821,422,0,561.6980107100553
8373,2,568,578.8,7.0498226928057885,422,1,561.6980107100553
8374,3,562,574.6,9.6850400102426,422,0,561.6980107100553
8375,4,566,571.6,9.528903399657278,422,0,561.6980107100553
8376,4,562,574.6,9.685040010242574,422,1,561.6980107100553
8377,0,533,537.0,3.674234614174651,423,0,537.4236903503173
8378,2,541,537.4,4.037325847637168,423,0,538.2797648755584
8379,2,541,538.6,3.6469165057622592,423,1,539.1398111177693
8380,3,535,537.2,3.3466401061364905,423,1,537.6826063578745
8381,3,535,537.6,3.847076812334167,423,0,537.6826063578745
8382,0,540,537.2,3.346640106136184,423,0,538.2797648755584
8383,0,540,537.2,3.3466401061364905,423,1,538.2797648755584
8384,1,543,538.4,4.21900462194595,423,1,539.1398111177693
8385,1,543,538.4,4.2190046219457065,423,0,539.1398111177693
8386,0,541,540.0,2.999999999999879,423,0,539.1398111177693
8387,0,541,540.0,3.0000000000002216,423,1,539.1398111177693
8388,2,544,540.6,3.5071355833499296,423,0,539.1398111177693
8389,2,544,540.6,3.5071355833502222,423,1,539.1398111177693
8390,3,522,538.0,9.08295106229243,423,0,537.1011693080711
8391,3,522,538.0,9.082951062292544,423,1,537.1011693080711
8392,4,537,537.4,9.01665126307995,423,1,538.2797648755584
8393,3,533,537.6,4.615192303685773,424,1,537.4236903503173
8394,0,537,536.4,3.507135583350099,424,1,538.1963808267925
8395,2,531,534.2,2.387467277262757,424,1,535.596854658727
8396,4,626,534.2,2.387467277262757,424,1,538.3422183178084
8397,0,550,537.4,7.436396977031318,424,1,540.0084021530572
8398,2,541,546.2,10.329569206893334,425,0,541.6581026703786
8399,2,721,547.2,11.670475568716046,425,1,544.329220239675
8400,4,540,541.6,4.39317652729767,425,0,539.5400394153459
8401,1,523,536.6,8.018728078691742,425,0,536.8248848718824
8402,2,540,545.0,11.81101181101764,425,1,541.5364487202503
8403,2,532,534.4,7.30068489937755,425,0,535.596854658727
8404,4,548,548.4,8.848728722251472,425,1,543.5259211699566
8405,4,548,536.8,9.576011695899266,425,0,539.6845663082667
8406,0,539,536.4,9.39680796866678,425,0,538.1963808267925
8407,1,544,537.2,9.934787365615804,425,0,538.2797648755584
8408,2,539,543.6,4.277849927241267,425,1,540.1846543988947
8409,2,515,535.6,12.973048986263766,425,0,536.2298803568142
8410,3,548,543.6,4.277849927241267,425,1,541.589455831603
8411,3,548,538.8,13.809417076763213,425,0,540.5446125504776
8412,4,543,537.8,13.141537200799585,425,0,538.5560493117471
8413,4,543,543.6,4.277849927241267,425,1,540.1846543988947
8414,2,549,531.0,11.423659658795858,426,1,536.0347909641507
8415,2,534,526.6,5.412947441089764,426,0,532.9330656878664
8416,4,542,533.6,12.300406497347955,426,1,536.5814594070625
8417,4,542,529.6,8.792041856133313,426,0,534.1206426513455
8418,2,540,537.0,10.908712114635703,426,1,538.2797648755584
8419,2,540,531.8,9.909591313470008,426,0,534.6463287197745
8420,4,541,535.4,9.154233993076668,426,0,537.2996593488394
8421,4,541,541.2,5.357238094391528,426,1,539.5400394153459
8422,0,550,544.4,4.722287581247008,426,1,541.9132916763936
8423,0,550,541.4,5.72712842531059,426,0,541.2686766928447
8424,1,527,540.0,8.276472678623461,426,0,537.6849311140934
8425,3,527,540.0,8.276472678623405,426,1,537.6849311140934
8426,3,547,541.0,8.86002257333471,426,0,540.6435840741026
8427,4,519,536.8,13.311649033835003,426,0,536.8248848718824
8428,4,519,535.4,12.300406497347945,426,1,535.8447793451635
8429,1,536,538.8,4.324349662088024,427,1,538.974277976794
8430,3,535,538.6,4.5055521304276205,427,1,538.5426526000855
8431,3,535,534.2,2.3874672772627408,427,0,536.4545761447191
8432,0,546,539.0,5.147815070493588,427,1,539.2485542416161
8433,0,546,537.4,4.827007354458906,427,0,538.3885079994052
8434,2,538,538.0,4.63680924774795,427,1,538.5560493117471
8435,2,538,538.0,4.636809247747893,427,0,538.5560493117471
8436,3,543,539.6,4.722287581247132,427,1,539.1398111177693
8437,3,543,539.6,4.722287581247076,427,0,539.1398111177693
8438,4,578,548.0,17.30606829987679,427,0,543.8982916984683
8439,4,578,548.0,17.306068299876806,427,1,543.8982916984683
8440,0,543,539.2,2.86356421265542,428,1,539.1398111177693
8441,1,539,539.2,2.86356421265542,428,1,539.1398111177693
8442,1,543,537.8,5.7183913821984325,428,0,538.5560493117471
8443,3,542,539.8,3.1144823004796294,428,1,539.1398111177693
8444,3,542,538.4,6.024948132556936,428,0,539.1398111177693
8445,4,536,540.0,2.738612787526084,428,0,538.974277976794
8446,3,536,539.0,3.535533905932862,428,1,538.974277976794
8447,3,541,540.4,2.7018512172215163,428,0,539.1398111177693
8448,4,540,540.4,2.7018512172215163,428,0,539.1398111177693
8449,4,540,540.0,2.738612787525992,428,1,539.1398111177693
8450,0,540,539.8,2.280350850198577,428,0,539.1398111177693
8451,0,540,539.4,2.1908902300208664,428,1,539.1398111177693
8452,1,541,539.6,2.073644135333093,428,0,539.1398111177693
8453,1,541,539.8,2.2803508501984746,428,1,539.1398111177693
8454,2,538,539.0,2.0000000000002185,428,1,539.1398111177693
8455,2,538,540.0,1.2247448713921227,428,0,539.1398111177693
8456,3,540,539.8,1.0954451150109303,428,0,539.1398111177693
8457,3,540,539.8,1.0954451150107325,428,1,539.1398111177693
8458,4,533,538.4,3.20936130717644,428,0,538.2837365925283
8459,4,533,538.4,3.2093613071763727,428,1,538.2837365925283
8460,4,533,539.0,5.244044240850788,429,0,538.2837365925283
8461,0,529,535.8,5.540758070878047,429,0,536.6124741770815
8462,0,538,537.8,3.962322551231893,429,1,538.5560493117471
8463,0,536,537.6,4.037325847637375,429,1,538.1142317345831
8464,0,536,535.8,5.540758070878047,429,0,537.9018210397821
8465,2,536,535.6,5.504543577809172,429,0,537.5192272195148
8466,2,536,536.0,1.870828693387208,429,1,537.9018210397821
8467,3,537,536.8,0.836660026534608,429,1,538.2797648755584
8468,3,537,534.2,3.2710854467592583,429,0,537.051734662403
8469,4,537,535.0,3.391164991562664,429,0,537.2996593488394
8470,4,537,536.8,0.836660026534608,429,1,538.2797648755584
8471,0,544,538.0,3.391164991562664,429,0,538.5560493117471
8472,0,544,538.0,3.391164991562763,429,1,538.5560493117471
8473,1,532,537.2,4.324349662087962,429,0,536.8248848718824
8474,1,532,537.2,4.32434966208804,429,1,536.8248848718824
8475,2,545,528.6,9.864076236526154,430,0,534.1206426513455
8476,2,545,529.2,9.984988733093273,430,1,534.1206426513455
8477,0,536,530.0,10.416333327999828,430,0,533.9551095103702
8478,0,536,532.0,9.40744386111336,430,1,534.4807955787992
8479,4,546,534.8,11.300442469213325,430,0,537.1604777862498
8480,4,546,535.8,10.63954886261629,430,1,538.1760973046042
8481,1,544,538.2,10.917875251164952,430,0,539.1398111177693
8482,1,544,538.2,10.917875251164924,430,1,539.1398111177693
8483,2,555,545.2,6.760177512462212,430,0,543.2650859977491
8484,3,547,545.6,6.804410334481583,430,0,542.7616473291354
8485,3,555,545.2,6.760177512462167,430,1,543.2650859977491
8486,4,536,545.6,6.804410334481583,430,0,541.4925695294033
8487,4,536,543.4,7.924645102463524,430,1,540.0191212579194
8488,0,533,537.4,5.128352561983264,431,1,537.4236903503173
8489,1,524,535.8,7.155417527999261,431,0,536.6124741770815
8490,1,521,533.0,7.842193570679078,431,1,533.7007955961955
8491,1,523,532.4,8.561541917201534,431,0,533.3584557176413
8492,2,523,531.4,9.071934744033392,431,1,532.6657626476696
8493,3,537,533.0,8.803408430829442,431,0,535.1556755998714
8494,3,523,528.0,8.18535277187246,431,1,532.6657626476696
8495,4,541,533.2,9.011104260854982,431,0,535.1556755998714
8496,0,528,530.6,8.018728078691716,431,0,532.6657626476696
8497,1,560,537.8,14.307340773183506,431,0,540.6144649990767
8498,1,541,528.2,8.555699854482972,431,1,534.1206426513455
8499,2,536,540.4,11.928956366757294,431,0,538.974277976794
8500,3,536,528.8,9.066421565314515,431,1,533.9551095103702
8501,4,537,540.4,11.928956366757294,431,0,539.1398111177693
8502,4,537,532.0,8.426149773176373,431,1,534.6463287197745
8503,0,540,548.0,19.039432764659765,432,1,541.2271741291719
8504,1,543,540.2,1.9235384061669911,432,0,539.1398111177693
8505,1,543,540.2,1.92353840616708,432,1,539.1398111177693
8506,2,538,540.2,1.9235384061669911,432,0,539.1398111177693
8507,2,538,540.2,1.92353840616708,432,1,539.1398111177693
8508,3,529,537.8,5.263078946776243,432,0,537.1011693080711
8509,3,529,537.8,5.263078946776276,432,1,537.1011693080711
8510,4,539,537.8,5.263078946776276,432,1,538.5560493117471
8511,4,539,537.8,5.263078946776243,432,0,538.5560493117471
8512,0,539,537.6,5.176871642217845,432,0,538.2797648755584
8513,0,539,537.6,5.176871642217878,432,1,538.2797648755584
8514,1,541,537.2,4.711687595755858,432,1,538.2797648755584
8515,1,541,537.2,4.711687595755822,432,0,538.2797648755584
8516,2,536,536.8,4.711687595755822,432,0,538.1142317345831
8517,2,536,536.8,4.711687595755858,432,1,538.1142317345831
8518,3,537,539.8,3.114482300479481,433,1,539.1398111177693
8519,4,543,540.0,3.3166247903553794,433,0,539.1398111177693
8520,0,543,540.0,3.316624790355389,433,1,539.1398111177693
8521,0,539,539.2,2.8635642126552474,433,0,539.1398111177693
8522,1,540,539.0,2.738612787525811,433,0,539.1398111177693
8523,1,540,539.4,2.880972058177575,433,1,539.1398111177693
8524,2,539,539.0,2.7386127875258164,433,1,539.1398111177693
8525,3,539,539.6,2.190890230020641,433,0,539.1398111177693
8526,3,540,539.8,2.167948338867862,433,1,539.1398111177693
8527,4,535,539.2,2.86356421265526,433,0,538.5426526000855
8528,4,535,539.4,2.880972058177575,433,1,538.5426526000855
8529,1,533,537.4,3.209361307176223,433,1,537.4236903503173
8530,1,533,537.2,3.033150177620629,433,0,537.4236903503173
8531,2,538,537.0,2.915475947422664,433,0,538.2797648755584
8532,2,538,537.0,2.915475947422626,433,1,538.2797648755584
8533,0,628,544.8,8.074651695274508,434,0,542.8557719681911
8534,0,542,547.0,3.674234614174723,434,0,541.6581026703786
8535,3,537,545.4,5.856620185738496,434,0,541.6581026703786
8536,3,628,552.4,8.820430828479969,434,1,549.3433485751832
8537,0,529,546.0,12.041594578792289,434,1,540.3526338533356
8538,0,529,541.8,9.2032602918748,434,0,538.3536143665175
8539,2,532,538.0,8.33666600026649,434,0,537.1011693080711
8540,3,552,538.4,9.071934744033348,434,0,540.8684483952682
8541,3,532,539.8,8.584870412533881,434,1,537.6849311140934
8542,4,551,540.2,10.709808588392194,434,0,540.8684483952682
8543,0,550,529.4,13.334166640626584,435,1,536.3586268089413
8544,1,552,532.6,18.27019430657488,435,0,536.5594480740262
8545,1,552,535.2,15.912259424732827,435,1,538.8733138119811
8546,2,517,535.8,14.939879517586416,435,1,536.6124741770815
8547,3,527,535.6,15.076471735787464,435,1,536.2298803568142
8548,3,517,533.0,17.80449381476488,435,0,533.3759307928515
8549,4,542,537.6,15.142654985173449,435,1,538.2797648755584
8550,1,537,535.0,13.509256086106236,435,1,537.2996593488394
8551,1,542,535.0,18.22086715828862,435,0,536.9747945454955
8552,2,535,539.2,14.131525041551631,435,0,538.5426526000855
8553,2,535,531.6,9.78774744259364,435,1,534.0491702020906
8554,3,536,536.4,12.778888840583951,435,0,538.0308476858172
8555,3,536,535.4,5.412947441089581,435,1,537.1341262078641
8556,4,536,537.2,2.774887385102019,435,1,538.1142317345831
8557,0,534,535.6,1.1401754250984355,435,1,536.9518850468006
8558,1,536,533.2,9.471008394041306,435,0,534.9901424588961
8559,2,536,535.4,0.8944271909990286,435,1,537.1341262078641
8560,2,534,536.6,3.130495168499813,435,0,537.5468895618689
8561,3,532,534.6,1.673320053068369,435,0,535.596854658727
8562,3,532,534.8,1.788854381999378,435,1,535.596854658727
8563,4,533,538.2,3.8987177379235214,436,1,538.2837365925283
8564,4,533,538.2,3.89871773792358,436,0,538.2837365925283
8565,1,534,537.6,4.335896677735756,436,0,537.5468895618689
8566,1,534,537.6,4.335896677735704,436,1,537.5468895618689
8567,3,543,538.0,4.795831523312671,436,1,538.5560493117471
8568,3,543,538.0,4.795831523312718,436,0,538.5560493117471
8569,4,535,537.6,4.979959839195494,436,0,537.6826063578745
8570,4,535,537.6,4.979959839195448,436,1,537.6826063578745
8571,0,537,536.4,3.974921382870308,436,1,538.1963808267925
8572,0,537,536.4,3.974921382870364,436,0,538.1963808267925
8573,1,539,537.6,3.5777087639996097,436,1,538.2797648755584
8574,1,539,537.6,3.577708763999672,436,0,538.2797648755584
8575,2,543,539.4,3.5777087639996097,436,1,539.1398111177693
8576,2,543,539.4,3.577708763999672,436,0,539.1398111177693
8577,3,537,538.2,3.033150177620555,436,1,539.1398111177693
8578,3,537,538.2,3.033150177620629,436,0,539.1398111177693
8579,4,540,539.2,2.489979919597745,436,0,539.1398111177693
8580,4,540,539.2,2.489979919597656,436,1,539.1398111177693
8581,4,537,538.2,2.167948338867915,437,0,539.1398111177693
8582,0,544,538.6,3.0495901363954085,437,0,539.1398111177693
8583,0,544,538.6,3.0495901363954845,437,1,539.1398111177693
8584,1,533,537.8,3.962322551231801,437,0,537.699974786506
8585,1,533,537.8,3.962322551231859,437,1,537.699974786506
8586,0,541,538.4,4.219004621945865,437,1,539.1398111177693
8587,0,541,538.4,4.2190046219458095,437,0,539.1398111177693
8588,1,541,539.2,4.266145801540318,437,0,539.1398111177693
8589,1,541,539.2,4.266145801540373,437,1,539.1398111177693
8590,2,537,539.2,4.266145801540373,437,1,539.1398111177693
8591,2,537,539.2,4.266145801540318,437,0,539.1398111177693
8592,3,544,539.2,4.266145801540373,437,1,539.1398111177693
8593,3,544,539.2,4.266145801540318,437,0,539.1398111177693
8594,4,533,539.2,4.266145801540318,437,0,538.2837365925283
8595,4,533,539.2,4.266145801540373,437,1,538.2837365925283
8596,1,534,537.8,4.658325879540853,437,0,537.8231739980575
8597,1,534,537.8,4.658325879540902,437,1,537.8231739980575
8598,3,543,538.2,5.06951674225467,437,1,539.1398111177693
8599,3,543,538.2,5.069516742254625,437,0,539.1398111177693
8600,4,535,537.8,5.263078946776297,437,0,537.9588907940632
8601,4,535,537.8,5.26307894677634,437,1,537.9588907940632
8602,0,537,536.4,3.974921382870392,437,1,538.1963808267925
8603,1,537,536.4,3.974921382870334,437,0,538.1963808267925
8604,1,539,537.6,3.577708763999703,437,1,538.2797648755584
8605,4,535,536.8,3.633180424916963,437,0,537.6826063578745
8606,4,535,537.8,3.3466401061363347,437,1,537.9588907940632
8607,1,558,551.8,7.293833011524185,438,0,548.9695433705394
8608,1,558,554.6,9.262828941527497,438,1,551.9965575709411
8609,2,559,553.6,7.829431652425351,438,0,551.9965575709411
8610,3,559,557.0,4.527692569068694,438,0,553.2744469027278
8611,3,559,553.2,7.463243262818073,438,1,551.9965575709411
8612,4,560,559.2,0.8366600265339923,438,0,553.6482521073716
8613,4,560,553.6,7.829431652425313,438,1,552.3703627755849
8614,1,540,539.8,2.2803508501984058,439,0,539.1398111177693
8615,1,540,539.8,2.2803508501984684,439,1,539.1398111177693
8616,2,542,540.2,2.48997991959786,439,0,539.1398111177693
8617,2,542,540.2,2.489979919597917,439,1,539.1398111177693
8618,3,536,539.2,3.0331501776207697,439,1,538.974277976794
8619,3,536,539.2,3.0331501776207226,439,0,538.974277976794
8620,4,537,539.4,2.792848008753888,439,0,539.1398111177693
8621,4,537,539.4,2.792848008753939,439,1,539.1398111177693
8622,1,541,539.2,2.588435821109111,439,1,539.1398111177693
8623,1,541,539.2,2.5884358211090563,439,0,539.1398111177693
8624,3,544,540.0,3.391164991562753,439,1,539.1398111177693
8625,3,544,540.0,3.391164991562712,439,0,539.1398111177693
8626,4,541,539.8,3.2710854467593515,439,1,539.1398111177693
8627,4,541,539.8,3.271085446759308,439,0,539.1398111177693
8628,0,540,540.6,2.509980079602403,439,1,539.1398111177693
8629,0,540,540.6,2.5099800796023466,439,0,539.1398111177693
8630,1,540,541.2,1.6431676725156787,439,0,539.5400394153459
8631,1,540,541.2,1.6431676725157651,439,1,539.5400394153459
8632,2,539,540.8,1.923538406167281,439,0,539.5400394153459
8633,2,539,540.8,1.923538406167355,439,1,539.5400394153459
8634,3,541,540.2,0.8366600265343788,439,0,539.1398111177693
8635,3,541,540.2,0.8366600265345486,439,1,539.1398111177693
8636,4,533,538.6,3.2093613071763296,439,0,538.2837365925283
8637,4,533,538.6,3.2093613071763736,439,1,538.2837365925283
8638,0,538,550.0,19.557607215607952,440,0,543.4967959928437
8639,0,538,550.0,19.557607215607938,440,1,543.4967959928437
8640,1,561,545.4,9.86407623652617,440,0,544.329220239675
8641,1,561,545.4,9.864076236526149,440,1,544.329220239675
8642,1,542,544.8,9.984988733093305,440,0,540.1846543988947
8643,1,542,544.8,9.984988733093282,440,1,540.1846543988947
8644,2,570,551.6,13.464768843169953,440,0,548.60146568596
8645,2,570,551.6,13.464768843169932,440,1,548.60146568596
8646,3,562,554.6,13.849187701811257,440,0,552.3703627755849
8647,3,562,554.6,13.84918770181124,440,1,552.3703627755849
8648,2,538,536.4,2.701851217221253,441,0,538.1963808267925
8649,3,532,535.6,3.3615472627943217,441,0,536.2298803568142
8650,3,532,535.6,3.361547262794271,441,1,536.2298803568142
8651,4,533,534.2,2.3874672772626737,441,0,536.1956601371619
8652,4,533,534.2,2.3874672772626027,441,1,536.1956601371619
8653,1,550,543.2,7.190271204898988,442,1,541.9132916763936
8654,3,541,541.6,6.426507605223822,442,1,539.5400394153459
8655,3,541,547.2,14.272350892547433,442,0,541.6581026703786
8656,0,546,547.8,14.11382301150186,442,0,541.8784461244801
8657,1,546,542.4,6.730527468185509,442,1,539.8951073418574
8658,1,548,551.0,11.135528725660029,442,0,545.7237822105184
8659,2,563,549.6,8.203657720797446,442,0,547.1584567747311
8660,3,560,551.6,9.449867723941932,442,0,548.60146568596
8661,3,563,546.4,11.458621208504963,442,1,544.329220239675
8662,4,540,551.4,9.736529155710434,442,0,544.3189807778101
8663,4,540,548.0,9.30053761886913,442,1,541.7697030006333
8664,0,557,557.4,5.029910535983737,443,0,553.1079251235466
8665,3,630,557.6,4.878524367060212,443,0,553.6482521073716
8666,3,630,561.8,5.167204273105488,443,1,555.3471123081414
8667,4,560,561.8,5.167204273105488,443,1,555.3471123081414
8668,2,536,537.0,4.847679857416319,444,1,538.1142317345831
8669,0,542,539.6,2.3021728866442146,444,0,539.1398111177693
8670,0,542,539.6,2.302172886644242,444,1,539.1398111177693
8671,1,539,539.6,2.302172886644242,444,1,539.1398111177693
8672,1,539,539.6,2.3021728866442146,444,0,539.1398111177693
8673,3,543,540.2,2.774887385102271,444,0,539.1398111177693
8674,3,543,540.2,2.7748873851022937,444,1,539.1398111177693
8675,4,537,539.4,3.0495901363953344,444,0,539.1398111177693
8676,4,537,539.4,3.0495901363953557,444,1,539.1398111177693
8677,3,542,540.6,2.5099800796021725,444,0,539.1398111177693
8678,3,542,540.6,2.509980079602198,444,1,539.1398111177693
8679,4,541,540.4,2.408318915758405,444,0,539.1398111177693
8680,4,541,540.4,2.408318915758432,444,1,539.1398111177693
8681,0,541,540.8,2.280350850198222,444,0,539.5400394153459
8682,0,541,540.8,2.28035085019825,444,1,539.5400394153459
8683,2,541,540.4,1.9493588689617227,444,0,539.1398111177693
8684,3,540,541.0,0.7071067811863717,444,0,539.5400394153459
8685,3,541,540.4,1.949358868961756,444,1,539.1398111177693
8686,4,533,539.2,3.492849839314573,444,0,538.2837365925283
8687,4,533,539.6,3.714835124201332,444,1,538.2837365925283
8688,1,540,536.6,4.505552130427566,445,0,538.2797648755584
8689,2,535,536.4,4.560701700396592,445,0,537.5992223091087
8690,2,535,535.8,4.324349662087915,445,1,537.4701956630736
8691,3,536,535.8,4.324349662087915,445,1,537.9018210397821
8692,3,536,537.8,2.1679483388679706,445,0,538.3905161707718
8693,4,537,537.4,2.073644135332862,445,0,538.2797648755584
8694,4,537,537.4,2.0736441353327613,445,1,538.2797648755584
8695,3,542,538.0,2.9154759474226406,445,1,538.5560493117471
8696,3,542,538.0,2.9154759474227125,445,0,538.5560493117471
8697,4,540,538.0,2.9154759474227125,445,0,538.5560493117471
8698,4,540,538.0,2.9154759474226406,445,1,538.5560493117471
8699,0,540,539.0,2.449489742783252,445,0,539.1398111177693
8700,0,540,539.0,2.4494897427831663,445,1,539.1398111177693
8701,1,541,540.0,1.870828693386956,445,1,539.1398111177693
8702,1,541,540.0,1.8708286933870677,445,0,539.1398111177693
8703,2,539,540.4,1.1401754250991087,445,1,539.1398111177693
8704,2,539,540.4,1.1401754250992926,445,0,539.1398111177693
8705,3,540,540.0,0.7071067811867887,445,0,539.1398111177693
8706,3,540,540.0,0.7071067811864923,445,1,539.1398111177693
8707,4,533,538.6,3.2093613071762364,445,1,538.2837365925283
8708,0,560,559.8,2.683281572999781,446,1,554.4962414543294
8709,3,569,561.6,4.929503017546508,446,1,555.3471123081414
8710,0,737,566.2,13.255187663703603,446,0,559.9084564065986
8711,4,630,565.8,13.179529581893288,446,0,557.578913543313
8712,4,629,562.0,4.527692569068718,446,1,555.3471123081414
8713,1,535,553.6,14.774978849392635,447,1,547.3229188194873
8714,3,625,545.4,14.064138793399325,447,1,544.329220239675
8715,4,568,547.4,16.757088052522725,447,1,543.8982916984683
8716,3,590,543.8,14.635573101180553,447,1,542.8557719681911
8717,3,539,544.4,6.426507605223802,448,0,540.1846543988947
8718,2,556,548.0,6.964194138592093,448,1,543.737236955455
8719,2,556,548.0,6.964194138592017,448,0,543.737236955455
8720,0,551,547.4,6.426507605223807,448,0,543.4983402781321
8721,0,551,547.4,6.42650760522389,448,1,543.4983402781321
8722,1,566,551.4,10.358571330062826,448,0,547.9170442042424
8723,1,566,551.4,10.358571330062878,448,1,547.9170442042424
8724,2,576,557.6,14.152738250953435,448,1,553.6482521073716
8725,2,576,557.6,14.152738250953398,448,0,553.6482521073716
8726,3,545,558.8,12.316655390161696,448,0,548.8248726183552
8727,4,556,558.8,12.316655390161696,448,0,552.944668492897
8728,0,652,565.6,18.229097618916864,449,1,557.0363846718516
8729,0,652,564.8,18.074844397670493,449,0,557.0363846718516
8730,1,560,560.8,15.959323293924468,449,0,554.5030564306643
8731,2,571,558.2,11.734564329364751,449,0,553.6482521073716
8732,2,560,561.6,16.379865689315057,449,1,554.5030564306643
8733,3,562,560.0,11.423659658795843,449,0,554.864355694671
8734,4,557,563.2,5.449770637375454,449,0,556.3293777394016
8735,4,562,557.2,10.89495295997191,449,1,553.6482521073716
8736,0,540,537.8,4.086563348340552,450,0,538.5560493117471
8737,0,540,537.8,4.086563348340619,450,1,538.5560493117471
8738,1,540,538.4,4.1593268686171285,450,0,539.1398111177693
8739,1,540,538.4,4.159326868617195,450,1,539.1398111177693
8740,2,537,538.4,4.1593268686171285,450,0,539.1398111177693
8741,2,537,538.4,4.159326868617195,450,1,539.1398111177693
8742,3,543,538.4,4.159326868617195,450,1,539.1398111177693
8743,3,543,538.4,4.1593268686171285,450,0,539.1398111177693
8744,4,532,538.4,4.159326868617195,450,1,537.6849311140934
8745,4,532,538.4,4.1593268686171285,450,0,537.6849311140934
8746,1,534,537.2,4.438468204234537,450,1,537.5468895618689
8747,1,534,537.2,4.438468204234474,450,0,537.5468895618689
8748,3,542,537.6,4.82700735445891,450,0,538.2797648755584
8749,3,542,537.6,4.827007354458968,450,1,538.2797648755584
8750,0,534,537.0,5.0990195135928245,450,0,537.5468895618689
8751,0,534,537.0,5.099019513592879,450,1,537.5468895618689
8752,1,539,536.2,4.147288270665588,450,0,538.0673541807574
8753,1,539,536.2,4.147288270665655,450,1,538.0673541807574
8754,2,534,536.6,3.7148351242013855,450,0,537.5468895618689
8755,2,534,536.6,3.71483512420146,450,1,537.5468895618689
8756,3,537,537.2,3.4205262752974592,450,0,538.2797648755584
8757,3,537,537.2,3.42052627529754,450,1,538.2797648755584
8758,4,540,536.8,2.7748873851023976,450,0,538.2797648755584
8759,4,540,536.8,2.7748873851024976,450,1,538.2797648755584
8760,2,447,471.4,53.58451268790265,451,0,475.6845728765245
8761,3,443,471.0,53.83771911959124,451,0,475.6845728765245
