day_of_week,previous_day_arrival,rolling_mean,rolling_std,person_id,device_id
3,528,537.8,13.718600511714007,0,0
3,528,545.8,12.517987058628808,0,1
4,528,531.4,6.148170459575716,0,0
0,613,528.4,3.2863353450309023,0,0
1,530,527.6,1.6733200530679486,0,0
2,528,528.0,1.4142135623728513,0,0
2,613,542.4,14.87615541731123,0,1
0,533,538.0,13.397761006974193,0,1
0,533,529.0,2.64575131106446,0,0
1,527,528.8,2.774887385102193,0,0
2,525,528.6,3.049590136395275,0,0
4,525,527.6,3.2863353450309023,0,0
4,527,531.4,5.856620185738368,0,1
5,527,527.4,3.2863353450309023,0,0
1,527,528.6,2.509980079601841,0,1
1,537,528.2,5.019960159204375,0,0
2,530,528.8,5.019960159204375,0,0
3,530,529.0,2.549509756796012,0,1
3,531,530.0,4.58257569495576,0,0
4,527,528.8,2.6832815729993813,0,1
4,527,530.4,4.098780306383747,0,0
5,534,529.0,3.08220700148416,0,1
5,534,531.8,3.8340579025360713,0,0
0,528,530.0,2.7386127875256894,0,0
1,527,529.4,3.0495901363952513,0,0
1,528,529.2,2.9495762407501847,0,1
2,527,528.6,3.0495901363952513,0,0
3,530,529.2,2.949576240750387,0,0
4,527,527.8,1.3038404810402393,0,0
4,527,529.2,2.9495762407501847,0,1
3,524,530.8,7.596051605933197,1,0
4,531,526.6,6.580273550544951,1,1
4,531,530.0,7.245688373094736,1,0
0,512,522.0,7.245688373094824,1,1
1,516,520.2,7.4296702484027906,1,1
2,512,526.8,10.940749517286283,1,0
2,523,521.2,7.395944834840341,1,1
0,532,522.8,8.871302046486846,1,1
1,518,520.2,7.694153624668642,1,1
2,519,521.6,6.348228099241671,1,1
3,520,522.4,5.683308895353257,1,1
4,532,524.8,7.981227975693961,1,0
5,521,524.0,8.15475321515004,1,0
5,525,522.8,5.805170109480125,1,1
2,529,522.2,4.658325879540981,1,1
3,524,523.4,4.037325847637418,1,1
4,529,525.0,8.455767262643876,1,0
4,524,524.4,3.2093613071764335,1,1
5,519,522.6,8.018728078691778,1,0
5,519,524.2,3.5637059362412793,1,1
0,535,526.2,6.058052492344484,1,1
1,535,527.2,6.942621983083895,1,0
2,528,526.0,5.958187643906598,1,1
3,528,526.8,5.890670590009364,1,1
4,519,524.6,7.127411872482175,1,0
4,523,526.6,6.024948132556938,1,1
2,483,486.4,18.256505689753453,2,1
3,515,493.8,21.253235047869776,2,1
5,512,493.4,20.79182531669599,2,1
0,520,504.4,16.00937225502614,2,1
2,988,509.8,15.319921670818058,2,1
3,515,516.2,3.2710854467593276,2,1
4,520,517.2,3.5637059362411785,2,1
5,516,518.0,2.34520787991183,2,1
0,515,517.0,2.34520787991183,2,1
3,512,515.6,2.8809720581776848,2,1
5,518,506.4,32.78414250823088,3,1
0,526,507.6,33.50820794969498,3,0
0,526,507.6,33.508207949694814,3,1
1,521,522.2,3.633180424917149,3,0
2,521,522.2,3.633180424915678,3,1
2,447,506.4,33.336166546260245,3,0
3,447,491.8,40.99634130016971,3,0
3,447,506.4,33.33616654626008,3,1
4,447,477.6,41.938049549305475,3,0
4,447,491.8,40.996341300169576,3,1
5,447,461.8,33.09380606699691,3,0
6,447,477.6,41.93804954930535,3,1
6,444,446.4,1.3416407865004607,3,0
0,574,471.8,57.146303467503486,3,0
0,574,487.2,58.14808681289515,3,1
1,447,472.4,56.79612662849457,3,1
1,447,471.8,57.146303467503486,3,0
2,447,471.8,57.146303467503486,3,0
4,542,490.8,62.3915058321243,3,0
4,447,472.4,56.79612662849457,3,1
5,544,510.8,59.604530029184865,3,0
5,544,491.8,62.255120271347884,3,1
1,662,510.8,59.60453002918478,3,1
1,662,504.4,52.40515241844069,3,0
2,550,525.0,43.72642221815091,3,0
0,542,539.0,2.5495097567960774,4,0
1,536,538.4,2.880972058177305,4,0
2,536,538.2,2.8635642126555614,4,1
2,542,539.0,3.3166247903551547,4,0
3,535,537.6,3.2093613071765046,4,1
3,535,538.0,3.6742346141745457,4,0
4,536,538.2,3.492849839314368,4,0
4,536,536.8,2.9495762407508113,4,1
5,541,538.0,3.2403703492041944,4,1
5,541,538.0,3.240370349203692,4,0
0,536,538.0,3.240370349203692,4,0
0,536,536.8,2.3874672772630205,4,1
1,560,541.6,10.549881515922422,4,1
3,542,543.0,9.899494936611744,4,1
3,560,541.6,10.549881515922268,4,0
4,540,543.8,9.33809402394308,4,1
4,540,542.6,9.989994994993657,4,0
5,540,543.6,9.423375191511878,4,1
5,540,543.4,9.476286192385615,4,0
0,536,542.4,10.039920318408818,4,0
0,536,543.6,9.423375191511878,4,1
1,540,543.2,9.549869109050569,4,0
1,540,539.6,2.190890230021043,4,1
2,538,538.8,1.7888543820002973,4,1
2,538,538.8,1.7888543819994234,4,0
3,540,538.8,1.7888543819994234,4,0
3,540,538.8,1.7888543820002973,4,1
4,533,537.4,2.966479394838011,4,0
4,533,537.4,2.966479394838538,4,1
3,515,538.2,20.873428084528918,5,0
4,543,536.2,13.553597308463878,5,1
4,520,529.0,14.815532390029087,5,0
5,519,535.6,14.380542409798013,5,1
1,519,523.4,11.148990985735031,5,0
2,513,517.4,3.2093613071763705,5,0
0,517,534.8,15.466091943344926,5,1
0,519,517.2,3.0331501776207483,5,0
1,516,517.4,2.8809720581777145,5,0
2,513,516.0,3.0000000000001195,5,0
3,514,515.0,2.549509756796533,5,0
5,518,516.0,2.549509756796533,5,0
5,516,528.4,15.257784898208474,5,1
0,519,522.8,11.366617790706186,5,1
0,519,516.0,2.549509756796533,5,0
1,526,518.0,5.14781507049357,5,0
3,511,517.6,5.683308895353196,5,0
4,519,518.6,5.319774431308224,5,0
5,519,518.8,5.310367218940771,5,0
5,459,508.6,65.25565109628434,6,0
5,576,532.6,64.06871311334415,6,1
0,579,532.2,65.07457260712509,6,0
0,579,555.6,52.9650828376582,6,1
5,556,526.6,60.54997935590065,6,0
5,556,551.2,51.53348426023604,6,1
0,577,574.4,10.737783756436619,6,1
4,588,526.8,60.75524668701458,6,0
4,588,572.0,9.300537618868816,6,1
0,527,527.2,1.3038404810403619,7,1
1,530,527.6,1.816590212458373,7,0
1,530,527.6,1.816590212458373,7,1
2,528,527.6,1.816590212458373,7,0
2,528,527.6,1.816590212458373,7,1
0,529,527.8,1.9235384061670244,7,1
0,529,527.8,1.9235384061670244,7,0
1,535,529.8,3.1144823004794375,7,1
1,535,529.8,3.1144823004794375,7,0
2,528,530.0,2.9154759474226037,7,1
2,528,530.0,2.9154759474226037,7,0
4,529,529.8,2.9495762407504773,7,1
4,529,529.8,2.9495762407504773,7,0
1,530,530.2,2.774887385102276,7,0
1,530,530.2,2.774887385102276,7,1
2,530,530.4,2.7018512172212086,7,1
2,530,530.4,2.7018512172212086,7,0
3,532,529.8,1.48323969741904,7,0
3,532,529.8,1.48323969741904,7,1
4,530,530.2,1.09544511501022,7,1
4,530,530.2,1.09544511501022,7,0
5,529,530.2,1.09544511501022,7,1
5,529,530.2,1.09544511501022,7,0
0,530,530.2,1.09544511501022,7,1
0,530,530.2,1.09544511501022,7,0
1,528,529.8,1.48323969741904,7,1
1,528,529.8,1.48323969741904,7,0
2,529,529.2,0.8366600265338947,7,0
3,529,529.2,0.8366600265338947,7,1
3,530,529.2,0.8366600265338947,7,0
4,528,529.0,0.9999999999998472,7,0
4,528,528.8,0.8366600265338947,7,1
3,515,538.0,20.542638584174167,8,0
4,520,529.0,14.815532390029096,8,0
5,519,523.4,11.148990985735042,8,0
1,517,518.2,2.167948338868133,8,0
1,955,525.6,13.202272531651492,8,1
2,513,516.8,2.863564212655457,8,0
1,519,517.6,2.792848008753982,8,0
2,513,516.2,3.033150177620809,8,0
3,514,515.2,2.683281572999972,8,0
4,518,515.4,2.8809720581778033,8,0
4,513,518.4,3.5071355833499784,8,1
5,522,517.2,3.701351104664511,8,0
2,519,517.2,3.701351104664511,8,0
3,517,518.0,2.9154759474228453,8,0
4,519,519.0,1.8708286933872746,8,0
5,519,519.2,1.7888543820001503,8,0
0,518,518.4,0.8944271910005737,8,0
1,520,518.6,1.1401754250996476,8,0
2,519,519.0,0.7071067811873615,8,0
3,522,518.4,3.5071355833499784,8,1
2,543,540.0,3.082207001484495,9,0
2,543,541.4,1.3416407864996873,9,1
3,538,540.6,1.949358868961668,9,1
3,538,539.2,2.9495762407505355,9,0
4,541,540.4,1.816590212458365,9,1
4,541,539.4,3.049590136395395,9,0
5,545,541.4,2.701851217221177,9,1
5,545,540.4,3.974921382870372,9,0
0,542,541.8,2.588435821108986,9,0
1,552,543.6,5.319774431308161,9,0
1,542,541.8,2.588435821108874,9,1
2,541,544.2,4.658325879540855,9,0
2,541,541.4,2.509980079602137,9,1
3,538,543.6,5.319774431308161,9,0
3,538,541.4,2.509980079602137,9,1
5,542,543.0,5.291502622129189,9,0
5,542,541.6,2.509980079602137,9,1
0,537,542.0,5.958187643906499,9,0
0,537,540.0,2.345207879911624,9,1
2,538,539.2,2.1679483388679035,9,0
2,538,539.2,2.1679483388677854,9,1
3,538,538.6,1.9493588689618266,9,0
3,538,538.6,1.9493588689616954,9,1
4,564,543.8,11.4542568506211,9,0
4,564,543.8,11.454256850621078,9,1
2,526,529.8,8.228000972289472,10,1
3,528,529.2,8.228000972289472,10,1
4,533,527.2,4.324349662087538,10,1
4,528,529.8,8.228000972289609,10,0
5,539,529.4,6.877499545619519,10,1
5,539,531.4,9.235799911214988,10,0
0,531,531.4,5.029910535983393,10,1
0,531,529.0,6.6708320320630685,10,0
2,721,528.6,7.300684899377507,10,0
3,536,530.6,7.765307463326788,10,0
3,721,530.0,7.348469228349315,10,1
5,556,535.6,13.520355024924331,10,1
5,556,536.2,13.442470011125128,10,0
0,569,542.2,20.06738647656934,10,0
3,538,543.6,19.320973060381764,10,0
3,569,542.8,19.87963782366261,10,1
4,543,543.6,19.768662069042435,10,1
5,543,548.4,13.903237033151585,10,0
5,539,545.2,18.793615937333538,10,1
1,557,552.6,12.300406497347872,10,0
1,557,552.8,12.008330441822325,10,1
2,578,557.0,16.896745248715735,10,0
2,578,557.2,16.619265928433673,10,1
3,538,535.4,48.67031949761562,11,0
4,538,526.2,40.91698913654312,11,0
4,538,554.6,18.942016788082594,11,1
5,546,552.0,19.07878402833899,11,1
5,546,524.6,39.69634743902754,11,0
0,452,505.6,48.13314866077221,11,0
1,545,523.8,40.313769359860025,11,0
0,538,523.8,40.313769359860025,11,0
1,455,507.2,49.12942092066623,11,0
2,453,488.6,48.366310589086744,11,0
3,452,525.6,41.6749325134427,11,1
3,453,488.8,48.1788335267678,11,0
4,540,487.8,46.751470565106345,11,0
4,540,522.8,39.71397738832015,11,1
5,546,489.4,48.98264998956267,11,0
0,546,524.4,40.630038149133014,11,1
1,541,506.6,48.98264998956259,11,0
2,540,524.0,39.76807765029619,11,0
2,558,528.4,43.206480995332214,11,1
3,452,523.8,40.21442527253108,11,0
4,452,509.6,52.97924121766944,11,1
4,452,506.2,49.529789016308094,11,0
0,459,511.0,51.13707070218242,11,1
0,459,488.8,47.28318940173137,11,0
1,539,510.8,50.997058738715545,11,1
1,539,488.4,46.73649537566977,11,0
2,538,488.0,46.189825719524016,11,0
2,538,509.2,49.72625061272973,11,1
3,458,489.2,45.08547437922775,11,0
3,458,489.2,45.08547437922777,11,1
4,539,506.6,43.912412823710724,11,0
0,534,531.6,2.5099800796018497,12,0
0,534,541.2,14.237275020171532,12,1
1,528,531.6,2.5099800796018497,12,0
1,528,535.0,10.90871211463574,12,1
2,533,530.8,2.7748873851024323,12,1
2,533,532.0,2.5495097567960205,12,0
0,535,532.2,2.7748873851019726,12,0
1,535,532.2,2.7748873851024323,12,1
1,530,532.0,2.915475947422315,12,0
2,531,532.2,2.7748873851024323,12,1
2,531,531.4,2.7018512172208973,12,0
3,532,532.2,1.9235384061666327,12,0
4,532,531.8,2.5884358211090808,12,1
4,531,531.8,1.9235384061666327,12,0
5,528,530.4,1.5165750888096532,12,0
0,529,530.2,1.643167672514898,12,0
0,528,531.8,2.5884358211090808,12,1
2,552,534.4,9.964938534682398,12,0
3,533,534.6,9.91463564635626,12,0
4,528,534.0,10.271319292086979,12,0
5,530,534.4,10.014988766843333,12,0
0,525,533.6,10.691117808723195,12,0
1,552,535.6,9.502631214563706,12,1
1,532,529.6,3.2093613071759877,12,0
2,533,529.6,3.2093613071759877,12,0
3,525,529.0,3.8078865529317376,12,0
4,529,528.8,3.768288736283136,12,0
0,543,538.2,2.774887385102271,13,0
1,532,537.2,3.9623225512319156,13,1
1,532,537.4,3.9115214431215444,13,0
2,540,537.8,4.147288270665668,13,1
2,540,538.0,4.062019202317937,13,0
0,542,539.0,4.358898943540634,13,0
0,542,538.6,4.5607017003966615,13,1
1,540,538.0,4.000000000000129,13,1
1,540,539.4,4.33589667773572,13,0
2,537,538.2,3.8987177379235405,13,0
2,537,538.2,3.89871773792372,13,1
3,543,540.4,2.302172886644176,13,0
3,543,540.4,2.30217288664448,13,1
4,533,539.0,4.062019202318101,13,1
4,533,539.0,4.062019202317929,13,0
5,534,537.4,4.159326868617031,13,0
5,534,537.4,4.1593268686172,13,1
1,587,536.0,4.242640687119396,13,1
1,587,536.0,4.242640687119231,13,0
3,542,537.0,5.049752469181132,13,1
3,542,537.0,5.049752469180993,13,0
4,535,535.4,3.781534080237746,13,0
4,535,535.4,3.781534080237931,13,1
5,537,536.2,3.563705936241028,13,0
5,537,536.2,3.5637059362412242,13,1
0,537,536.8,3.3466401061364386,13,1
0,537,536.8,3.3466401061362294,13,0
1,539,538.0,2.6457513110645086,13,0
1,539,538.0,2.6457513110647732,13,1
2,534,536.4,1.9493588689620363,13,1
2,534,536.4,1.9493588689616772,13,0
3,537,536.8,1.7888543820001006,13,1
4,537,536.8,1.7888543819997094,13,0
4,539,537.2,2.0493901531921477,13,1
2,756,532.6,48.117564360636635,14,1
3,468,519.6,56.10080213330292,14,1
5,559,524.6,58.756276260498396,14,1
1,595,501.6,51.78609852074205,14,1
2,467,504.0,49.305172142484224,14,1
1,450,498.8,44.11008954876412,15,1
2,456,484.2,43.700114416326194,15,0
0,456,484.0,43.433857760967804,15,1
0,459,469.4,34.63091104779078,15,0
1,543,486.0,46.3842645732363,15,1
1,543,487.8,45.229415207362585,15,0
2,531,486.2,46.62295571925899,15,1
2,531,487.8,45.229415207362585,15,0
3,532,504.2,42.90337982024267,15,0
3,532,502.4,45.390527646195,15,1
5,532,519.4,34.12184051307914,15,0
6,446,516.8,39.88358058148751,15,0
6,532,518.8,35.449964739051566,15,1
0,532,514.6,38.35101041693695,15,0
0,532,534.0,5.049752469181644,15,1
1,539,516.2,39.35987804859165,15,0
1,539,533.2,3.2710854467600843,15,1
2,445,498.8,48.74115304339855,15,0
4,536,499.6,49.4499747219349,15,0
4,445,516.0,39.80577847499025,15,1
5,531,516.6,40.15345564207406,15,0
5,531,515.8,39.707681876432886,15,1
0,447,499.6,49.018363905785364,15,0
1,448,481.4,47.6056719309789,15,0
2,454,483.2,46.02933847015394,15,0
2,447,498.8,48.30320900312923,15,1
3,530,482.0,44.35651023243367,15,0
3,530,498.4,47.966655084547895,15,1
4,445,479.6,46.47364844726496,15,1
4,445,464.8,36.60191251833687,15,0
5,534,482.2,45.59824558028514,15,0
5,534,497.4,46.949973375924124,15,1
5,455,473.8,47.12430370838394,16,0
5,455,473.0,47.576254581460994,16,1
6,529,467.2,34.629467220850884,16,1
6,529,468.0,34.17601498127025,16,0
0,566,490.4,53.78475620470924,16,0
1,566,490.4,53.784756204709126,16,1
1,454,491.4,52.8611388450912,16,0
2,459,492.6,51.82952826333662,16,0
0,459,492.4,52.017304812917764,16,1
0,457,493.0,51.47329404652484,16,0
1,461,479.4,48.47989273915537,16,0
2,457,457.6,2.607680962082717,16,0
3,460,458.8,1.7888543820022396,16,0
4,463,459.6,2.6076809620827066,16,0
4,461,494.0,50.60632371551996,16,1
5,459,460.0,2.2360679775017065,16,0
5,459,494.8,49.86180903256518,16,1
0,455,480.0,48.12483766206378,16,1
0,455,458.8,3.0331501776220358,16,0
1,552,477.2,41.871231173682865,16,1
1,552,477.8,41.57763822056285,16,0
4,544,494.6,48.911143924467844,16,0
5,543,510.6,49.0744332621377,16,0
0,544,494.2,49.24124287627191,16,1
0,548,528.4,41.18616272487651,16,0
1,548,511.6,49.94296747290861,16,1
1,548,547.0,3.605551275465061,16,0
3,557,548.0,5.5226805085943305,16,0
3,557,531.2,42.868403282604504,16,1
4,458,530.8,41.00853569685227,16,0
2,530,529.0,2.000000000000016,17,0
0,528,527.4,2.8809720581775786,17,1
0,533,530.2,2.2803508501982814,17,0
1,530,528.4,2.701851217221256,17,1
1,530,529.8,2.0493901531919323,17,0
2,529,530.0,1.8708286933869915,17,0
3,522,528.8,4.0865633483405075,17,0
3,529,529.2,1.923538406167137,17,1
5,526,528.0,4.183300132670373,17,0
5,526,529.0,2.236067977499785,17,1
0,528,528.2,1.4832396974191264,17,1
0,528,527.0,3.1622776601683737,17,0
1,550,531.0,10.95445115010332,17,0
2,529,531.0,10.95445115010332,17,0
2,550,532.6,9.838699100999067,17,1
3,529,532.4,9.914635646356349,17,0
4,529,532.4,9.914635646356341,17,1
5,529,533.0,9.513148795220223,17,0
0,528,533.0,9.513148795220223,17,0
1,532,529.4,1.5165750888103162,17,0
1,528,532.2,10.009995004993753,17,1
2,530,529.6,1.5165750888103162,17,0
3,528,529.4,1.6733200530681525,17,0
3,530,533.0,9.539392014169445,17,1
4,527,529.0,2.0000000000000018,17,0
4,527,532.8,9.679876032264035,17,1
5,566,576.4,7.635443667528419,18,0
5,566,574.6,7.334848328356972,18,1
1,953,571.4,11.216059914247948,18,0
5,572,568.6,7.924645102463553,18,0
0,567,566.8,6.760177512462201,18,0
2,578,567.8,8.136338242723179,18,0
5,569,568.4,8.080841540334752,18,0
5,556,568.6,7.924645102463658,18,1
0,571,567.6,7.021395872616874,18,1
1,583,573.8,6.61059755241536,18,0
2,579,575.2,6.870225614927062,18,0
3,579,577.6,5.176871642217893,18,0
4,569,575.8,6.418722614352461,18,0
4,572,567.4,6.841052550594926,18,1
5,542,541.4,2.302172886643954,19,1
0,539,540.2,1.3038404810399722,19,1
1,539,540.2,1.3038404810403565,19,0
1,562,544.8,9.679876032263985,19,1
2,539,544.6,9.813256340277619,19,1
2,539,540.2,1.3038404810403565,19,0
0,535,539.2,2.683281572999674,19,0
0,535,543.4,10.69111780872322,19,1
2,543,539.6,3.1304951684996425,19,0
2,543,543.6,10.667708282475614,19,1
0,537,543.2,10.917875251164892,19,1
0,537,538.6,2.9664793948382036,19,0
1,566,544.0,12.649110640673484,19,1
1,566,544.0,12.649110640673502,19,0
3,540,544.2,12.55786606076045,19,1
3,540,544.2,12.557866060760471,19,0
5,542,545.6,11.631852818876238,19,1
5,542,545.6,11.631852818876261,19,0
0,537,544.4,12.259690045021491,19,1
0,537,544.4,12.259690045021511,19,0
1,537,544.4,12.259690045021511,19,0
1,537,544.4,12.259690045021491,19,1
2,537,538.6,2.3021728866441404,19,0
2,537,538.6,2.3021728866440294,19,1
3,538,538.2,2.167948338867748,19,0
3,538,538.2,2.16794833886763,19,1
4,538,537.4,0.5477225575046965,19,0
4,538,537.4,0.5477225575042295,19,1
2,467,494.0,46.491934784433134,20,0
2,467,483.8,56.89200295296318,20,1
0,468,469.6,47.80481147332308,20,1
0,468,479.6,39.27212752067267,20,0
3,546,497.8,41.3182768275733,20,1
3,546,499.4,43.46032673600125,20,0
5,549,499.6,43.74128484624087,20,1
5,549,515.6,43.92379765002102,20,0
6,569,519.8,48.556153060142584,20,0
0,569,519.8,48.5561530601426,20,1
0,573,541.0,42.50294107470686,20,0
1,552,557.8,12.316655390162232,20,0
1,552,536.8,39.480374871573936,20,1
5,1016,538.6,50.60928768516707,20,0
5,1016,533.2,47.35715363068186,20,1
0,576,539.2,51.13413732527428,20,1
1,576,544.0,53.3619714778231,20,0
1,545,538.4,50.97352253866715,20,1
2,538,537.8,51.499514560818945,20,0
2,538,532.2,48.12691554629284,20,1
3,556,533.0,48.56953777832361,20,1
3,556,534.4,49.099898166900516,20,0
4,539,531.8,48.27214517711016,20,0
4,539,550.8,15.801898620103007,20,1
5,464,534.6,42.388677733564656,20,0
5,464,528.4,36.70558540603874,20,1
1,524,528.8,4.086563348340604,21,1
1,534,538.0,10.416333327999789,21,0
2,555,534.4,12.177848742696755,21,1
2,555,538.2,10.80277742064507,21,0
0,534,534.8,12.111977542911848,21,1
0,534,536.6,10.69111780872323,21,0
1,535,536.4,11.326958991715344,21,1
1,535,537.0,10.559356040971391,21,0
2,527,535.0,12.103718436910249,21,1
2,527,537.0,10.559356040971391,21,0
3,531,536.4,10.853570840972155,21,1
3,531,536.4,10.853570840972061,21,0
4,529,531.2,3.3466401061364426,21,1
4,529,531.2,3.3466401061361326,21,0
5,527,529.8,3.3466401061364426,21,1
0,527,529.8,3.3466401061361326,21,0
1,538,530.4,4.560701700396425,21,0
1,527,528.2,1.7888543820000788,21,1
3,535,529.8,3.3466401061364426,21,1
3,535,532.0,4.4721359549994535,21,0
4,527,529.0,3.464101615137888,21,1
5,527,531.2,5.019960159204347,21,0
5,509,525.0,9.591663046625488,21,1
0,514,522.4,10.620734437881444,21,1
1,514,528.2,9.311283477587777,21,0
1,526,522.2,10.521406750050145,21,1
2,529,521.0,8.916277250063557,21,1
2,529,528.6,9.289779329994824,21,0
3,526,520.8,8.757853618324585,21,1
4,526,526.2,7.661592523751127,21,0
4,526,524.2,5.848076606885479,21,1
0,535,533.8,2.6832815729999786,22,0
1,548,535.8,6.942621983083793,22,1
1,537,534.0,2.9154759474228573,22,0
2,584,544.4,22.300224214119496,22,0
1,546,547.6,20.81585933849481,22,0
1,584,545.8,22.4321198284959,22,1
2,531,546.6,21.61712284278372,22,0
3,531,545.8,22.2193609269034,22,0
4,529,544.2,23.274449510138833,22,0
5,532,533.8,6.90651865993297,22,0
0,532,531.0,1.2247448713924594,22,0
1,555,535.8,10.80277742064523,22,0
2,534,536.4,10.549881515922463,22,0
2,531,545.8,22.4321198284959,22,1
3,532,537.0,10.099504938362202,22,0
4,532,545.8,22.4321198284959,22,1
4,534,537.4,9.889388252061018,22,0
5,537,538.4,9.449867723942093,22,0
0,537,546.4,22.074872593063795,22,1
0,534,534.2,1.7888543820004998,22,0
2,535,534.4,1.8165902124591533,22,0
3,527,533.4,3.78153408023812,22,0
1,532,536.0,10.908712114635716,23,0
2,532,531.4,2.5099800796022333,23,0
0,535,531.4,2.5099800796022333,23,0
1,532,532.0,2.1213203435596544,23,0
2,534,533.0,1.4142135623731127,23,0
4,531,532.8,1.6431676725155058,23,0
5,532,532.8,1.6431676725155058,23,0
0,531,532.0,1.224744871391586,23,0
1,571,539.8,17.484278652549566,23,0
2,532,539.4,17.672011770027783,23,0
2,569,545.2,17.555625878902756,23,1
3,532,539.6,17.55847373777119,23,0
4,534,540.0,17.363755354185354,23,0
5,533,540.4,17.126003620226186,23,0
0,535,533.2,1.3038404810406072,23,0
1,530,532.8,1.923538406167172,23,0
2,532,532.8,1.923538406167172,23,0
2,532,545.0,17.7341478509682,23,1
3,530,532.0,2.1213203435596726,23,0
3,530,544.2,18.430952227163964,23,1
4,532,531.8,2.0493901531919514,23,0
2,531,529.2,2.1679483388681624,24,0
0,526,529.0,2.4494897427834217,24,0
2,530,528.6,1.9493588689620964,24,0
2,526,539.4,25.035974117257783,24,1
3,522,527.4,3.577708763999823,24,0
3,522,527.0,3.6055512754641783,24,1
4,526,527.0,3.6055512754641468,24,0
5,523,525.4,3.1304951684998845,24,0
5,526,526.8,3.633180424917176,24,1
0,529,526.0,3.5355339059328954,24,0
1,550,530.0,11.510864433221386,24,0
1,529,526.2,2.6832815729999786,24,1
2,529,531.4,10.691117808723329,24,0
2,529,526.4,2.8809720581778095,24,1
3,529,532.0,10.39230484541332,24,0
4,529,533.2,9.39148550549918,24,0
4,529,527.0,3.0822070014846967,24,1
5,529,533.2,9.39148550549918,24,0
5,529,528.4,1.3416407865003548,24,1
0,528,528.8,0.44721359550154993,24,0
0,528,528.8,0.44721359550140694,24,1
1,532,529.4,1.5165750888107847,24,0
1,532,529.4,1.5165750888107425,24,1
2,531,529.8,1.6431676725159425,24,0
2,531,529.8,1.6431676725159035,24,1
3,529,529.8,1.6431676725159425,24,0
3,529,529.8,1.6431676725159035,24,1
4,527,529.4,2.0736441353331228,24,0
2,452,497.4,43.2354021607293,25,1
0,520,507.6,33.358657047309364,25,0
0,520,511.6,34.04849482723129,25,1
1,519,521.6,6.46529195009804,25,0
2,519,508.8,32.38363784382471,25,1
2,520,519.0,1.2247448713926508,25,0
3,498,515.2,9.628083921528875,25,0
3,498,501.6,29.228410836034108,25,1
4,521,502.0,29.538110975483796,25,1
5,522,516.0,10.124228365658109,25,1
5,521,515.6,9.8640762365263,25,0
0,517,515.0,9.617692030835823,25,0
0,517,515.4,9.914635646356162,25,1
2,530,517.2,11.777096416349945,25,0
2,530,517.6,11.92895636675716,25,1
3,459,505.0,28.240042492885927,25,0
3,459,509.8,28.787149911027946,25,1
4,522,510.0,28.887713651308513,25,1
4,522,509.8,28.787149911028056,25,0
5,521,509.8,28.787149911027946,25,1
5,521,509.8,28.787149911028056,25,0
0,517,509.8,28.787149911027946,25,1
0,517,509.8,28.787149911028056,25,0
1,515,506.8,26.873779042032826,25,0
1,515,506.8,26.873779042032705,25,1
2,519,518.8,2.863564212655708,25,0
3,519,518.8,2.8635642126545764,25,1
4,449,504.2,30.938648968563612,25,0
4,511,516.6,3.8470768123337513,25,1
1,532,531.6,2.880972058177966,26,0
2,532,531.6,3.9115214431215244,26,1
2,534,532.8,2.1679483388683822,26,0
3,530,531.6,1.5165750888110165,26,0
4,530,531.4,1.6733200530687873,26,0
5,530,531.2,1.7888543820004323,26,0
5,530,530.0,1.5811388300840437,26,1
0,533,531.4,1.9493588689623498,26,0
1,537,532.0,3.0822070014848375,26,0
2,531,532.2,2.949576240750893,26,0
3,531,532.4,2.792848008754169,26,0
4,533,530.8,1.9235384061670227,26,1
4,538,534.0,3.3166247903557236,26,0
5,537,532.6,2.701851217221181,26,1
5,537,534.8,3.492849839314908,26,0
0,537,534.8,3.492849839314908,26,0
1,535,535.6,2.7928480087541883,26,0
2,537,536.8,1.095445115011339,26,0
3,534,536.0,1.4142135623738687,26,0
4,531,534.8,2.489979919598175,26,0
2,469,462.0,7.810249675906727,27,1
3,473,466.4,6.066300355241338,27,1
4,472,469.0,4.7434164902527,27,1
5,455,466.0,7.745966692414914,27,1
5,556,559.0,13.435028842544426,28,0
1,802,563.0,15.50806241927082,28,1
5,548,526.2,59.46595664748025,29,1
5,571,519.4,60.29344906372499,29,0
0,560,544.2,51.2562191348523,29,1
0,560,539.2,52.00673033367894,29,0
1,541,542.8,51.2220655577262,29,0
4,1156,561.2,17.9916647367607,29,1
4,527,557.0,23.462736413300163,29,0
5,445,528.8,49.821682027005075,29,0
6,464,507.4,50.14279609275892,29,0
6,445,533.0,50.5123747214482,29,1
1,531,501.6,43.81552236365554,29,0
1,531,525.0,45.95106092355212,29,1
2,476,488.6,38.52661417773432,29,0
2,476,510.6,48.16949241999545,29,1
3,468,492.2,41.72169699329114,29,1
3,468,476.8,32.368194265358696,29,0
4,482,484.2,27.077666073722074,29,0
5,480,487.4,24.955961211702494,29,0
0,478,476.8,5.403702434442434,29,0
1,482,480.4,31.580056998048608,29,1
1,487,479.0,6.999999999999934,29,0
2,475,480.4,4.505552130427418,29,0
3,482,480.4,4.505552130427418,29,0
1,467,486.6,52.213982801544745,30,0
2,454,485.6,52.91786087891318,30,0
2,454,485.6,52.917860878913174,30,1
2,476,490.0,50.49257371138859,30,0
3,475,490.2,50.41527546289924,30,0
4,465,467.4,8.905054744357809,30,0
5,476,469.2,9.679876032264543,30,0
5,476,490.0,50.49257371138858,30,1
1,596,471.6,5.5946402922806096,30,0
2,452,466.8,9.679876032264552,30,0
3,596,488.4,51.24743896040083,30,1
3,465,464.8,8.526429498917455,30,0
4,468,465.4,8.648699324176427,30,0
4,468,466.2,7.8866976612526605,30,1
5,480,468.8,10.059821071967837,30,1
5,480,466.2,9.959919678391476,30,0
0,482,469.4,12.198360545581929,30,0
0,482,474.4,7.127411872482757,30,1
1,478,474.6,7.60263112349994,30,0
2,489,479.4,7.60263112349994,30,0
2,478,474.8,7.293833011524745,30,1
3,471,475.8,6.0166435825972036,30,1
3,471,480.0,6.519202405203418,30,0
5,557,495.4,35.04711115056433,30,0
5,557,493.6,35.683329441071045,30,1
1,452,476.6,50.057966398965945,31,1
1,454,479.6,48.44378185071851,31,0
2,458,480.0,48.207883172775844,31,0
3,458,478.0,49.25444142409904,31,1
3,458,458.4,3.577708764001065,31,0
4,450,476.8,49.99199935989762,31,1
4,450,455.6,3.577708764001151,31,0
5,454,454.8,3.3466401061379174,31,0
6,454,454.4,3.577708764000235,31,1
6,459,455.8,3.7682887362847626,31,0
0,549,472.6,42.81121348431978,31,1
0,549,474.0,42.07730979993856,31,0
1,566,495.6,56.91484867765178,31,0
2,458,497.2,55.40487343185617,31,0
2,566,495.4,57.0771407833294,31,1
3,453,494.4,57.93358266152719,31,1
3,453,497.0,55.601258978551925,31,0
4,454,495.2,57.190034096859954,31,1
4,454,496.0,56.493362441971904,31,0
5,459,478.0,49.25951684700132,31,0
0,459,496.2,56.326725450713035,31,1
0,459,456.6,2.8809720581796956,31,0
1,453,477.0,49.81465647778778,31,1
2,458,455.4,2.880972058178221,31,1
2,453,455.6,3.1304951685016804,31,0
3,455,456.0,2.8284271247483623,31,0
4,453,455.8,3.0331501776226477,31,0
4,455,455.8,2.588435821109667,31,1
5,458,455.6,2.7928480087559957,31,0
5,458,456.6,2.509980079602956,31,1
2,549,479.8,38.77757083676077,32,1
2,549,481.2,38.09461904258922,32,0
0,471,481.6,37.94469659912966,32,0
1,456,480.8,38.551264570698606,32,0
1,471,481.6,37.94469659912963,32,1
2,455,480.6,38.71433842906268,32,1
2,455,478.4,39.97249054037041,32,0
3,465,479.2,39.57524478761947,32,0
4,459,461.2,6.723094525588745,32,0
4,465,480.2,38.899871465083265,32,1
5,462,480.4,38.7788602204861,32,1
5,462,459.4,4.159326868617245,32,0
6,462,463.0,5.787918451395035,32,1
6,462,460.6,3.781534080237986,32,0
0,580,485.6,52.81382394790213,32,0
1,580,484.8,53.3451028680234,32,1
1,579,508.4,64.91764012962888,32,0
2,463,486.4,52.3383224798044,32,1
2,463,509.2,64.17709871909138,32,0
3,465,486.4,52.3383224798044,32,1
3,465,509.8,63.637253240535145,32,0
4,461,486.2,52.45664876829245,32,1
4,461,509.6,63.82632685655662,32,0
5,465,486.6,51.67978328127936,32,0
0,465,463.8,1.788854382000593,32,0
1,456,462.4,3.974921382870695,32,0
1,465,486.8,52.12676855512913,32,1
2,465,462.4,3.974921382870695,32,0
3,465,463.8,1.7888543819995764,32,1
4,472,464.6,5.683308895353361,32,0
4,467,464.6,2.1908902300204516,32,1
5,463,464.2,5.718391382198549,32,0
5,463,464.2,2.280350850198071,32,1
0,557,565.0,13.435028842544352,33,0
0,595,561.0,18.4526420872459,33,0
0,581,506.6,55.73419058351886,33,1
0,572,559.8,17.22498185775529,33,0
1,572,528.0,56.30719314616918,33,1
2,554,546.2,43.23424568556738,33,1
2,554,560.2,17.020575783445135,33,0
3,558,563.4,12.56184699795379,33,1
3,558,555.6,12.501999840025567,33,0
4,535,560.0,17.677669529663707,33,1
0,568,475.4,51.771613843881575,34,0
1,449,475.0,52.014421077235795,34,1
1,449,475.0,52.01442107723579,34,0
0,453,475.2,51.90568369648926,34,1
0,453,475.2,51.905683696489255,34,0
1,453,475.2,51.90568369648926,34,1
1,453,475.2,51.905683696489255,34,0
2,453,475.2,51.90568369648926,34,1
3,453,452.2,1.7888543819972904,34,1
3,453,475.2,51.905683696489255,34,0
4,454,452.4,1.9493588689593462,34,0
4,454,453.2,0.44721359548980855,34,1
5,454,453.4,0.5477225574968837,34,1
5,454,453.4,0.5477225574964848,34,0
6,453,453.4,0.5477225574968837,34,1
6,453,453.4,0.5477225574964848,34,0
0,564,475.6,49.41963172667305,34,0
0,564,475.6,49.41963172667306,34,1
1,578,500.6,64.45773809248963,34,1
1,578,500.6,64.45773809248963,34,0
2,452,500.2,64.82437813045327,34,0
2,452,500.2,64.82437813045327,34,1
3,451,499.6,65.37048263551362,34,0
3,451,499.6,65.37048263551362,34,1
4,452,499.4,65.54998093058448,34,1
4,452,499.4,65.54998093058448,34,0
5,454,477.4,56.24766661826949,34,0
5,454,477.4,56.24766661826949,34,1
0,452,452.2,1.0954451150045201,34,0
0,452,452.2,1.0954451150045201,34,1
1,450,451.8,1.4832396974148425,34,1
1,450,451.8,1.4832396974148425,34,0
2,452,452.0,1.4142135623685945,34,0
2,452,452.0,1.4142135623685945,34,1
3,449,451.4,1.9493588689585233,34,1
3,449,451.4,1.9493588689585233,34,0
4,454,451.4,1.9493588689585233,34,1
4,454,451.4,1.9493588689585233,34,0
5,452,451.4,1.9493588689585233,34,1
0,576,488.0,49.45705207551297,35,0
0,576,488.0,49.45705207551294,35,1
1,469,488.6,49.14061456677154,35,1
1,469,488.6,49.14061456677157,35,0
0,465,486.8,49.96698910280666,35,1
1,465,487.0,49.85478913805572,35,1
1,465,486.8,49.966989102806686,35,0
2,469,488.8,48.78729342769487,35,1
2,469,487.8,49.443907612566406,35,0
3,468,489.4,48.43862095477122,35,0
3,468,467.2,2.0493901531918093,35,1
4,542,481.8,33.700148367625914,35,1
4,542,482.6,33.246052397239595,35,0
5,472,483.2,32.96513309543889,35,0
5,472,483.2,32.96513309543887,35,1
6,465,483.2,32.96513309543887,35,1
6,465,483.2,32.96513309543889,35,0
0,580,505.4,52.56234393555904,35,1
0,580,505.4,52.56234393555905,35,0
1,543,520.4,49.85278327235101,35,1
1,543,520.4,49.85278327235102,35,0
2,467,505.4,52.91786087891309,35,1
2,467,505.4,52.917860878913096,35,0
3,467,504.4,53.74755808406556,35,0
3,467,504.4,53.74755808406555,35,1
4,467,504.8,53.38726439891822,35,1
4,467,504.8,53.38726439891823,35,0
5,462,481.2,34.61502563916429,35,1
5,462,481.2,34.615025639164294,35,0
0,463,465.2,2.489979919598019,35,0
0,463,465.2,2.489979919597836,35,1
1,464,464.6,2.3021728866443643,35,1
1,464,464.6,2.302172886644562,35,0
2,465,464.2,1.9235384061674916,35,0
2,465,464.2,1.9235384061672554,35,1
3,473,465.4,4.393176527297817,35,1
3,473,465.4,4.39317652729792,35,0
4,461,465.2,4.604345773288592,35,1
4,461,465.2,4.60434577328869,35,0
5,475,467.6,6.066300355241279,35,1
3,484,491.6,19.359752064528077,36,1
4,484,491.2,19.524343778985227,36,1
4,484,493.8,30.384206423732603,36,0
5,458,489.8,34.07638478477422,36,0
5,458,486.4,24.633310780323438,36,1
4,458,471.8,12.735776379945765,36,0
5,458,472.8,13.608820668963148,36,1
5,481,472.2,13.04607220583976,36,0
6,477,472.2,13.274034804836042,36,1
0,545,484.4,35.78128002182145,36,1
0,477,471.6,12.66096362841251,36,0
1,562,487.2,43.135831972966415,36,0
2,562,500.0,49.81465647778773,36,1
2,466,488.8,41.91300514160244,36,0
3,476,492.4,39.297582622853454,36,0
4,482,492.6,39.22754134533535,36,0
4,476,503.6,46.5650083217001,36,1
5,479,493.0,39.038442591886195,36,0
5,479,507.8,42.16277979450595,36,1
1,478,476.2,6.099180272789698,36,0
2,481,479.2,2.3874672772602312,36,0
3,478,508.0,41.98213905936665,36,1
0,456,458.0,1.5811388300851985,37,1
0,456,458.0,1.5811388300868714,37,0
1,459,458.4,1.5165750888130738,37,0
1,459,458.4,1.5165750888113634,37,1
0,458,458.2,1.483239697421974,37,0
1,458,458.2,1.4832396974202078,37,1
1,483,462.8,11.344602240713753,37,0
2,467,464.6,11.10405331399337,37,0
3,467,459.6,4.277849927241854,37,1
3,474,468.2,10.52140675005041,37,0
4,482,472.8,10.52140675005036,37,0
4,482,464.4,10.691117808723428,37,1
6,463,465.8,9.731392500562462,37,1
6,463,473.8,8.871302046487038,37,0
0,572,491.6,45.52252189850647,37,0
2,584,515.0,58.0603134679791,37,0
2,572,488.4,47.58466139419302,37,1
3,453,510.8,62.367459464050604,37,0
3,453,487.4,48.42829751292114,37,1
5,488,512.0,61.729247524977936,37,0
6,527,524.8,55.33263051762488,37,0
0,564,523.2,53.718711823721094,37,0
0,488,491.6,47.10944703560003,37,1
1,492,504.8,42.21018834357405,37,0
1,492,493.6,46.8113234164556,37,1
2,465,507.2,38.72596028505936,37,0
3,477,505.0,40.367065783878765,37,0
4,463,492.2,41.769606174825235,37,0
4,465,494.0,46.491934784433354,37,1
1,459,458.6,0.5477225575005972,38,0
2,462,459.4,1.5165750888086647,38,0
2,462,482.6,53.99351812949397,38,1
0,454,482.8,53.85814701602715,38,1
0,454,458.4,2.8809720581767158,38,0
1,468,484.6,53.00754663253143,38,1
1,468,460.4,5.128352561982751,38,0
2,457,460.0,5.338539126015192,38,0
2,457,460.2,5.310367218940186,38,1
3,454,459.0,5.999999999999587,38,0
4,458,458.2,5.761944116354743,38,0
4,454,459.0,5.999999999999544,38,1
5,460,458.6,5.813776741498982,38,1
5,460,459.4,5.272570530585159,38,0
6,462,458.2,3.0331501776197984,38,0
6,462,460.2,5.310367218940183,38,1
0,573,481.2,51.40719793958814,38,1
0,573,481.4,51.29132480254332,38,0
1,580,505.8,64.65446620303965,38,1
1,580,506.6,63.87331211077124,38,0
2,457,506.4,64.06481093392843,38,0
3,457,506.4,64.06481093392843,38,1
3,465,507.4,63.19256285355101,38,0
4,460,506.4,64.06481093392843,38,1
5,460,507.0,63.55706097673173,38,0
0,459,505.8,64.59643953036418,38,1
0,461,484.6,53.4069283894889,38,0
1,458,482.8,54.34795304332994,38,1
1,458,460.2,3.114482300478829,38,0
2,462,459.2,1.9235384061660732,38,1
2,462,461.2,2.5884358211081677,38,0
3,459,460.0,1.5811388300828932,38,0
3,459,459.6,1.516575088808968,38,1
4,461,459.8,1.6431676725142592,38,1
4,461,460.2,1.6431676725142517,38,0
5,450,458.0,4.7434164902521365,38,0
5,450,458.0,4.743416490252139,38,1
2,459,459.2,3.7682887362834454,39,0
0,455,480.8,45.02443780881677,39,1
1,455,459.2,3.7682887362834454,39,0
1,453,478.8,46.2190436941312,39,1
2,455,457.6,3.435112807463634,39,0
3,459,456.8,2.0493901531920953,39,0
4,457,457.0,2.0000000000001794,39,0
5,460,457.2,2.2803508501984355,39,0
6,455,457.6,5.176871642219245,39,1
6,457,457.6,1.9493588689619825,39,0
0,557,478.0,44.18144406874905,39,0
0,557,475.8,45.44447161096727,39,1
1,537,493.6,49.272710499829415,39,0
1,537,491.4,51.25231702079436,39,1
2,458,493.8,49.088695236276145,39,0
3,461,494.0,48.91829923454004,39,0
4,455,493.6,49.30314391598167,39,0
4,458,492.0,50.73460357586336,39,1
5,462,474.6,34.98999857102027,39,0
2,458,458.8,2.7748873851025677,39,0
2,462,493.8,49.139597067945175,39,1
3,473,461.8,6.833739825308052,39,0
4,452,460.0,8.154753215150127,39,0
5,454,459.8,8.318653737234248,39,0
5,473,497.4,46.15517305784917,39,1
3,536,527.4,41.58485301164359,40,1
4,464,490.6,44.86423965699185,40,0
1,595,510.0,47.0797196253334,40,1
1,595,473.0,35.440090293338706,40,0
2,456,473.4,35.18238195460905,40,0
2,456,490.6,44.86423965699188,40,1
0,459,473.8,34.97427626127528,40,1
0,459,458.0,3.6742346141747673,40,0
1,543,475.4,37.95128456323976,40,0
1,543,491.6,43.88963431153196,40,1
2,453,473.2,39.07940634144793,40,0
3,454,473.0,39.19821424503928,40,0
5,455,472.8,39.30903204099537,40,0
5,453,475.0,38.229569707230596,40,1
6,457,472.4,39.4943033866911,40,0
6,457,473.6,38.85614494516927,40,1
0,571,478.0,52.009614495783374,40,0
1,558,499.0,59.979163048512106,40,0
2,454,499.0,59.979163048512106,40,0
2,571,496.6,56.0606814086308,40,1
3,453,498.6,60.351470570318334,40,0
3,453,495.4,57.12092436226853,40,1
4,460,478.8,51.6255750573299,40,1
0,460,499.2,59.84730570376581,40,0
1,464,477.8,45.05774073341893,40,0
2,459,458.0,4.527692569068683,40,0
3,534,495.0,54.15256226624925,40,1
3,458,458.8,3.9623225512317615,40,0
4,452,458.6,4.335896677735737,40,0
4,452,494.0,55.06813960903348,40,1
5,460,458.6,4.335896677735737,40,0
1,551,496.0,61.75759062657808,41,0
1,551,496.4,61.41498188553018,41,1
2,455,496.4,61.41498188553018,41,1
2,455,497.0,60.8604962188118,41,0
3,452,472.4,43.96362132490913,41,0
3,452,496.8,61.04260807010134,41,1
5,458,473.4,43.466078728130064,41,1
5,458,473.8,43.21689484449345,41,0
1,455,474.2,42.984881062997076,41,0
2,455,474.2,42.98488106299703,41,1
0,460,456.0,3.082207001485226,41,0
0,455,455.0,2.12132034355975,41,1
1,453,455.6,3.361547262795001,41,0
2,458,456.8,2.774887385103139,41,0
3,453,455.8,3.114482300480218,41,0
4,457,456.2,3.114482300480218,41,0
4,453,454.6,2.3021728866443687,41,1
5,453,454.8,2.489979919598659,41,0
5,453,454.8,2.0493901531920304,41,1
3,461,456.4,3.435112807464199,41,0
3,461,455.4,3.2863353450310737,41,1
4,457,456.2,3.3466401061369835,41,0
4,457,455.8,3.3466401061363773,41,1
5,462,458.0,3.6055512754646233,41,0
2,458,458.2,3.5637059362417336,41,0
2,462,457.2,4.266145801540369,41,1
3,473,462.2,6.379655163094995,41,0
4,452,460.4,7.8930349042687356,41,0
4,473,461.2,7.496665925596563,41,1
5,452,458.6,6.066300355241319,42,0
5,452,458.6,6.066300355241169,42,1
6,457,457.4,5.549774770204732,42,0
1,457,457.4,5.549774770204568,42,1
1,566,477.8,49.479288596341,42,0
2,550,495.4,57.46129131859117,42,0
0,465,498.0,55.258483511584004,42,0
0,550,474.6,42.35327614246622,42,1
1,455,498.6,54.647049325649796,42,0
1,455,473.2,42.984881062997005,42,1
2,454,498.0,55.23133168772958,42,0
3,450,474.8,42.39929244692653,42,0
3,454,473.6,42.74692971430812,42,1
4,455,474.2,42.38749815688582,42,1
4,455,455.8,5.540758070878171,42,0
5,460,454.8,3.563705936241318,42,0
6,457,455.2,3.7013511046645675,42,0
6,460,474.8,42.10344403965071,42,1
0,577,480.2,54.16364094113319,42,1
0,577,479.8,54.45824088234949,42,0
1,573,504.4,64.4887587103365,42,0
2,467,506.8,62.37948380677739,42,0
3,459,506.6,62.5683626124258,42,0
4,437,502.6,67.01343148951561,42,0
5,573,503.8,65.05151804531543,42,1
5,461,479.4,53.54250647849802,42,0
0,462,505.4,63.60267289980821,42,1
0,462,457.2,11.670475568716205,42,0
1,479,459.6,14.959946523968648,42,0
2,474,462.6,16.257306049896506,42,0
2,479,510.2,59.62969059118116,42,1
3,561,487.4,41.86048255813593,42,0
4,457,486.6,42.52411080786996,42,0
5,464,466.0,2.3452078799109874,43,0
0,592,465.4,3.2093613071753873,43,1
0,592,465.4,3.209361307175706,43,0
1,463,465.0,3.391164991562127,43,0
2,463,465.0,3.3911649915618254,43,1
2,469,465.2,3.6331804249165187,43,0
0,463,464.0,2.9999999999990856,43,1
0,463,464.0,2.9999999999994267,43,0
1,460,462.2,1.643167672513827,43,1
1,460,463.2,3.4928498393141023,43,0
2,465,464.0,3.3166247903548807,43,0
3,465,462.4,1.949358868960387,43,1
3,464,464.2,3.2710854467586987,43,0
4,470,464.4,3.6469165057616246,43,0
5,470,464.2,3.701351104663613,43,1
5,473,466.4,5.128352561982906,43,0
0,588,468.2,3.7013511046639014,43,0
0,469,465.4,4.159326868616433,43,1
1,568,488.8,44.39256694537945,43,0
1,568,486.4,45.78536884202196,43,1
3,474,490.8,43.20532374603848,43,0
3,474,489.2,44.1667295597036,43,1
4,459,488.6,44.78057614636056,43,0
4,459,488.0,45.06106967216819,43,1
5,467,487.4,45.37951079507134,43,0
5,467,487.4,45.37951079507133,43,1
0,464,486.4,45.93800169794063,43,0
1,469,466.6,5.594640292279338,43,0
2,467,465.2,3.8987177379230076,43,0
3,464,486.4,45.93800169794062,43,1
3,464,466.2,2.167948338866844,43,0
4,455,463.8,7.328028384224165,43,1
4,455,463.8,5.357238094391133,43,0
5,465,464.0,5.38516480713409,43,0
3,466,518.2,49.40344117569145,44,0
4,474,502.0,47.565743976101196,44,0
4,474,505.8,52.375566822708464,44,1
5,464,486.2,43.70583485073817,44,1
5,464,485.8,42.81588490268547,44,0
6,460,465.4,5.272570530585537,44,1
6,460,465.4,5.272570530586907,44,0
0,569,486.6,46.34436319553866,44,1
0,569,486.6,46.344363195538776,44,0
1,469,487.2,46.02933847015399,44,1
3,469,487.2,46.02933847015411,44,0
3,533,499.0,49.24936547814599,44,1
4,462,498.6,49.61149060449603,44,1
4,462,484.8,47.187922183541936,44,0
5,472,486.4,46.43597743129791,44,0
5,472,501.0,47.523678308817786,44,1
6,465,480.2,29.760712357065618,44,1
0,581,502.6,52.60513282941121,44,1
0,465,487.4,45.77444702014442,44,0
1,565,509.0,58.80901291468849,44,1
1,565,486.6,43.99204473538379,44,0
2,544,501.6,48.99285662216489,44,0
2,544,525.4,53.63114766625825,44,1
5,467,502.6,48.023952357131186,44,0
0,463,500.8,49.60040322416751,44,0
1,464,500.6,49.78252705518279,44,0
1,467,524.4,54.9071944284171,44,1
2,465,524.4,54.9071944284171,44,1
2,465,480.6,35.472524578890784,44,0
3,473,466.4,3.974921382872113,44,0
3,473,502.8,47.866480965285064,44,1
4,461,465.2,4.604345773290081,44,0
4,461,482.0,34.92849839314592,44,1
0,622,533.8,40.456149099982326,45,0
0,622,534.2,42.11531787841564,45,1
1,463,534.4,41.68692840687587,45,1
1,463,513.4,46.11182061033808,45,0
2,463,513.2,46.381030605194624,45,0
2,463,513.2,46.38103060519457,45,1
3,466,499.4,48.49020519651362,45,1
5,473,483.4,38.56552864930024,45,1
5,466,499.4,48.49020519651368,45,0
6,460,465.0,4.9497474683058025,45,1
6,460,480.8,39.858499720887686,45,0
0,572,484.8,48.79241744369717,45,0
0,572,486.8,47.87170354186277,45,1
1,469,488.0,47.19639816765679,45,1
1,469,486.0,48.192323040085995,45,0
0,465,487.8,47.314902514958185,45,1
1,465,486.4,47.961442847353986,45,0
2,468,486.8,47.75667492612946,45,0
3,468,488.4,46.7578870352372,45,0
3,465,486.2,48.06974100200663,45,1
4,480,490.2,46.137836967070704,45,1
4,480,470.0,5.787918451395686,45,0
5,472,470.2,6.22093240599838,45,1
5,472,470.6,5.813776741500012,45,0
6,465,469.4,6.655824516917568,45,1
6,465,470.6,5.813776741500012,45,0
0,576,492.2,47.18262392025269,45,0
0,576,491.6,47.58466139419295,45,1
1,540,506.6,48.90603234775847,45,0
1,540,506.6,48.906032347758426,45,1
5,462,456.8,5.019960159204678,46,0
6,452,457.4,3.911521443121869,46,0
6,452,457.4,3.9115214431226017,46,1
0,559,478.2,45.31776693527615,46,1
0,559,478.2,45.31776693527608,46,0
1,452,476.8,46.15950606321528,46,1
1,452,476.8,46.159506063215225,46,0
2,461,477.2,45.974993202827214,46,1
2,461,477.2,45.97499320282716,46,0
0,461,477.0,46.059743811706205,46,1
0,461,477.0,46.05974381170615,46,0
1,458,478.2,45.31776693527615,46,1
1,458,478.2,45.31776693527608,46,0
2,459,458.2,3.701351104665394,46,1
2,459,458.2,3.7013511046646568,46,0
3,454,458.6,2.880972058177991,46,0
3,454,458.6,2.8809720581789384,46,1
4,457,457.8,2.588435821109411,46,0
5,457,457.8,2.588435821110465,46,1
5,452,456.0,2.9154759474230554,46,0
6,459,457.4,2.07364413533466,46,1
6,459,456.2,3.1144823004798683,46,0
0,573,479.0,52.6165373243052,46,0
0,573,480.4,51.80540512340395,46,1
1,560,500.6,60.35975480400835,46,1
1,560,500.2,60.751131676702144,46,0
2,454,500.6,60.35975480400835,46,1
2,454,499.6,61.2968188407849,46,0
3,460,501.2,59.83059418056955,46,0
4,442,497.8,63.215504427315956,46,0
3,446,472.4,49.46513923967063,46,0
3,619,501.2,59.83059418056959,46,1
4,455,451.4,7.266360849834138,46,0
5,450,450.6,7.1274118724823445,46,0
5,470,539.4,39.6017676373164,47,1
0,598,496.0,48.73910134583931,47,0
0,598,518.6,50.55986550615024,47,1
1,460,478.2,40.014997188554034,47,0
2,468,462.0,6.782329983123775,47,0
2,460,497.2,47.50473660594279,47,1
0,476,466.4,7.402702209327466,47,0
1,463,465.0,7.211102550926668,47,0
2,466,466.6,6.066300355239741,47,0
3,453,465.2,8.348652585895596,47,0
3,476,482.6,37.83913318246073,47,1
5,460,463.6,8.443932733032664,47,0
0,601,462.4,6.426507605222285,47,0
1,601,464.8,7.823042886243238,47,1
1,545,478.8,37.55928646819568,47,0
2,455,461.8,8.197560612767738,47,1
2,455,476.6,38.79819583434242,47,0
3,455,477.0,38.503246616356726,47,0
3,455,461.2,8.642916174532814,47,1
4,451,459.4,9.81325634027772,47,1
4,451,475.2,39.688789349134666,47,0
5,458,472.8,40.43760625952016,47,0
0,459,455.6,3.1304951684959943,47,0
0,458,455.8,3.4205262752975227,47,1
1,455,455.6,3.1304951684959943,47,0
1,455,454.8,2.489979919597899,47,1
2,466,457.8,5.540758070876016,47,0
3,465,460.6,4.722287581244811,47,0
3,466,457.0,5.61248608016098,47,1
4,452,456.4,6.024948132556887,47,1
4,452,459.4,6.107372593839221,47,0
5,452,458.0,6.964194138590465,47,0
5,452,456.6,5.813776741499522,47,1
4,483,496.8,32.537670475926824,48,0
4,482,519.4,37.77300623461149,48,1
5,484,482.6,0.8944271910001645,48,0
0,480,482.2,1.4832396974192785,48,0
1,485,482.8,1.9235384061672451,48,0
1,484,511.0,40.509258201058174,48,1
2,473,481.0,4.847679857416373,48,0
1,467,477.8,7.661592523751211,48,0
2,462,473.4,9.343446901438485,48,0
4,485,474.4,10.43072384832426,48,0
5,481,473.6,9.528903399657294,48,0
6,477,474.4,9.633275663033853,48,0
0,551,491.2,34.54272716506328,48,0
1,562,511.2,41.63171867698956,48,0
2,466,507.4,45.32438637201833,48,0
3,475,506.2,46.267699316045544,48,0
4,482,507.2,45.52691511622549,48,0
5,479,492.8,39.149712642623584,48,0
0,478,476.0,6.123724356958038,48,0
1,487,480.2,4.549725266431058,48,0
2,481,481.4,3.507135583350204,48,0
2,473,509.8,41.763620532707634,48,1
3,482,481.4,3.507135583350204,48,0
4,474,465.8,4.764451699828591,49,0
4,474,465.8,4.764451699826605,49,1
5,464,466.0,4.636809247747802,49,0
5,464,466.0,4.636809247745771,49,1
2,460,465.4,5.272570530583768,49,1
2,460,465.4,5.27257053058558,49,0
1,468,466.4,5.176871642216066,49,1
1,468,466.4,5.176871642217868,49,0
2,469,467.0,5.291502622127399,49,1
2,469,467.0,5.291502622129137,49,0
3,468,465.8,3.76828873628078,49,1
3,468,465.8,3.7682887362832918,49,0
4,462,465.4,4.0987803063837775,49,0
4,462,465.4,4.098780306381448,49,1
5,472,467.8,3.633180424914441,49,1
5,472,467.8,3.6331804249169237,49,0
2,465,467.2,3.8340579025360992,49,0
2,465,467.2,3.834057902533712,49,1
3,467,466.8,3.7013511046617857,49,1
3,467,466.8,3.701351104664283,49,0
4,467,466.6,3.646916505759481,49,1
4,467,466.6,3.646916505762026,49,0
5,462,466.6,3.646916505762026,49,0
5,462,466.6,3.646916505759481,49,1
2,463,464.8,2.2803508501981775,49,0
2,463,464.8,2.280350850193912,49,1
3,473,466.4,4.335896677735714,49,0
3,473,466.4,4.335896677733551,49,1
4,461,465.2,4.919349550497535,49,1
4,461,465.2,4.919349550499494,49,0
5,474,466.6,6.348228099241513,49,0
0,568,494.2,53.79312223695518,50,0
0,568,491.2,56.32672545071302,50,1
1,456,492.4,55.28381318252208,50,1
2,449,491.2,56.35334950116099,50,1
2,456,495.4,52.61463674682171,50,0
0,449,491.4,56.16315518202305,50,1
0,449,494.2,53.820999619107795,50,0
1,450,474.4,52.40515241844071,50,1
1,450,477.2,51.06564402805473,50,0
2,447,474.0,52.654534467603085,50,0
3,446,449.6,3.911521443121767,50,0
3,447,450.2,3.4205262752975454,50,1
4,448,448.6,1.1401754250995246,50,1
4,448,448.0,1.5811388300846436,50,0
5,447,448.2,1.3038404810408672,50,1
5,447,447.6,1.5165750888107847,50,0
6,455,449.4,3.3615472627944585,50,1
6,455,448.6,3.646916505762287,50,0
0,561,471.4,50.21254823248868,50,0
1,524,487.0,52.41660042391153,50,0
2,450,487.4,52.05093659099711,50,0
2,561,471.6,50.08792269599529,50,1
3,489,495.8,47.049973432511116,50,0
3,489,480.0,48.425200051213004,50,1
4,452,495.2,47.71477758514653,50,0
4,452,480.8,47.793304970466316,50,1
5,459,474.8,31.649644547767064,50,0
5,459,483.2,45.936913261559056,50,1
0,453,482.8,46.25148646259924,50,1
0,453,460.6,16.226521500309353,50,0
1,450,460.6,16.226521500309353,50,0
1,450,460.6,16.22652150030933,50,1
2,455,453.8,3.420526275297588,50,1
2,455,453.8,3.4205262752976875,50,0
3,456,454.6,3.3615472627944967,50,1
4,456,454.6,3.3615472627945984,50,0
0,592,472.8,31.300159744001256,51,1
1,550,477.8,40.59187110740285,51,0
2,459,478.2,40.344764220404194,51,0
0,463,479.0,39.906139878469915,51,0
1,454,476.4,41.28316848305138,51,0
2,455,476.2,41.40893623361999,51,0
3,459,458.0,3.605551275464872,51,0
4,457,457.6,3.577708764000554,51,0
5,460,457.0,2.5495097567976495,51,0
5,550,477.2,41.032913618216256,51,1
0,635,457.6,1.9493588689634378,51,0
1,555,477.6,43.28741156502668,51,0
2,458,477.4,43.39700450491953,51,0
3,454,476.8,43.76871028485996,51,0
3,457,476.6,41.36786192202828,51,1
4,455,477.0,41.09136162260868,51,1
4,455,475.8,44.3023701397567,51,0
5,461,476.6,43.91241282371086,51,0
0,458,457.2,2.77488738510351,51,0
0,461,475.8,41.54154546956573,51,1
1,457,457.0,2.7386127875270345,51,0
2,457,457.6,2.19089023002217,51,0
3,454,457.4,2.5099800796035323,51,0
3,457,476.0,41.424630354415925,51,1
4,452,455.6,2.5099800796035323,51,0
5,454,454.8,2.1679483388693965,51,0
5,452,456.4,3.286335345030577,51,1
6,453,452.8,1.4832396974281692,52,0
0,569,475.6,52.21877057151001,52,1
0,569,475.6,52.21877057151016,52,0
1,449,475.2,52.46141439191284,52,1
2,449,475.2,52.461414391912996,52,0
0,453,475.4,52.35265036270847,52,1
0,543,493.4,57.903367777703636,52,0
1,453,475.4,52.35265036270847,52,1
1,453,493.4,57.903367777703636,52,0
2,453,493.4,57.903367777703636,52,0
3,453,475.4,52.35265036270847,52,1
3,453,470.2,40.733278777923324,52,0
4,454,471.2,40.13975585376695,52,0
4,454,452.4,1.9493588689614458,52,1
5,454,453.4,0.547722557503957,52,1
5,454,453.4,0.5477225575285546,52,0
0,453,453.4,0.547722557503957,52,1
0,453,453.4,0.5477225575285546,52,0
1,526,468.0,32.4268407341819,52,1
1,526,468.0,32.426840734182214,52,0
2,452,467.8,32.545352970893084,52,0
2,452,467.8,32.545352970892765,52,1
4,451,467.2,32.88920795641056,52,0
4,451,467.2,32.88920795641024,52,1
5,537,483.8,43.72299166342576,52,1
0,537,483.8,43.722991663425915,52,0
0,451,483.4,44.08287649416719,52,1
1,450,468.2,38.46686886139808,52,1
2,450,483.2,44.26849895806286,52,0
2,453,468.4,38.364045667786364,52,1
3,450,468.2,38.479864864627544,52,1
3,450,468.0,38.5810834477211,52,0
4,454,468.4,38.38359024374894,52,0
4,454,451.6,1.8165902124577393,52,1
5,451,451.6,1.8165902124577393,52,1
6,452,453.2,2.3874672772637147,53,1
0,568,475.8,51.58682002217234,53,0
0,568,475.8,51.586820022172375,53,1
1,460,477.8,50.51930324143441,53,1
0,460,477.8,50.51930324143437,53,0
1,455,477.6,50.62904304843224,53,1
1,454,477.4,50.742487128638075,53,0
2,449,476.6,51.2523170207943,53,0
2,449,476.8,51.14391459401602,53,1
3,459,478.2,50.385513791168236,53,1
3,459,478.0,50.50247518686585,53,0
4,449,454.4,5.2725705305860116,53,1
4,449,454.2,5.263078946776392,53,0
5,454,453.2,4.266145801540779,53,1
5,454,453.0,4.183300132670482,53,0
6,458,453.8,4.764451699829057,53,1
6,458,453.8,4.764451699828728,53,0
1,557,475.4,45.78536884202203,53,0
1,557,475.4,45.785368842022066,53,1
2,456,474.8,46.07276852979431,53,1
2,456,474.8,46.072768529794274,53,0
3,457,476.4,45.08103814243861,53,1
3,457,476.4,45.08103814243857,53,0
5,456,476.8,44.84082960873942,53,0
5,456,476.8,44.840829608739455,53,1
0,455,476.2,45.17410762815359,53,1
1,455,476.2,45.17410762815356,53,0
2,452,455.2,1.9235384061683136,53,1
2,466,458.0,4.527692569068859,53,0
3,457,458.2,4.438468204234582,53,0
3,457,455.4,2.073644135333868,53,1
4,454,454.8,1.9235384061683136,53,1
5,454,457.6,4.827007354459012,53,0
5,457,455.0,2.1213203435607126,53,1
1,544,538.8,2.9495762407505053,54,1
1,544,538.8,2.9495762407505643,54,0
0,541,539.6,2.880972058177569,54,1
0,541,539.6,2.8809720581776292,54,0
1,541,540.2,2.774887385102299,54,1
1,541,540.2,2.7748873851023617,54,0
2,538,540.2,2.7748873851023617,54,0
2,538,540.2,2.774887385102299,54,1
3,545,541.8,2.7748873851023617,54,0
3,545,541.8,2.774887385102299,54,1
4,533,539.6,4.449719092257386,54,1
5,535,538.4,4.7749345545253155,54,1
5,533,539.6,4.449719092257425,54,0
1,534,538.2,4.969909455915702,54,0
1,534,537.0,4.847679857416314,54,1
3,543,538.6,5.3197744313081845,54,0
3,543,538.0,5.567764362830009,54,1
4,536,536.2,3.962322551231772,54,1
4,536,538.2,5.449770637375517,54,0
5,537,537.0,3.5355339059327116,54,1
0,537,537.4,3.361547262794294,54,1
0,537,536.6,3.911521443121645,54,0
1,540,538.6,2.8809720581775564,54,1
1,540,538.0,3.535533905932796,54,0
2,535,538.2,3.271085446759295,54,0
2,535,537.0,1.8708286933869327,54,1
3,538,537.2,1.9235384061672682,54,0
3,538,537.4,1.816590212458457,54,1
4,540,538.0,2.1213203435597596,54,0
4,540,538.0,2.121320343559611,54,1
2,447,467.6,46.23094201938786,55,0
2,447,467.6,46.2309420193879,55,1
0,534,486.2,51.28547552670255,55,1
0,534,486.2,51.28547552670251,55,0
1,449,485.6,51.80057914734165,55,1
1,449,485.6,51.80057914734161,55,0
2,450,465.6,38.253104449181734,55,1
2,450,465.6,38.25310444918168,55,0
3,452,466.4,37.832525688883194,55,1
3,452,466.4,37.832525688883145,55,0
4,445,466.0,38.09855640309752,55,0
4,445,466.0,38.098556403097575,55,1
5,446,448.4,2.880972058178807,55,1
5,446,448.4,2.880972058178097,55,0
6,450,448.6,2.966479394838758,55,0
0,550,468.6,45.593859235647095,55,0
0,450,448.6,2.966479394839448,55,1
1,526,483.4,50.59446610055296,55,0
1,526,463.8,34.8883934855133,55,1
2,450,463.4,35.06850438784076,55,1
2,450,484.4,49.68702043793733,55,0
3,448,484.8,49.307200285556696,55,0
3,448,464.0,34.698703145795044,55,1
4,455,485.8,48.46854650182944,55,0
4,455,465.8,33.75203697556648,55,1
5,456,467.0,33.151168908501596,55,0
5,456,467.0,33.15116890850165,55,1
0,448,451.4,3.8470768123346204,55,0
1,444,450.2,5.118593556828154,55,0
1,448,451.4,3.8470768123351524,55,1
2,450,450.6,4.9799598391957645,55,0
2,450,451.4,3.8470768123351524,55,1
3,453,450.2,4.604345773288833,55,0
4,446,448.2,3.492849839314985,55,0
4,453,452.4,3.3615472627953373,55,1
5,449,448.4,3.5071355833504243,55,0
0,569,486.6,46.34436319553867,56,0
0,469,487.2,46.029338470154016,56,1
0,469,487.2,46.029338470154,56,0
1,465,485.4,46.84335598566779,56,0
1,465,485.4,46.843355985667806,56,1
2,469,486.4,46.32278057284558,56,1
2,469,486.4,46.322780572845566,56,0
3,468,488.0,45.310043036836774,56,1
3,468,488.0,45.31004303683676,56,0
4,462,466.6,3.049590136395461,56,1
4,462,466.6,3.0495901363952376,56,0
5,472,467.2,3.8340579025362307,56,1
5,472,467.2,3.834057902536053,56,0
6,465,467.2,3.834057902536053,56,0
6,465,467.2,3.8340579025362307,56,1
0,564,486.2,43.64859677011392,56,0
0,564,486.2,43.64859677011393,56,1
1,525,497.6,45.12538088481914,56,1
1,525,497.6,45.12538088481912,56,0
2,467,498.6,44.18483902878904,56,0
2,467,498.6,44.18483902878906,56,1
3,467,497.6,44.986664690772535,56,1
3,467,497.6,44.98666469077252,56,0
4,467,498.0,44.6318272088428,56,1
4,467,498.0,44.631827208842786,56,0
5,463,477.8,26.442390209661465,56,1
5,463,477.8,26.44239020966144,56,0
0,463,465.4,2.190890230020816,56,1
0,463,465.4,2.190890230020505,56,0
1,464,464.8,2.0493901531920797,56,1
1,464,464.8,2.049390153191747,56,0
2,465,464.4,1.673320053068351,56,1
2,465,464.4,1.6733200530679433,56,0
3,473,465.6,4.2190046219457065,56,0
3,473,465.6,4.219004621945868,56,1
4,461,465.2,4.604345773288449,56,0
4,461,465.2,4.604345773288596,56,1
5,474,467.4,5.770615218501339,56,0
5,455,455.2,0.44721359549995715,57,0
6,454,455.0,0.7071067811865476,57,0
6,454,455.0,0.70710678118912,57,1
0,548,473.6,41.59687488261588,57,0
0,548,473.6,41.59687488261592,57,1
1,454,473.2,41.817460468086765,57,0
1,454,473.2,41.81746046808681,57,1
3,452,472.6,42.16396565789327,57,1
4,454,472.4,42.27055712904673,57,1
4,452,472.6,42.16396565789323,57,0
1,455,472.6,42.16396565789327,57,1
1,455,472.6,42.16396565789323,57,0
2,454,472.6,42.16396565789323,57,0
2,454,453.8,1.0954451150120963,57,1
3,457,454.4,1.8165902124585627,57,0
3,457,454.4,1.816590212459564,57,1
4,455,455.0,1.2247448713931817,57,1
4,455,454.6,1.8165902124585627,57,0
5,456,455.4,1.1401754250992395,57,0
5,456,455.4,1.1401754251008505,57,1
0,450,454.4,2.7018512172219764,57,1
0,450,454.4,2.701851217221297,57,0
2,455,454.6,2.701851217221297,57,0
2,455,454.6,2.7018512172219764,57,1
3,451,453.4,2.701851217221297,57,0
4,450,452.4,2.8809720581776173,57,0
4,451,453.4,2.7018512172219764,57,1
5,459,453.0,3.9370039370059247,57,0
5,459,454.2,3.701351104664874,57,1
2,466,489.0,53.169540152233786,58,0
0,497,496.0,50.98529199681022,58,0
1,467,496.6,50.53018899628222,58,0
2,461,472.0,14.282856857085747,58,0
3,497,471.6,14.432601983010477,58,1
3,461,470.4,15.126136320951272,58,0
4,492,475.6,17.51570723664909,58,0
5,492,477.6,15.630099167951489,58,1
5,493,474.8,16.34625339336208,58,0
6,471,475.6,15.962455951387973,58,0
0,579,499.2,46.671190256945465,58,0
1,471,479.0,14.370107863199834,58,1
1,557,518.4,46.773924359625866,58,0
2,465,513.0,51.86520991955978,58,0
2,465,478.2,15.155856953666383,58,1
3,452,504.8,58.6191095121719,58,0
3,452,475.4,18.82285844392391,58,1
4,476,505.8,57.93703478777631,58,0
5,458,481.6,43.08480010398102,58,0
0,476,471.2,14.686728703152292,58,1
0,467,463.6,9.126883367283893,58,0
1,500,470.6,18.782971010998317,58,0
2,468,473.8,15.974980438172784,58,0
3,469,472.4,16.040573555830324,58,0
4,500,472.8,17.655027612552672,58,1
4,463,473.4,15.043270920913546,58,0
5,465,473.0,15.280706789936229,58,0
5,452,471.6,41.076757418277296,59,0
6,450,452.6,2.408318915758321,59,0
6,450,470.4,41.72888687707827,59,1
0,564,474.2,50.221509336139974,59,1
0,564,474.6,50.027992164387314,59,0
1,455,474.4,50.12284908103284,59,1
2,455,475.4,49.58628842734651,59,0
0,453,474.8,49.89689369089017,59,1
0,547,493.6,56.853320043775796,59,0
1,539,492.2,54.87895771604992,59,1
2,452,492.6,54.50045871366584,59,1
2,539,511.0,54.189482374350085,59,0
4,453,511.6,53.355412096618636,59,0
4,453,470.4,38.364045667786336,59,1
5,451,489.0,49.39635614091386,59,0
5,451,469.6,38.804638897946155,59,1
0,455,470.0,38.60051813123751,59,1
2,546,471.4,41.72888687707829,59,1
2,455,489.0,49.39635614091386,59,0
3,447,470.4,42.36507995979703,59,1
3,447,469.0,39.24283374069715,59,0
4,445,450.2,4.147288270665378,59,0
5,456,450.8,4.816637831516772,59,0
0,454,451.4,5.0299105359835785,59,0
0,445,468.8,43.3266661537672,59,1
1,556,471.6,47.40569586030774,59,0
1,556,489.8,56.10436703145305,59,1
2,455,473.2,46.49408564538072,59,0
2,455,489.8,56.10436703145305,59,1
3,453,471.2,47.58361062382715,59,1
3,453,474.8,45.40594674709468,59,0
4,453,474.2,45.73510686551413,59,0
4,453,472.4,46.89136381040752,59,1
5,459,475.2,45.23494224601153,59,0
5,459,475.2,45.23494224601151,59,1
1,460,479.0,41.92851058647335,60,1
1,460,478.8,42.03807797699604,60,0
2,457,478.4,42.288296253218896,60,1
3,457,459.0,1.8708286933887937,60,1
3,457,478.2,42.39339571206816,60,0
4,457,458.4,1.94935886896354,60,1
4,457,477.6,42.73523136710505,60,0
5,459,458.0,1.4142135623754966,60,1
5,459,458.6,1.5165750888103842,60,0
6,456,457.2,1.0954451150134308,60,1
6,456,457.8,1.6431676725155717,60,0
0,566,479.0,48.646685395821166,60,0
0,566,479.0,48.64668539582123,60,1
1,540,495.6,53.20996147339337,60,1
1,540,495.6,53.20996147339331,60,0
2,460,496.2,52.68016704605254,60,0
2,460,496.2,52.680167046052595,60,1
3,457,495.8,53.03960784168752,60,0
3,457,495.8,53.03960784168758,60,1
4,456,495.8,53.03960784168758,60,1
4,456,495.8,53.03960784168752,60,0
5,462,475.0,36.41428291206634,60,1
5,462,475.0,36.414282912066255,60,0
0,458,458.6,2.4083189157598763,60,1
0,458,458.6,2.4083189157585543,60,0
1,458,458.2,2.2803508501983787,60,0
1,458,458.2,2.2803508501997745,60,1
2,457,458.2,2.2803508501983787,60,0
2,457,458.2,2.2803508501997745,60,1
3,474,461.8,7.085195833567371,60,0
3,474,461.8,7.085195833567821,60,1
4,457,460.8,7.3959448348407,60,1
4,457,460.8,7.395944834840269,60,0
5,462,461.6,7.231873892705849,60,0
2,537,499.0,34.25638626592132,61,1
2,537,498.2,34.99571402329153,61,0
3,459,495.8,37.63907544029214,61,1
3,459,495.8,37.639075440292146,61,0
4,472,483.0,30.813957876261256,61,1
4,472,495.2,38.074926132561345,61,0
5,471,482.2,31.123945765278584,61,0
5,471,482.2,31.12394576527859,61,1
1,593,490.2,32.93478404362177,61,0
1,593,490.2,32.93478404362177,61,1
2,461,475.0,21.482551058940906,61,1
2,461,475.0,21.482551058940903,61,0
3,543,491.8,34.651118308072,61,0
3,543,491.8,34.65111830807201,61,1
4,464,490.2,35.95413745314999,61,1
4,464,490.2,35.95413745314998,61,0
5,549,505.8,41.960695895087376,61,1
5,549,505.8,41.96069589508737,61,0
0,461,495.6,46.07385375676754,61,0
0,461,495.6,46.07385375676755,61,1
2,462,495.8,45.88790690367128,61,0
2,462,495.8,45.887906903671286,61,1
3,542,495.6,45.63222545526355,61,1
3,542,495.6,45.632225455263544,61,0
4,463,495.4,45.8072046735009,61,1
4,463,495.4,45.80720467350089,61,0
5,463,478.2,35.67492116319252,61,0
0,445,463.4,30.187745858212082,62,0
0,448,464.6,29.381967258847858,62,1
1,450,451.2,2.387467277264822,62,1
2,450,462.8,30.474579570520753,62,0
2,452,451.0,2.236067977502104,62,1
3,452,450.6,1.6733200530712784,62,1
3,452,449.8,3.4928498393147414,62,0
4,452,449.4,2.966479394838442,62,0
4,452,450.8,1.7888543820027465,62,1
5,444,450.0,3.464101615139295,62,1
6,448,449.6,3.577708764001167,62,1
6,444,448.6,3.847076812334411,62,0
0,569,473.0,53.76802023508031,62,1
0,569,473.4,53.54250647849801,62,0
1,543,491.2,59.930793420411185,62,1
1,543,492.0,59.23259237953377,62,0
2,454,491.6,59.60956299118456,62,1
3,452,493.2,58.10077452151563,62,1
3,454,492.4,58.90076400183619,62,0
4,451,493.8,57.529992177993556,62,1
4,451,492.2,59.07368280376636,62,0
5,451,470.2,40.7148621513079,62,1
5,451,493.6,57.713083438679675,62,0
0,460,471.8,39.97123966053596,62,0
0,460,453.6,3.781534080238935,62,1
1,455,454.2,3.7013511046647185,62,0
1,455,453.8,3.83405790253727,62,1
2,456,454.6,3.781534080238908,62,1
2,456,454.6,3.7815340802381674,62,0
3,453,455.0,3.3911649915630315,62,0
3,453,455.0,3.3911649915638518,62,1
4,540,472.8,37.65235716392806,62,1
4,540,472.8,37.65235716392803,62,0
5,445,469.8,39.480374871573886,62,0
5,445,469.8,39.480374871573915,62,1
0,542,502.6,56.051761792114974,63,0
0,461,463.2,2.1679483388686114,63,1
1,462,502.2,56.402127619443576,63,0
1,462,463.4,1.9493588689626058,63,1
2,463,478.4,35.571055649221314,63,0
2,463,462.8,1.3038404810417379,63,1
4,466,463.2,1.923538406167957,63,1
4,466,478.8,35.379372521287024,63,0
5,464,463.2,1.923538406167957,63,1
5,464,479.4,35.025704846583736,63,0
0,459,462.8,2.5884358211095724,63,1
1,547,479.8,37.65235716392804,63,1
1,459,462.8,2.5884358211087837,63,0
2,468,464.0,3.3911649915625017,63,0
3,460,463.4,3.8470768123341488,63,0
3,468,480.8,37.157771730823725,63,1
4,471,481.8,36.72465112155598,63,1
4,471,464.4,5.128352561983147,63,0
5,461,481.2,37.11064537299241,63,1
5,461,463.8,5.357238094391467,63,0
0,467,465.4,4.722287581246944,63,0
0,467,482.8,36.07214992206596,63,1
1,466,465.0,4.527692569068608,63,0
2,465,466.0,3.6055512754638634,63,0
2,466,466.6,3.646916505762562,63,1
3,464,464.6,2.3021728866440716,63,0
3,464,465.8,3.701351104664813,63,1
4,465,464.6,2.302172886645016,63,1
4,465,465.4,1.1401754250987302,63,0
5,459,463.8,2.774887385102155,63,0
1,460,484.0,55.93299562869844,64,0
5,452,483.2,56.45972015516902,64,0
6,457,457.8,3.5637059362403196,64,0
0,577,481.4,53.556512209067535,64,0
1,552,499.6,59.969158740139115,64,0
1,461,458.6,3.6469165057623387,64,1
2,454,498.4,61.010654807172855,64,0
3,454,456.8,3.114482300479781,64,1
3,453,498.6,60.82187106625382,64,0
4,455,498.2,61.16943681283983,64,0
5,455,457.0,2.915475947422962,64,1
5,460,474.8,43.24002775207249,64,0
0,459,456.2,3.1144823004787066,64,0
1,458,457.0,2.915475947421846,64,0
2,459,457.6,2.96647939483857,64,1
3,460,458.4,2.0736441353317234,64,0
5,456,458.6,1.6733200530668617,64,0
5,467,459.2,5.215361924162296,64,1
0,466,480.6,57.06838003658422,65,1
0,444,477.8,58.94234471074255,65,0
1,437,474.6,61.022946503753815,65,0
1,437,477.2,59.503781392446015,65,1
2,440,473.8,61.548354973955234,65,0
2,440,475.6,60.583000916098605,65,1
3,448,447.0,11.4017542509914,65,0
4,433,440.4,5.856620185738564,65,0
4,448,474.6,61.088460448762376,65,1
0,443,446.8,11.476062042356057,65,1
0,443,440.2,5.7183913821983525,65,0
1,573,468.2,58.72563324477656,65,1
2,573,467.4,59.28153169411196,65,0
2,460,472.8,56.530522728876356,65,1
3,453,475.4,54.92085214196886,65,1
3,453,470.0,58.05170109479998,65,0
4,443,469.0,58.5662018573853,65,0
4,443,474.4,55.585969452731554,65,1
5,426,467.6,59.714319890625916,65,0
5,426,471.0,58.43372313998147,65,1
0,466,472.2,58.21254160402208,65,0
0,466,449.6,15.72577502064702,65,1
1,460,449.6,15.725775020646863,65,0
1,460,449.6,15.72577502064702,65,1
2,430,445.0,17.720045146669374,65,0
2,430,445.0,17.720045146669513,65,1
3,455,447.4,18.187908071023614,65,1
3,455,447.4,18.187908071023475,65,0
4,446,451.4,14.028542333400182,65,0
5,449,448.0,11.423659658795904,65,0
5,446,451.4,14.028542333400358,65,1
1,465,466.6,4.277849927241223,66,1
1,465,466.6,4.277849927241649,66,0
2,469,467.8,3.834057902536338,66,0
2,469,467.8,3.834057902535864,66,1
4,468,468.2,3.70135110466453,66,0
4,468,468.2,3.701351104664039,66,1
5,472,467.8,2.9495762407501296,66,1
5,472,467.8,2.949576240750746,66,0
1,465,467.8,2.9495762407501296,66,1
1,465,467.8,2.949576240750746,66,0
2,467,468.2,2.588435821109206,66,0
2,467,468.2,2.588435821108503,66,1
3,538,482.0,31.40859754907878,66,1
3,538,482.0,31.408597549078838,66,0
4,467,481.8,31.52300747073479,66,0
4,467,481.8,31.52300747073473,66,1
5,462,479.8,32.59907974161231,66,1
0,463,479.4,32.83747858773565,66,1
0,462,479.8,32.599079741612364,66,0
1,464,479.6,32.715439780018265,66,0
1,464,478.8,33.146643872343965,66,1
2,465,479.2,32.91959902550457,66,0
2,465,464.2,1.9235384061666032,66,1
3,473,466.2,4.207136793592664,66,0
3,473,465.4,4.393176527297531,66,1
1,449,475.4,52.35742545236561,67,0
2,453,475.6,52.24748797789227,67,1
2,453,475.6,52.247487977892504,67,0
0,543,493.6,57.73040793204216,67,1
0,543,493.6,57.73040793204231,67,0
1,453,493.4,57.90336777770354,67,1
1,453,493.4,57.903367777703686,67,0
2,453,470.2,40.7332787779234,67,0
2,453,470.2,40.73327877792304,67,1
3,453,471.0,40.24922359499616,67,1
3,453,471.0,40.24922359499652,67,0
4,454,471.2,40.13975585376703,67,0
4,454,471.2,40.139755853766665,67,1
5,454,453.4,0.5477225575006036,67,1
5,454,453.4,0.5477225575343664,67,0
6,453,453.4,0.5477225575006036,67,1
6,453,453.4,0.5477225575343664,67,0
0,564,475.6,49.419631726673096,67,1
0,564,475.6,49.41963172667337,67,0
1,526,490.2,51.799613898174904,67,1
1,526,490.2,51.7996138981751,67,0
2,452,489.8,52.155536618848004,67,1
2,452,489.8,52.1555366188482,67,0
3,451,489.2,52.68491245128907,67,1
3,451,489.2,52.68491245128928,67,0
4,452,489.0,52.85830114560999,67,1
4,452,489.0,52.85830114561019,67,0
5,454,467.0,33.000000000000384,67,0
5,454,467.0,32.999999999999915,67,1
0,452,452.2,1.0954451150078413,67,1
1,449,451.6,1.8165902124569981,67,1
1,452,452.2,1.095445115024975,67,0
2,452,452.2,1.095445115024975,67,0
2,452,451.8,1.7888543819983103,67,1
3,449,451.2,2.1679483388666227,67,1
3,449,451.8,1.7888543820088518,67,0
4,454,451.2,2.1679483388666227,67,1
4,454,452.2,2.049390153199752,67,0
5,451,451.0,2.121320343558357,67,1
2,461,482.0,50.98529199681018,68,0
0,469,484.6,49.64171632810451,68,0
1,464,481.8,48.93056304601455,68,1
1,466,486.6,48.386981720293306,68,0
2,456,463.2,4.969909455914994,68,0
3,464,463.2,4.969909455914994,68,0
4,456,462.2,5.932958789675947,68,0
5,469,462.2,5.932958789675947,68,0
1,458,460.6,5.727128425309908,68,0
2,460,461.4,5.176871642217231,68,0
3,455,459.6,5.594640292279078,68,0
4,468,462.0,6.204836822994874,68,0
5,456,480.2,49.78152267659161,68,1
5,460,460.2,4.816637831516156,68,0
0,544,477.4,37.52066097498812,68,0
1,456,476.6,38.023676834309384,68,0
1,544,475.2,38.64194612076369,68,1
2,467,479.0,36.67424164178445,68,0
3,463,478.0,37.11468711979122,68,0
4,452,476.4,38.24003138074021,68,0
4,467,477.0,37.84177585684906,68,1
5,462,460.0,5.958187643905873,68,0
2,457,490.0,42.55584566190637,69,1
3,456,487.6,44.71353262715881,69,0
4,456,488.6,43.76414057193394,69,1
4,465,473.8,36.75187070068671,69,0
5,458,488.8,43.58554806354963,69,1
5,458,457.6,4.722287581246197,69,0
6,449,457.0,5.700877125494983,69,0
0,578,481.2,54.41231478259306,69,0
0,449,471.8,37.73194932679722,69,1
1,460,456.0,4.183300132669333,69,1
1,460,482.0,53.976846888272334,69,0
1,471,483.2,53.569580920518646,69,0
2,471,458.8,7.981227975693438,69,1
2,466,484.8,52.741824010930785,69,0
3,482,491.4,49.079527300087115,69,0
3,482,464.0,12.747548783981658,69,1
3,469,469.6,8.08084154033426,69,0
3,469,466.2,12.397580409095662,69,1
4,510,479.6,18.036074961032792,69,0
4,462,460.4,2.5099800796023124,70,1
5,454,459.6,3.7815340802378716,70,1
3,572,482.2,50.3408382925831,70,1
4,556,501.6,57.36549485535709,70,1
5,455,499.8,58.95930800136651,70,1
6,460,499.4,59.28574870911221,70,1
0,573,523.2,60.37963232746619,70,1
1,460,500.8,58.495298956411894,70,1
2,461,481.8,51.03626161857867,70,1
3,450,480.8,51.736834073994196,70,1
2,442,473.4,45.20287601469625,71,0
0,437,466.6,48.117564360636564,71,0
0,437,466.6,48.117564360636536,71,1
1,448,466.0,48.37871432768753,71,1
1,448,466.0,48.37871432768756,71,0
2,440,443.6,5.770615218501563,71,0
3,460,445.4,9.09945053286197,71,0
4,440,443.6,5.770615218501327,71,1
4,457,448.4,10.11434624679233,71,0
5,447,442.8,4.658325879540755,71,1
5,447,450.4,8.080841540334902,71,0
6,448,450.4,8.080841540334902,71,0
6,448,444.0,5.147815070493418,71,1
0,547,471.8,42.41108345703989,71,0
1,547,466.0,45.40374433898595,71,1
1,558,491.4,56.04730145154183,71,0
2,461,492.2,55.45899386032894,71,0
3,458,494.4,53.39756548757633,71,0
4,455,495.8,51.94901346512754,71,0
5,461,468.6,44.478084491128875,71,1
5,463,479.0,44.26623995778276,71,0
0,461,459.6,3.1304951685002123,71,0
1,451,457.6,4.774934554525667,71,0
1,461,472.8,42.026182315313854,71,1
2,454,456.8,5.019960159204777,71,0
2,454,474.2,41.05727706509528,71,1
3,463,458.4,5.549774770204937,71,0
3,463,477.2,39.168865186522815,71,1
4,459,457.6,4.979959839195817,71,0
4,459,459.6,3.435112807463369,71,1
5,462,457.8,5.167204273105838,71,0
5,462,459.8,3.563705936240934,71,1
4,458,454.0,2.2360679774999963,72,1
5,454,454.2,2.1679483388668865,72,0
6,454,454.2,2.1679483388680927,72,1
6,453,454.2,2.1679483388668865,72,0
0,564,476.4,49.01326351101298,72,0
0,564,476.4,49.01326351101303,72,1
1,540,493.8,53.834932896772536,72,1
1,540,493.8,53.834932896772486,72,0
2,452,493.6,54.02591970526741,72,1
2,452,492.6,54.888978857326144,72,0
3,451,492.2,55.25576892958781,72,1
3,451,492.0,55.43013620766231,72,0
4,452,491.8,55.607553443754355,72,0
4,452,491.8,55.6075534437544,72,1
5,454,469.8,39.258120179142516,72,0
5,454,469.8,39.25812017914258,72,1
0,452,452.2,1.0954451150112658,72,1
1,452,452.2,1.0954451150089828,72,0
1,449,451.6,1.8165902124590634,72,1
2,452,451.8,1.7888543820004075,72,1
2,452,452.2,1.0954451150089828,72,0
3,450,452.0,1.4142135623720513,72,0
3,450,451.4,1.9493588689623187,72,1
4,454,452.4,1.6733200530672723,72,0
4,454,451.4,1.9493588689623187,72,1
5,452,451.4,1.9493588689623187,72,1
4,459,480.2,40.86196275266278,73,0
4,453,452.0,6.403124237432955,74,0
0,446,450.2,6.610597552415599,74,1
0,446,452.6,5.412947441089874,74,0
1,455,452.6,5.41294744109003,74,1
1,455,451.6,3.974921382870539,74,0
2,452,451.0,3.535533905933185,74,1
3,453,451.8,3.4205262752978753,74,1
3,452,451.0,3.5355339059329447,74,0
4,456,452.4,3.9115214431217797,74,0
0,449,451.6,4.159326868617265,74,0
0,456,452.4,3.911521443121997,74,1
2,457,454.6,2.0736441353335473,74,1
3,457,453.8,3.271085446759447,74,0
3,462,456.0,3.937003937006314,74,1
4,458,454.4,3.7815340802380035,74,0
4,458,457.2,3.2710854467597175,74,1
5,457,455.4,3.646916505762301,74,0
1,449,475.0,52.014421077235944,75,1
1,568,475.4,51.77161384388163,75,0
2,453,475.2,51.90568369648941,75,1
2,453,475.8,51.5431857765893,75,0
0,449,474.4,52.36220010656549,75,1
0,449,475.2,51.90568369648931,75,0
1,453,475.2,51.90568369648931,75,0
1,453,474.4,52.36220010656549,75,1
2,453,475.2,51.90568369648931,75,0
2,453,451.4,2.190890230022016,75,1
3,453,452.2,1.7888543819988156,75,0
3,453,452.2,1.7888543820014928,75,1
4,454,452.4,1.9493588689608625,75,0
4,454,452.4,1.9493588689633192,75,1
5,454,453.4,0.547722557510625,75,1
5,454,453.4,0.5477225575018815,75,0
6,453,453.4,0.547722557510625,75,1
6,453,453.4,0.5477225575018815,75,0
0,566,476.0,50.31401395237709,75,0
0,566,476.0,50.31401395237718,75,1
1,557,496.8,59.14980980527322,75,0
1,557,496.8,59.1498098052733,75,1
2,452,496.4,59.51722439764816,75,1
2,452,496.4,59.51722439764808,75,0
3,451,495.8,60.06413239196914,75,0
4,451,495.8,60.06413239196922,75,1
4,452,495.6,60.24367186684421,75,0
5,454,473.2,46.858297024112986,75,0
5,454,496.0,59.88739433303143,75,1
0,452,452.2,1.0954451150084639,75,0
1,452,473.2,46.858297024113085,75,1
1,449,451.6,1.8165902124573736,75,0
2,452,451.8,1.7888543819986915,75,0
2,452,452.2,1.095445115012615,75,1
3,449,451.2,2.1679483388669376,75,0
3,449,451.6,1.816590212459877,75,1
4,454,451.2,2.1679483388669376,75,0
4,454,452.2,2.049390153193145,75,1
5,452,451.2,2.1679483388669376,75,0
5,452,451.8,1.7888543820012337,75,1
4,449,490.8,54.965443689649156,76,0
1,496,463.0,19.710403344427,76,1
1,496,478.0,40.32369030731174,76,0
2,453,463.8,19.07092027144991,76,1
2,453,460.4,20.06987792688285,76,0
0,456,461.8,19.305439647933408,76,1
0,456,461.8,19.305439647932914,76,0
1,457,462.2,19.149412523625372,76,0
1,457,462.2,19.149412523625866,76,1
2,455,463.4,18.28387267511948,76,0
2,455,463.4,18.283872675119984,76,1
3,463,456.8,3.7682887362832083,76,1
4,454,457.0,3.5355339059325797,76,1
4,463,456.8,3.76828873628038,76,0
5,456,457.4,3.2093613071727876,76,0
5,456,457.0,3.5355339059325797,76,1
0,462,458.6,3.6469165057591324,76,0
0,462,458.0,4.183300132670245,76,1
2,541,475.2,36.98242825991824,76,1
2,541,475.4,36.84155262743396,76,0
3,464,475.4,36.90257443593873,76,1
3,464,477.2,35.80083797901925,76,0
4,446,473.8,38.212563379077295,76,1
5,446,473.8,38.21256337907712,76,0
5,453,473.2,38.58367530446003,76,1
0,461,474.8,37.692174254080726,76,0
1,461,473.0,38.6587635601554,76,1
1,446,471.6,39.67744951480607,76,0
2,458,455.0,8.485281374237182,76,0
2,458,456.4,7.092249290598779,76,1
3,460,454.2,7.563068160474035,76,0
3,460,455.6,6.1886993787062226,76,1
4,459,456.8,6.140032573201651,76,0
4,459,458.2,3.1144823004792825,76,1
5,456,455.8,5.674504383642404,76,0
5,456,458.8,1.9235384061668102,76,1
6,464,466.0,4.6368092477476806,77,0
0,569,487.2,45.931470692761394,77,0
0,569,486.4,46.48978382397581,77,1
1,469,487.0,46.178999556075304,77,1
2,465,485.2,46.98084716136995,77,1
0,468,486.0,46.5617869072913,77,1
1,465,487.2,45.76243000540949,77,1
1,469,488.4,45.213935904762806,77,0
2,469,489.0,44.86089611231589,77,0
3,469,467.2,2.049390153192587,77,1
3,468,487.8,45.43897005875022,77,0
4,461,465.6,3.1304951685001465,77,1
5,472,467.0,4.183300132670707,77,1
6,465,466.4,4.219004621946123,77,1
6,461,487.2,45.84975463402176,77,0
0,564,486.2,43.688671300464186,77,1
0,564,486.2,43.61994956439082,77,0
1,560,504.4,52.69060637343245,77,0
1,560,504.4,52.747511789657,77,1
2,466,503.8,53.209021791421804,77,0
3,466,505.4,51.75712511336003,77,1
3,467,503.6,53.37883475685846,77,0
4,467,504.4,52.605132829411275,77,1
4,467,504.8,52.23696009531949,77,0
5,462,484.4,42.31193685001906,77,0
5,462,503.8,53.18082361152377,77,1
0,463,483.6,42.75862486095647,77,1
0,463,465.0,2.345207879911715,77,0
1,464,464.6,2.302172886644269,77,0
2,464,464.4,2.0736441353340322,77,1
2,465,464.2,1.9235384061671408,77,0
3,473,465.4,4.393176527297767,77,0
3,473,465.8,4.438468204235014,77,1
4,461,464.6,4.8270073544594085,77,1
4,461,465.2,4.604345773288544,77,0
5,475,467.6,6.066300355241244,77,0
5,475,467.2,6.340346993659356,77,1
0,568,475.8,51.56258333326594,78,0
0,568,475.4,51.77161384388177,78,1
1,449,475.0,52.01442107723598,78,1
1,449,474.6,52.23313124827951,78,0
2,453,475.0,52.014421077235816,78,0
2,453,475.2,51.90568369648945,78,1
0,449,474.4,52.36220010656552,78,1
1,453,474.4,52.36220010656552,78,1
1,449,474.4,52.36220010656536,78,0
2,453,474.4,52.36220010656536,78,0
2,453,451.4,2.1908902300228466,78,1
3,453,451.4,2.1908902300180895,78,0
3,453,452.2,1.7888543820025098,78,1
4,453,452.2,1.7888543819967249,78,0
4,453,452.2,1.7888543820025098,78,1
5,454,452.4,1.9493588689589534,78,0
5,454,453.2,0.4472135955106857,78,1
6,453,453.2,0.4472135955106857,78,1
6,453,453.2,0.44721359548777245,78,0
0,564,475.4,49.530798499519406,78,0
0,564,475.4,49.53079849951957,78,1
1,578,500.4,64.63977103919845,78,0
2,578,500.4,64.63977103919855,78,1
2,451,500.0,65.0115374375964,78,0
3,451,500.0,65.0115374375965,78,1
3,451,499.4,65.55379470328165,78,0
4,452,499.6,65.3704826355138,78,1
4,452,499.2,65.73203176534253,78,0
5,454,499.8,65.19355796395845,78,1
0,451,477.2,56.36222138986371,78,1
0,454,477.2,56.36222138986357,78,0
1,450,451.6,1.516575088806832,78,0
1,450,451.6,1.5165750888137621,78,1
2,452,451.8,1.4832396974226605,78,1
2,452,451.8,1.4832396974155917,78,0
3,449,451.4,1.9493588689590782,78,0
4,449,451.2,1.923538406169853,78,1
4,454,451.8,2.2803508501959775,78,0
5,452,450.8,1.303840481044535,78,1
3,449,511.0,56.70537893357198,79,1
4,453,494.6,58.36351600100872,79,0
5,455,473.8,47.12430370838387,79,0
6,455,453.2,2.489979919598204,79,0
0,566,475.6,50.59446610055295,79,0
1,454,476.6,49.982997109017,79,0
1,453,493.8,59.08214620340037,79,1
2,459,477.8,49.342679294906574,79,0
0,457,478.2,49.11924266517147,79,0
1,459,473.8,47.23028689305161,79,1
1,461,479.4,48.47989273915528,79,0
2,457,457.6,2.6076809620811474,79,0
2,457,453.6,4.3358966777299,79,1
3,460,455.6,4.560701700391127,79,1
3,460,458.8,1.7888543819999516,79,0
4,463,459.6,2.607680962081137,79,0
4,463,458.4,3.7148351241949316,79,1
5,459,460.0,2.2360679774998764,79,0
5,459,459.6,2.1908902300099733,79,1
0,722,458.8,3.033150177620686,79,0
1,551,477.6,41.13149644736987,79,0
3,456,476.8,41.595672851872465,79,0
4,722,458.8,3.0331501776128076,79,1
4,460,476.2,41.865260061296645,79,0
5,462,459.8,3.1144823004719884,79,1
5,462,476.8,41.57763822056275,79,0
0,454,476.6,41.71090984382863,79,0
0,454,458.6,4.037325847631386,79,1
1,460,458.0,3.3911649915555713,79,1
2,460,458.4,3.286335345031102,79,0
3,471,460.4,6.804410334478194,79,1
4,459,459.0,3.0000000000001186,79,0
5,526,472.2,30.21919919521364,79,0
5,449,459.2,8.34865258589389,79,1
2,465,485.4,46.84335598566783,80,1
2,465,487.4,45.90533738030919,80,0
0,468,486.2,46.418746213141105,80,1
0,468,486.2,46.418746213141226,80,0
1,465,487.2,45.76243000540948,80,1
1,465,487.2,45.7624300054096,80,0
2,469,467.2,2.049390153196109,80,0
2,469,467.2,2.0493901531922543,80,1
3,468,467.0,1.8708286933873353,80,1
3,468,467.0,1.8708286933915719,80,0
4,462,466.4,2.880972058177818,80,1
4,462,466.4,2.8809720581805958,80,0
5,542,481.2,34.09838705862806,80,0
6,542,481.2,34.098387058627885,80,1
6,465,481.2,34.09838705862806,80,0
0,564,500.2,48.869213212410216,80,0
0,564,501.0,48.17675788178364,80,1
1,558,518.8,49.81164522478657,80,1
1,558,518.2,50.588536250814826,80,0
2,467,519.2,49.231087739354344,80,0
2,467,518.6,50.067953822779735,80,1
3,467,504.2,51.900867044780725,80,0
3,467,519.6,48.68572686116542,80,1
4,467,504.6,51.52960314227157,80,1
4,467,504.6,51.52960314227159,80,0
5,462,484.2,41.312225793341184,80,1
5,462,484.2,41.312225793341206,80,0
0,463,465.2,2.489979919598658,80,1
0,463,465.2,2.4899799195990235,80,0
1,464,464.6,2.3021728866452533,80,1
1,464,464.6,2.302172886645648,80,0
2,465,464.2,1.923538406168792,80,0
2,465,464.2,1.9235384061683192,80,1
3,473,465.4,4.393176527298283,80,1
3,473,465.4,4.39317652729849,80,0
4,461,465.2,4.604345773289036,80,1
4,461,465.2,4.604345773289234,80,0
5,474,467.4,5.770615218501808,80,1
4,543,541.0,45.89117562233513,81,1
4,543,541.0,45.891175622335055,81,0
5,550,558.6,13.371611720357663,81,1
5,550,558.6,13.371611720357391,81,0
0,547,552.8,9.731392500562624,81,1
0,547,552.8,9.73139250056225,81,0
1,469,533.0,36.09016486523716,81,0
1,469,533.0,36.09016486523726,81,1
2,480,517.8,39.79572841398934,81,0
2,480,517.8,39.79572841398943,81,1
3,448,498.8,46.815595692034115,81,1
3,448,498.8,46.81559569203404,81,0
4,468,482.4,37.91173960661782,81,0
4,468,482.4,37.91173960661792,81,1
5,453,463.6,12.973048986263848,81,1
5,453,463.6,12.973048986263567,81,0
6,466,463.0,12.727922061357914,81,1
0,546,476.2,39.92743417751761,81,1
0,466,463.0,12.727922061357628,81,0
1,460,459.0,8.485281374238228,81,0
1,460,478.6,38.12872932579844,81,1
2,464,477.8,38.44736661983499,81,1
2,464,462.2,5.932958789676042,81,0
0,462,479.6,37.18601887806763,81,1
0,462,461.0,4.999999999999418,81,0
1,450,476.4,39.27849284277595,81,1
2,450,460.4,6.228964600958502,81,0
3,460,459.2,5.40370243444197,81,0
3,443,455.8,8.95544527089531,81,1
4,454,454.6,8.648699324175931,81,1
4,454,458.0,5.830951894844793,81,0
5,451,455.4,5.36656314599894,81,0
5,451,452.0,6.892024376045203,81,1
1,548,544.6,4.774934554524469,82,0
1,544,513.0,45.70557952810576,82,1
2,454,511.4,48.01874633932043,82,1
2,454,527.8,41.366653236634825,82,0
3,459,511.2,49.9969999099945,82,0
4,459,493.0,48.892739747328434,82,0
4,459,510.4,49.28792955683977,82,1
5,459,475.8,40.4190549122563,82,0
5,459,492.2,47.78807382600808,82,1
6,459,458.0,2.2360679774976036,82,0
6,459,475.0,38.6328875441637,82,1
0,544,476.0,38.013155617496295,82,0
0,544,475.0,38.6328875441637,82,1
1,550,494.2,48.24624337707547,82,1
1,550,494.2,48.24624337707538,82,0
2,462,494.8,47.71477758514651,82,1
2,462,494.8,47.714777585146415,82,0
3,458,494.6,47.904070808230806,82,0
3,458,494.6,47.9040708082309,82,1
4,459,494.6,47.9040708082309,82,1
4,459,494.6,47.904070808230806,82,0
5,456,477.0,40.86563348340499,82,0
5,456,477.0,40.8656334834051,82,1
0,563,482.4,45.0976717802594,83,0
1,471,484.4,44.09988662116943,83,1
1,471,484.8,43.842901363846856,83,0
2,463,484.8,43.842901363846856,83,0
2,463,484.4,44.09988662116943,83,1
0,471,486.4,42.98604424694134,83,1
0,471,486.4,42.98604424694141,83,0
1,464,486.4,42.98604424694133,83,1
1,464,486.4,42.986044246941404,83,0
2,460,465.8,4.969909455915444,83,1
2,460,465.8,4.969909455916039,83,0
3,464,464.4,4.037325847636993,83,1
3,464,464.4,4.0373258476377245,83,0
4,464,464.6,3.9749213828700785,83,1
4,464,464.6,3.974921382870822,83,0
5,459,462.2,2.4899799195973067,83,1
5,459,462.2,2.489979919598494,83,0
1,468,463.0,3.6055512754645047,83,0
1,468,463.0,3.605551275463685,83,1
2,471,465.2,4.549725266431341,83,0
2,471,465.2,4.549725266430691,83,1
3,465,465.4,4.505552130427283,83,1
3,465,465.4,4.5055521304279385,83,0
4,469,466.4,4.669047011971271,83,1
4,469,466.4,4.669047011971904,83,0
5,459,466.4,4.669047011971271,83,1
5,459,466.4,4.669047011971904,83,0
0,459,464.6,5.549774770204985,83,0
0,459,464.6,5.549774770204452,83,1
1,459,462.2,4.6043457732889514,83,0
1,459,462.2,4.604345773288309,83,1
2,467,462.6,4.979959839195874,83,0
2,467,462.6,4.9799598391952795,83,1
3,467,462.2,4.381780460041094,83,1
4,467,462.2,4.381780460041768,83,0
4,457,461.8,4.816637831516707,83,1
4,448,449.0,5.522680508594006,84,1
5,449,449.4,5.412947441090127,84,1
6,450,447.8,2.7748873851030575,84,1
0,581,475.4,59.036429431326596,84,1
2,441,473.8,60.030825414948325,84,1
3,445,473.2,60.36720964232159,84,1
4,529,464.2,36.40329655402104,84,0
4,471,477.6,58.94743421048965,84,1
5,455,465.4,35.87199464763564,84,0
5,455,478.6,58.40205475837306,84,1
0,446,465.2,36.00277767061869,84,0
0,446,451.6,11.991663771137263,84,1
2,459,461.6,4.929503017546128,85,1
0,465,462.2,5.167204273105177,85,1
0,465,459.6,4.7749345545253234,85,0
2,457,458.2,4.147288270665541,85,0
3,450,457.2,5.495452665613631,85,0
3,457,460.0,4.358898943540257,85,1
4,455,458.2,4.147288270665105,85,1
4,455,456.4,5.458937625582467,85,0
5,455,456.4,5.458937625582467,85,0
0,635,455.6,3.974921382870339,85,0
1,558,475.8,46.116157689035624,85,0
2,461,478.0,44.82186966202994,85,0
3,635,458.2,4.147288270665105,85,1
3,464,479.8,43.83719881561777,85,0
4,463,481.4,42.84040149204953,85,0
4,463,459.0,4.690415759823042,85,1
5,458,480.8,43.216894844493396,85,0
0,458,457.6,3.2863353450304422,85,1
0,458,460.8,2.7748873851023643,85,0
1,462,458.6,3.781534080237322,85,1
1,462,461.0,2.828427124746232,85,0
2,560,479.6,45.05885040699547,85,1
2,560,480.2,44.66766168045962,85,0
3,459,479.4,45.086583370222236,85,0
3,459,480.4,44.545482374759345,85,1
4,457,479.2,45.20730029541689,85,0
4,457,479.2,45.20730029541684,85,1
5,458,479.2,45.20730029541689,85,0
5,458,479.2,45.20730029541684,85,1
5,460,491.8,48.77704378086071,86,1
6,464,456.0,5.700877125498523,86,0
2,573,478.6,53.03112293738478,86,0
2,464,492.6,48.153919881978474,86,1
0,457,479.8,52.31347818679253,86,0
1,453,480.0,52.182372502599165,86,0
1,457,494.2,46.44566718220335,86,1
2,461,481.6,51.26207174900382,86,0
4,1133,478.8,52.82234375716415,86,0
5,1133,477.2,37.425926842230716,86,1
5,450,454.2,4.764451699832388,86,0
6,452,453.2,4.549725266434932,86,0
6,452,458.8,4.549725266432042,86,1
0,557,474.0,46.62081080376039,86,0
0,557,478.2,44.279792230768265,86,1
1,558,493.4,58.52179081333729,86,0
2,452,493.8,58.15668491239859,86,0
2,558,497.0,55.32178594369492,86,1
3,454,494.6,57.42647473073729,86,0
4,459,496.0,56.20053380529413,86,0
5,452,475.0,46.48655719667808,86,0
5,454,496.4,55.877544684783715,86,1
0,451,453.6,3.2093613071820473,86,0
1,450,453.2,3.5637059362463597,86,0
2,451,452.6,3.6469165057672956,86,0
3,450,450.8,0.83666002655746,86,0
4,452,450.8,0.83666002655746,86,0
4,451,494.4,57.61336650465759,86,1
0,650,557.4,9.762171889492626,87,0
5,608,558.6,8.792041856133313,87,0
0,559,559.0,8.746427842267956,87,0
0,608,560.2,5.761944116355192,87,1
1,557,556.4,6.228964600958982,87,0
2,556,554.8,4.604345773288541,87,0
3,557,560.0,5.87367006223538,87,1
3,561,557.6,2.408318915758488,87,0
4,555,557.6,2.408318915758488,87,0
2,537,510.8,25.645662401271654,88,0
3,539,532.4,10.334408546211035,88,1
3,539,510.6,25.363359398943953,88,0
4,508,526.0,13.784048752090209,88,1
4,508,514.2,22.86263326915774,88,0
1,498,514.0,23.032585612562002,88,0
1,498,522.6,18.474306482247172,88,1
4,546,525.6,21.196697856034078,88,1
4,546,525.6,21.19669785603404,88,0
5,503,518.8,22.061278294786085,88,1
5,503,518.8,22.061278294786046,88,0
0,569,524.8,31.140006422606888,88,0
0,569,524.8,31.140006422606916,88,1
1,557,534.6,32.22266283223657,88,1
1,557,534.6,32.222662832236544,88,0
2,545,544.0,24.89979919597743,88,0
3,508,536.4,29.50932056147681,88,0
3,545,544.0,24.899799195977465,88,1
4,548,545.4,22.897598127314538,88,0
1,545,542.0,1.8708286933870257,89,1
0,540,541.8,2.049390153191964,89,1
1,543,542.0,2.1213203435596846,89,1
2,540,541.8,2.049390153191931,89,0
2,540,541.6,2.3021728866443087,89,1
3,537,541.0,3.082207001484517,89,1
3,537,540.8,2.949576240750523,89,0
4,542,540.4,2.3021728866443087,89,1
4,542,540.8,2.949576240750523,89,0
5,543,541.0,2.54950975679643,89,1
5,543,541.4,3.0495901363953832,89,0
1,542,540.8,2.3874672772627084,89,1
1,542,540.8,2.387467277262665,89,0
2,540,540.8,2.387467277262665,89,0
2,540,540.8,2.3874672772627084,89,1
3,538,541.0,2.0000000000000657,89,1
3,538,541.0,2.000000000000014,89,0
5,542,541.0,2.0000000000000657,89,1
5,542,541.0,2.000000000000014,89,0
0,538,540.0,2.000000000000014,89,0
0,538,540.0,2.0000000000000657,89,1
1,538,539.2,1.78885438199991,89,1
1,538,539.2,1.7888543819998524,89,0
2,537,538.6,1.9493588689618175,89,0
2,537,538.6,1.9493588689618704,89,1
3,539,538.8,1.9235384061671592,89,0
3,539,538.8,1.9235384061672127,89,1
4,538,538.0,0.7071067811865827,89,0
4,538,538.0,0.7071067811867284,89,1
0,619,553.4,7.300684899377589,90,1
0,619,551.2,7.155417527999344,90,0
0,555,552.8,6.942621983083909,90,1
1,553,552.6,6.542170893518462,90,0
1,553,553.2,6.870225614927066,90,1
5,548,552.0,6.855654600401055,90,0
0,559,553.6,7.469939758793247,90,0
0,548,552.6,7.231873892705817,90,1
3,554,551.8,5.449770637375504,90,0
3,554,550.8,4.6583258795408575,90,1
0,537,543.0,4.062019202318112,91,0
0,537,543.0,4.062019202317875,91,1
0,552,544.6,5.770615218501324,91,1
1,552,544.6,5.770615218501492,91,0
3,537,543.8,6.610597552415432,91,0
3,533,543.0,7.778174593051962,91,1
5,530,540.6,8.79204185613336,91,0
5,530,539.8,9.364827814754467,91,1
1,540,538.4,8.502940667792457,91,1
1,540,539.2,8.043631020876143,91,0
5,541,540.0,7.968688725254673,91,0
5,541,539.2,8.526429498916812,91,1
0,560,540.8,11.691877522451184,91,1
1,560,541.6,11.148990985735024,91,0
2,541,542.4,10.876580344942953,91,1
2,542,542.6,10.853570840972145,91,0
3,544,545.4,8.29457654133113,91,0
3,544,545.2,8.408329203831132,91,1
4,540,545.4,8.29457654133113,91,0
1,540,539.0,1.999999999999833,92,1
1,540,539.0,1.9999999999997762,92,0
2,543,539.6,2.7018512172211313,92,1
2,543,539.6,2.701851217221089,92,0
3,536,539.2,3.1144823004793816,92,1
3,536,539.2,3.114482300479345,92,0
4,538,538.6,2.966479394838159,92,1
4,538,538.6,2.966479394838121,92,0
5,541,539.6,2.7018512172211375,92,1
1,536,538.8,3.1144823004793762,92,1
1,541,539.6,2.701851217221096,92,0
3,544,539.0,3.464101615137646,92,1
3,544,540.4,3.361547262794195,92,0
4,541,540.0,3.0822070014843463,92,0
4,541,540.0,3.082207001484366,92,1
5,541,541.0,2.1213203435594368,92,0
5,541,540.6,2.8809720581774556,92,1
0,537,540.8,2.4899799195975603,92,0
0,537,539.8,3.271085446759104,92,1
1,541,540.8,2.4899799195975603,92,0
1,541,540.8,2.4899799195975985,92,1
2,539,539.8,1.7888543819995566,92,0
2,539,539.8,1.78885438199961,92,1
3,541,539.8,1.7888543819995566,92,0
3,541,539.8,1.78885438199961,92,1
4,534,538.4,2.966479394838091,92,0
4,534,538.4,2.966479394838123,92,1
0,543,539.6,2.6076809620811012,93,0
1,539,539.6,2.607680962080687,93,1
1,539,539.6,2.6076809620811012,93,0
2,543,540.4,2.96647939483794,93,1
2,543,540.4,2.9664793948383044,93,0
3,536,539.4,3.5071355833500655,93,0
3,536,539.4,3.5071355833497573,93,1
4,537,539.6,3.2863353450307056,93,1
4,537,539.6,3.286335345031034,93,0
5,542,539.4,3.0495901363950746,93,1
5,542,539.4,3.0495901363954285,93,0
1,536,538.8,3.420526275297451,93,0
3,536,538.8,3.420526275297135,93,1
3,543,538.8,3.420526275297451,93,0
4,541,538.4,2.880972058177248,93,1
4,541,539.8,3.114482300479537,93,0
5,541,539.4,2.7018512172209035,93,1
5,541,540.6,2.701851217221323,93,0
0,537,539.6,2.9664793948383283,93,0
0,537,539.4,2.7018512172209035,93,1
1,541,540.6,2.1908902300207433,93,0
1,541,539.2,2.489979919597352,93,1
2,539,539.8,1.7888543819999299,93,0
2,539,539.8,1.7888543819992666,93,1
3,540,539.6,1.67332005306825,93,0
3,540,539.6,1.673320053067541,93,1
4,534,538.2,2.7748873851023936,93,0
4,534,538.2,2.774887385101966,93,1
5,538,515.6,31.91081321433222,94,1
0,767,485.8,63.93512336736358,94,1
4,396,461.2,71.21586901807771,94,1
5,524,460.6,70.53226212167026,94,1
6,537,476.0,78.34219807996199,94,1
0,400,448.4,75.28811327161812,94,1
1,333,438.0,88.64254057730972,94,1
2,540,466.8,94.76655528191368,94,1
3,462,454.4,89.3101338035052,94,1
4,458,438.6,77.21269325700277,94,1
2,540,541.8,2.4899799195976944,95,0
0,536,540.6,3.5777087639998695,95,1
1,536,540.6,3.5777087639996314,95,0
1,543,541.0,3.741657386774139,95,1
2,540,540.4,3.5777087639996314,95,0
2,540,541.0,3.741657386774139,95,1
4,538,539.4,2.607680962081341,95,1
4,538,540.0,3.741657386773911,95,0
5,543,539.4,2.607680962081021,95,0
5,543,540.0,3.0822070014847256,95,1
1,542,541.2,2.167948338868215,95,1
1,542,539.8,2.8635642126552403,95,0
2,541,540.8,1.9235384061675194,95,1
2,541,540.8,1.923538406167104,95,0
3,538,540.4,2.302172886644241,95,0
3,538,540.4,2.302172886644588,95,1
5,542,541.2,1.923538406167104,95,0
5,542,541.2,1.9235384061675194,95,1
0,538,540.2,2.0493901531922947,95,1
0,538,540.2,2.0493901531919048,95,0
1,538,539.4,1.9493588689617811,95,0
1,538,539.4,1.9493588689621912,95,1
2,537,538.6,1.9493588689621912,95,1
2,537,538.6,1.9493588689617811,95,0
3,539,538.8,1.9235384061675378,95,1
4,539,538.8,1.9235384061671223,95,0
4,538,538.0,0.7071067811876127,95,1
0,540,541.8,2.4899799195976287,96,1
1,540,541.8,2.4899799195975887,96,0
1,543,542.0,2.549509756796277,96,1
2,540,541.8,2.683281572999633,96,1
2,540,541.4,2.6076809620809063,96,0
3,538,541.4,3.1304951684996074,96,1
3,538,540.8,3.0331501776204823,96,0
4,543,540.8,2.167948338867738,96,1
4,543,541.4,3.130495168499576,96,0
5,543,540.8,2.167948338867692,96,0
5,543,541.4,2.302172886644139,96,1
1,542,541.2,2.167948338867692,96,0
1,542,541.2,2.167948338867738,96,1
2,541,541.4,2.0736441353326187,96,1
2,541,541.4,2.0736441353325707,96,0
3,538,541.4,2.0736441353325707,96,0
3,538,541.4,2.0736441353326187,96,1
5,542,541.2,1.9235384061669634,96,1
5,542,541.2,1.9235384061669116,96,0
0,538,540.2,2.049390153191773,96,1
0,538,540.2,2.0493901531917245,96,0
1,538,539.4,1.9493588689615915,96,0
1,538,539.4,1.9493588689616426,96,1
2,537,538.6,1.9493588689615915,96,0
2,537,538.6,1.9493588689616426,96,1
3,539,538.8,1.9235384061669303,96,0
3,539,538.8,1.923538406166982,96,1
4,538,538.0,0.7071067811859597,96,0
4,538,538.0,0.7071067811861004,96,1
1,546,542.0,2.345207879911713,97,0
2,540,541.8,2.4899799195976158,97,1
2,540,541.8,2.48997991959774,97,0
0,536,540.6,3.577708763999577,97,1
1,543,541.0,3.7416573867738587,97,1
2,540,541.0,3.7416573867738587,97,1
2,536,540.6,3.577708763999663,97,0
3,537,539.2,2.774887385102216,97,1
3,537,539.8,3.8987177379235805,97,0
4,542,539.6,3.049590136395284,97,1
4,542,540.2,4.024922359499613,97,0
5,543,541.0,2.549509756796271,97,1
5,543,539.6,3.0495901363953797,97,0
1,542,540.0,3.240370349203929,97,0
1,542,540.8,2.3874672772625387,97,1
2,541,541.0,2.345207879911713,97,0
2,541,541.0,2.345207879911589,97,1
5,538,541.2,1.923538406166993,97,1
5,538,541.2,1.9235384061671446,97,0
1,538,540.4,2.302172886644148,97,1
1,538,540.4,2.3021728866442746,97,0
2,537,539.2,2.1679483388678906,97,0
2,537,539.2,2.167948338867756,97,1
3,539,538.6,1.5165750888103373,97,0
4,525,535.4,5.856620185738531,97,0
4,539,538.6,1.5165750888101452,97,1
1,546,540.8,3.27108544675923,98,0
1,546,540.8,3.271085446759295,98,1
5,608,542.6,3.781534080237869,98,1
4,608,542.6,3.7815340802378126,98,0
4,539,542.2,4.0865633483405714,98,1
5,535,541.0,5.244044240850804,98,1
0,556,544.6,8.080841540334795,98,1
0,535,541.4,5.128352561983232,98,0
1,554,544.0,7.58287544405155,98,0
1,553,546.0,8.944271909999182,98,1
2,558,548.0,8.803408430829505,98,0
2,558,548.2,10.473776778220943,98,1
3,564,551.6,11.148990985734983,98,0
3,564,553.2,10.940749517286282,98,1
4,533,548.8,13.989281611290826,98,0
4,533,552.8,11.777096416349808,98,1
2,542,557.2,17.79606698121807,99,0
3,608,568.2,16.08415369237688,99,1
3,608,558.0,16.777961735562506,99,0
0,602,564.4,18.756332264064866,99,1
0,602,556.2,17.512852423291868,99,0
1,550,545.0,4.062019202317828,100,0
1,550,545.0,4.062019202318003,100,1
2,547,546.6,2.3021728866439983,100,0
3,608,546.6,2.302172886644307,100,1
3,608,547.2,1.788854381999481,100,0
4,556,549.0,4.301162633521167,100,0
4,556,549.0,4.301162633521332,100,1
5,544,548.8,4.549725266430785,100,0
5,544,548.4,4.827007354458882,100,1
5,533,545.4,8.264381404557668,100,0
0,533,546.0,8.51469318296321,100,1
2,552,546.4,8.792041856133226,100,0
3,543,545.6,8.905054744357194,100,0
3,552,546.4,8.792041856133318,100,1
4,553,545.0,8.09320702811924,100,0
4,553,547.6,9.289779329994882,100,1
2,535,534.8,7.72657750883274,101,0
0,540,533.2,4.438468204234518,101,1
1,534,533.6,4.393176527297847,101,1
2,540,533.2,4.438468204234392,101,0
2,530,533.6,4.393176527297847,101,1
3,545,536.8,5.80517010948007,101,1
5,545,536.4,6.107372593840961,101,0
5,539,537.6,5.7706152185014785,101,1
1,547,539.4,7.021395872616766,101,0
1,547,539.0,7.176350047203723,101,1
2,549,543.2,5.67450438364442,101,0
2,549,542.0,7.6811457478686656,101,1
3,543,544.6,3.847076812334385,101,1
4,538,543.2,4.816637831517019,101,1
5,543,544.8,3.4928498393145384,101,0
5,538,543.0,5.049752469181129,101,1
0,531,539.8,6.68580586017877,101,1
0,531,543.0,7.0710678118654515,101,0
1,542,538.4,4.72228758124711,101,1
2,534,536.6,4.219004621945876,101,1
3,528,534.6,5.549774770204708,101,1
3,542,542.4,6.985699678629168,101,0
4,532,539.4,7.700649323271355,101,0
0,543,539.8,2.5884358211087557,102,1
1,539,539.6,2.6076809620810315,102,0
1,539,539.6,2.60768096208086,102,1
2,543,540.4,2.966479394838092,102,1
2,543,540.4,2.966479394838243,102,0
3,536,539.4,3.507135583349886,102,1
3,536,539.4,3.5071355833500135,102,0
4,538,539.8,3.1144823004794615,102,0
4,538,539.8,3.114482300479318,102,1
5,541,539.4,2.7018512172210576,102,1
5,541,539.4,2.7018512172212232,102,0
1,535,538.6,3.3615472627941645,102,1
1,535,538.6,3.3615472627942973,102,0
3,543,538.6,3.3615472627941645,102,1
3,543,538.6,3.3615472627942973,102,0
4,541,539.6,3.1304951684995315,102,1
4,541,539.6,3.1304951684996745,102,0
5,540,540.0,2.9999999999998166,102,1
5,540,540.0,2.999999999999966,102,0
1,537,539.2,3.193743884534235,102,0
1,537,539.2,3.193743884534095,102,1
2,539,540.0,2.236067977499537,102,1
2,539,540.0,2.2360679774997374,102,0
3,540,539.4,1.5165750888102343,102,0
3,540,539.4,1.516575088809939,102,1
4,534,538.0,2.549509756796345,102,0
4,534,538.0,2.5495097567961693,102,1
3,547,551.2,11.454256850621112,103,1
3,547,553.0,9.669539802906813,103,0
5,548,553.2,9.52365476064726,103,0
5,548,546.8,4.604345773288639,103,1
0,556,550.4,3.507135583349963,103,0
0,556,548.2,6.220932405998382,103,1
1,554,548.8,6.685805860178781,103,1
2,554,551.2,3.834057902536091,103,0
2,550,551.0,3.8729833462075547,103,1
3,543,549.6,5.319774431308107,103,0
3,543,550.2,5.118593556828005,103,1
4,556,551.4,5.727128425310498,103,0
4,556,551.8,5.495452665613743,103,1
2,540,538.6,2.6076809620809636,104,1
2,540,538.4,3.781534080237773,104,0
0,536,539.2,2.1679483388678413,104,0
0,536,538.0,2.8284271247461024,104,1
1,537,538.2,2.683281572999658,104,1
1,537,538.8,2.3874672772626235,104,0
2,546,540.2,4.024922359499548,104,1
3,539,539.6,3.9115214431215173,104,1
3,546,540.2,4.024922359499587,104,0
4,532,538.2,5.215361924162103,104,0
5,529,536.0,6.4420493633625515,104,0
5,532,538.0,5.147815070493445,104,1
1,542,537.2,6.978538528947145,104,0
4,542,539.2,5.2630789467762495,104,1
4,545,538.8,7.791020472312974,104,0
5,534,536.4,6.804410334481582,104,0
5,534,538.6,5.727128425310489,104,1
0,533,536.6,6.65582451691748,104,0
0,533,536.0,4.301162633521249,104,1
1,554,539.0,9.273618495495676,104,1
1,554,541.6,8.61974477580396,104,0
2,544,541.4,8.532291603080585,104,1
2,544,542.0,8.689073598491365,104,0
3,542,541.4,8.532291603080585,104,1
3,542,541.4,8.532291603080598,104,0
4,536,541.8,8.136338242723175,104,0
0,563,548.6,11.14899098573498,105,1
0,563,548.6,11.148990985734983,105,0
1,543,549.0,10.83974169433939,105,1
1,543,549.0,10.839741694339393,105,0
2,546,550.6,9.289779329994868,105,0
2,546,550.6,9.289779329994863,105,1
4,547,548.4,8.354639429682164,105,0
4,547,548.4,8.354639429682159,105,1
5,546,549.0,7.968688725254606,105,1
5,546,549.0,7.968688725254611,105,0
1,537,543.8,4.0865633483404835,105,1
1,537,543.8,4.086563348340494,105,0
2,541,543.4,4.277849927241461,105,1
2,541,543.4,4.277849927241472,105,0
3,544,543.0,4.062019202317961,105,0
5,536,540.8,4.324349662087904,105,0
5,544,543.0,4.06201920231795,105,1
0,551,543.8,5.263078946776294,105,1
0,551,541.8,6.05805249234437,105,0
1,542,543.0,5.1478150704934835,105,1
2,539,543.4,4.615192303685709,105,1
3,542,542.8,5.449770637375475,105,0
3,547,544.6,4.615192303685709,105,1
4,546,545.0,4.63680924774783,105,1
0,541,539.4,4.8270073544588765,106,0
0,543,544.2,3.033150177620601,106,1
1,546,540.2,5.630275304103697,106,0
1,546,544.2,3.033150177620601,106,1
0,535,539.2,6.099180272790766,106,0
0,535,542.4,5.128352561983217,106,1
2,546,542.0,4.636809247747829,106,1
2,546,539.8,6.685805860178725,106,0
4,540,541.6,4.615192303685765,106,0
5,540,542.0,4.636809247747829,106,1
5,540,541.4,4.669047011971533,106,0
2,543,540.8,4.086563348340547,106,0
2,543,542.0,4.636809247747829,106,1
3,551,543.0,6.041522986797268,106,1
3,551,544.0,4.636809247747893,106,0
4,549,544.6,5.128352561983268,106,0
4,549,545.8,4.43846820423441,106,1
0,543,545.2,4.60434577328852,106,1
0,543,545.2,4.604345773288573,106,0
2,541,545.4,4.335896677735788,106,0
3,541,545.0,4.690415759823457,106,0
4,532,541.2,6.099180272790795,106,0
0,546,540.0,5.477225575051573,107,0
1,544,541.0,5.700877125495606,107,0
2,545,540.6,3.6469165057621344,107,1
2,541,540.2,5.263078946776215,107,0
3,547,542.2,5.630275304103603,107,0
4,538,543.2,3.7013511046641954,107,0
5,538,541.6,3.9115214431214516,107,0
1,533,539.4,5.128352561983126,107,0
2,541,539.4,5.128352561983126,107,0
3,532,536.4,3.78153408023765,107,0
4,534,535.6,3.78153408023765,107,0
4,547,541.2,4.494441010848873,107,1
5,548,537.6,6.804410334481508,107,0
5,548,543.2,4.9193495504995495,107,1
0,547,545.2,3.6331804249169912,107,1
0,547,540.4,7.300684899377508,107,0
1,533,544.0,6.244997998398392,107,1
1,533,538.8,7.9812279756938835,107,0
2,537,539.8,7.190271204898932,107,0
3,541,541.2,6.418722614352394,107,0
4,537,539.0,5.291502622129079,107,0
2,558,542.0,9.246621004453448,108,0
2,540,542.2,9.2843955107481,108,1
0,542,543.2,8.642916174532743,108,0
0,542,543.4,8.648699324175825,108,1
1,540,543.0,8.774964387392087,108,1
1,540,543.8,8.197560612767653,108,0
2,537,543.8,8.197560612767653,108,0
2,537,543.4,8.354639429682129,108,1
3,543,544.0,8.15475321515002,108,0
3,543,540.4,2.302172886644105,108,1
4,532,538.8,4.438468204234372,108,0
4,532,538.8,4.438468204234335,108,1
5,534,537.2,4.438468204234335,108,1
5,534,537.2,4.438468204234372,108,0
1,533,535.8,4.438468204234335,108,1
1,533,535.8,4.438468204234372,108,0
3,542,536.8,5.263078946776264,108,0
3,542,536.8,5.263078946776233,108,1
4,535,535.2,3.962322551231722,108,0
4,535,535.2,3.9623225512316798,108,1
5,536,536.0,3.535533905932608,108,1
0,537,536.6,3.3615472627941854,108,1
0,536,536.0,3.535533905932655,108,0
1,539,537.0,3.535533905932655,108,0
2,534,537.2,3.2710854467591433,108,0
3,537,536.2,1.9235384061670096,108,0
3,539,537.8,2.7748873851021543,108,1
4,539,537.0,2.121320343559525,108,0
4,539,537.2,1.7888543819995486,108,1
5,545,545.0,11.64044672682284,109,1
1,553,542.8,7.429670248402734,109,1
2,647,545.0,5.049752469181127,109,1
2,647,546.2,11.099549540409255,109,0
5,609,543.8,7.94984276574069,109,0
5,609,547.0,3.9370039370060175,109,1
0,551,547.4,5.549774770204621,109,0
1,560,551.6,5.549774770204621,109,0
1,551,548.4,3.847076812334386,109,1
2,536,541.2,9.093954035511718,110,0
3,543,541.6,9.126883367283702,110,0
3,550,548.0,7.999999999999953,110,1
5,547,545.2,3.4928498393144856,110,1
5,547,541.0,8.514693182963196,110,0
0,555,542.0,9.999999999999996,110,0
1,555,547.6,5.272570530585546,110,1
1,544,545.0,6.892024376045105,110,0
2,559,549.6,7.05691150575093,110,0
3,552,551.4,6.024948132556812,110,0
4,558,553.6,6.024948132556812,110,0
4,559,550.4,6.985699678629134,110,1
0,616,552.4,4.2190046219458095,111,0
0,616,553.4,4.722287581247054,111,1
5,602,555.6,5.079370039680127,111,0
5,602,554.4,6.228964600958989,111,1
0,547,554.2,6.418722614352499,111,0
0,547,552.0,6.32455532033677,111,1
0,543,551.8,8.074651695274545,111,0
0,543,550.6,7.536577472566722,111,1
2,559,552.2,8.438009243891589,111,0
2,559,552.2,8.438009243891601,111,1
2,544,542.4,4.15932686861716,112,1
2,544,542.4,4.159326868617136,112,0
0,536,540.0,3.5355339059328212,112,1
0,536,540.0,3.535533905932793,112,0
1,540,540.0,3.535533905932793,112,0
1,540,540.0,3.5355339059328212,112,1
3,540,540.6,3.1304951684997686,112,0
3,540,540.6,3.1304951684998006,112,1
4,542,540.4,2.9664793948383363,112,0
4,542,540.4,2.96647939483837,112,1
5,540,539.6,2.1908902300207544,112,0
5,540,539.6,2.1908902300208,112,1
1,542,540.8,1.0954451150105995,112,1
1,542,540.8,1.0954451150105087,112,0
2,537,540.2,2.049390153192076,112,1
2,537,540.2,2.0493901531920278,112,0
3,535,539.2,3.1144823004795996,112,1
3,535,539.2,3.1144823004795676,112,0
4,537,538.2,2.774887385102422,112,0
5,536,537.4,2.7018512172213653,112,0
5,537,538.2,2.774887385102458,112,1
0,545,539.2,4.147288270665628,112,1
0,545,538.0,4.0000000000000675,112,0
1,542,539.2,4.147288270665628,112,1
1,542,539.0,4.301162633521376,112,0
2,525,537.0,7.648529270389212,112,0
2,525,536.8,7.69415362466857,112,1
3,536,537.0,7.648529270389211,112,1
3,536,536.8,7.661592523751216,112,0
4,543,538.2,8.105553651663806,112,0
2,539,540.8,1.7888543819995664,113,1
1,648,539.6,2.607680962080879,113,1
1,648,539.6,2.6076809620807864,113,0
2,539,539.2,2.4899799195975603,113,1
2,539,539.2,2.489979919597463,113,0
3,537,538.8,2.6832815729994794,113,0
3,537,538.8,2.6832815729995696,113,1
4,542,538.6,2.302172886644042,113,1
5,542,538.6,2.3021728866439366,113,0
5,543,539.4,3.0495901363952154,113,1
1,542,539.2,2.7748873851020406,113,0
1,542,540.6,2.5099800796020277,113,1
2,540,540.8,2.387467277262451,113,1
2,540,540.0,2.121320343559264,113,0
3,538,541.0,1.9999999999997584,113,1
3,538,539.8,2.280350850197918,113,0
0,542,540.8,1.7888543819993916,113,0
0,542,541.0,1.9999999999997584,113,1
1,537,539.8,2.2803508501980554,113,1
1,537,539.8,2.280350850197918,113,0
2,537,538.8,2.1679483388674905,113,0
2,537,538.8,2.167948338867635,113,1
3,539,538.6,2.0736441353323602,113,0
3,539,538.6,2.073644135332511,113,1
4,538,538.6,2.0736441353323602,113,0
4,538,538.6,2.073644135332511,113,1
2,539,539.6,5.272570530585606,114,0
0,536,538.4,5.272570530585589,114,1
0,536,538.4,5.272570530585606,114,0
1,543,538.8,5.58569601750756,114,0
1,543,538.8,5.585696017507544,114,1
2,540,540.6,3.5071355833500015,114,1
2,540,540.6,3.507135583350027,114,0
3,537,539.0,2.738612787525824,114,0
3,537,539.0,2.7386127875257915,114,1
4,542,539.6,3.0495901363953437,114,1
4,542,539.6,3.0495901363953726,114,0
5,543,541.0,2.549509756796342,114,1
1,534,539.2,3.701351104664325,114,1
1,543,541.0,2.549509756796377,114,0
2,541,539.4,3.7815340802377864,114,1
3,522,536.4,8.792041856133293,114,1
3,541,540.6,2.30217288664425,114,0
0,542,536.4,8.792041856133293,114,1
0,542,541.0,2.3452078799116967,114,0
1,535,534.8,7.9812279756939475,114,1
1,535,540.6,3.2093613071762355,114,0
2,537,539.6,3.4351128074635313,114,0
2,537,535.4,8.018728078691765,114,1
3,538,538.6,2.880972058177589,114,0
3,538,534.8,7.59605160593316,114,1
4,538,538.0,2.549509756796398,114,0
4,538,538.0,2.549509756796376,114,1
1,544,541.4,1.816590212459167,115,1
1,539,541.0,2.1213203435598786,115,0
1,539,541.0,2.121320343560219,115,1
2,540,540.6,2.073644135333015,115,0
2,540,540.6,2.0736441353333626,115,1
3,537,539.8,2.5884358211094227,115,1
3,537,539.8,2.5884358211091443,115,0
4,542,540.4,2.7018512172214426,115,0
4,542,540.4,2.7018512172217095,115,1
5,543,540.2,2.3874672772631604,115,1
5,543,540.2,2.3874672772628585,115,0
1,542,540.8,2.3874672772631604,115,1
1,542,540.8,2.3874672772628585,115,0
2,540,540.8,2.3874672772631604,115,1
2,540,540.8,2.3874672772628585,115,0
3,538,541.0,2.0000000000006057,115,1
3,538,541.0,2.000000000000245,115,0
5,542,541.0,2.0000000000006057,115,1
5,542,541.0,2.000000000000245,115,0
0,537,539.8,2.280350850198482,115,0
0,537,539.8,2.2803508501987984,115,1
1,537,538.8,2.167948338868084,115,0
1,537,538.8,2.1679483388684164,115,1
2,537,538.2,2.167948338868084,115,0
2,537,538.2,2.1679483388684164,115,1
3,538,538.2,2.167948338868084,115,0
3,538,538.2,2.1679483388684164,115,1
4,538,537.4,0.5477225575060262,115,0
4,538,537.4,0.5477225575073429,115,1
2,537,536.8,4.658325879540769,116,1
0,540,536.8,4.658325879540769,116,1
1,537,536.2,4.324349662087898,116,0
1,542,538.2,5.019960159204379,116,1
3,538,536.4,4.3931765272977295,116,0
4,538,537.4,4.560701700396476,116,1
4,538,537.0,4.358898943540645,116,0
5,536,535.8,3.3466401061362654,116,0
5,536,538.6,2.40831891575833,116,1
1,538,537.4,0.8944271909998269,116,0
1,538,538.8,2.280350850198135,116,1
2,540,538.8,2.280350850198135,116,1
3,540,538.0,1.4142135623730399,116,0
3,528,536.0,4.690415759823356,116,1
4,530,534.4,5.1768716422178445,116,1
4,530,536.4,3.847076812334243,116,0
5,536,534.4,5.1768716422178445,116,1
0,536,534.0,4.89897948556628,116,1
1,536,536.0,3.741657386773913,116,0
2,535,535.8,3.7682887362833246,116,0
2,535,533.0,3.741657386773842,116,1
3,530,533.4,3.1304951684995825,116,1
4,530,534.2,4.2661458015402856,116,0
4,533,534.0,2.549509756796246,116,1
0,543,532.8,6.340346993658973,117,1
1,531,532.4,6.387487769068554,117,1
2,535,534.0,5.656854249492416,117,1
1,543,537.0,5.656854249492416,117,1
1,543,532.8,6.340346993658924,117,0
2,540,538.4,5.272570530585666,117,1
3,536,537.0,4.636809247747893,117,1
4,532,537.2,4.324349662087983,117,1
5,540,534.2,7.1203932475671365,117,0
5,539,538.0,4.183300132670428,117,1
1,536,536.0,5.873670062235329,117,0
1,536,536.6,3.1304951684997744,117,1
2,534,535.4,2.6076809620811447,117,1
2,534,537.2,4.207136793592481,117,0
3,534,535.0,2.6457513110646738,117,1
4,539,536.4,2.509980079602318,117,1
4,534,537.4,3.9749213828702996,117,0
5,531,534.8,2.9495762407505906,117,1
5,531,535.0,3.316624790355324,117,0
0,537,535.0,3.082207001484548,117,1
1,534,535.0,3.082207001484548,117,1
2,537,534.4,2.302172886644162,117,0
2,532,534.6,3.36154726279438,117,1
3,530,533.2,2.77488738510224,117,0
3,530,532.8,2.77488738510239,117,1
4,526,531.6,4.159326868617036,117,0
4,526,531.8,4.147288270665583,117,1
5,545,546.8,11.627553482998874,118,0
1,545,545.6,11.326958991715275,118,1
2,638,545.2,9.549869109050602,118,0
2,638,546.0,11.202678251204016,118,1
5,549,543.8,7.949842765740664,118,0
0,547,546.6,5.176871642217848,118,0
1,560,550.8,5.932958789676479,118,0
1,549,543.0,5.958187643906449,118,1
2,540,537.2,3.9623225512318836,119,1
0,542,538.2,4.494441010848923,119,1
1,542,538.6,4.219004621945776,119,0
1,540,537.8,4.147288270665637,119,1
2,537,538.2,3.8987177379236915,119,1
2,537,538.6,4.219004621945776,119,0
3,543,540.4,2.302172886644432,119,1
3,543,538.8,4.438468204234418,119,0
4,533,539.0,4.062019202318074,119,1
4,533,539.0,4.06201920231798,119,0
5,534,537.4,4.159326868617173,119,1
5,534,537.8,4.549725266430924,119,0
1,534,536.2,4.0865633483404995,119,0
1,534,536.2,4.086563348340602,119,1
3,542,537.2,4.868264577855305,119,1
3,542,537.2,4.86826457785522,119,0
4,535,535.6,3.6469165057620865,119,0
4,535,535.6,3.6469165057622006,119,1
5,536,536.2,3.3466401061364164,119,1
0,536,536.2,3.346640106136292,119,0
0,537,536.8,3.1144823004796054,119,1
1,539,537.8,2.7748873851024642,119,1
1,539,537.2,3.2710854467592063,119,0
2,534,537.2,3.2710854467592063,119,0
2,534,536.2,1.9235384061673328,119,1
3,537,536.2,1.9235384061671168,119,0
3,537,536.6,1.8165902124586997,119,1
4,540,537.2,2.387467277262638,119,0
4,540,537.4,2.302172886644432,119,1
2,540,540.4,3.6469165057623303,120,1
4,541,541.4,2.701851217221277,120,0
4,541,541.4,2.7018512172215834,120,1
0,544,542.0,2.915475947422951,120,1
0,544,542.0,2.9154759474226672,120,0
1,544,541.6,2.302172886644645,120,1
1,544,541.6,2.3021728866442857,120,0
3,546,543.0,2.449489742783191,120,0
3,546,543.0,2.449489742783529,120,1
4,549,544.8,2.949576240750827,120,1
4,549,544.8,2.949576240750546,120,0
1,542,545.0,2.645751311064624,120,0
5,532,542.6,6.465291950097865,120,0
5,542,545.0,2.645751311064937,120,1
0,537,541.2,6.833739825307979,120,0
0,537,543.6,4.505552130427732,120,1
1,537,542.2,5.357238094391732,120,1
1,537,539.4,6.426507605223881,120,0
2,537,537.0,3.535533905932781,120,0
2,537,540.4,5.272570530585815,120,1
3,538,536.2,2.387467277262723,120,0
3,538,538.2,2.1679483388683245,120,1
4,538,537.4,0.5477225575053711,120,0
4,538,537.4,0.5477225575069797,120,1
1,548,542.2,3.420526275297322,121,1
0,539,541.8,3.7013511046642145,121,0
0,539,541.8,3.7013511046642567,121,1
1,548,543.0,4.636809247747744,121,0
1,548,543.0,4.636809247747777,121,1
3,540,542.8,4.764451699828529,121,0
3,540,542.8,4.7644516998285615,121,1
4,542,543.4,4.3358966777356445,121,0
4,542,543.4,4.335896677735681,121,1
5,543,542.4,3.5071355833499345,121,1
5,543,542.4,3.50713558334989,121,0
1,542,543.0,2.999999999999833,121,0
1,542,543.0,2.999999999999885,121,1
2,540,541.4,1.3416407864994968,121,0
3,542,541.8,1.0954451150098763,121,0
3,540,541.4,1.3416407864996132,121,1
5,542,541.8,1.0954451150098763,121,0
5,542,541.8,1.0954451150100188,121,1
0,537,540.6,2.1908902300204383,121,0
1,554,543.0,6.480740698407785,121,0
1,537,540.8,2.387467277262509,121,1
2,537,542.4,6.949820141557549,121,0
2,537,539.6,2.509980079602076,121,1
3,539,541.8,7.120393247567085,121,0
4,548,543.0,7.648529270389108,121,0
4,539,539.0,2.1213203435594683,121,1
2,541,537.6,4.449719092257315,122,1
2,541,538.0,4.242640687119314,122,0
1,648,539.0,4.527692569068736,122,0
1,648,538.6,4.827007354458789,122,1
2,537,539.0,4.527692569068736,122,0
2,537,537.4,4.159326868616995,122,1
3,543,539.0,4.527692569068629,122,1
3,543,539.0,4.527692569068736,122,0
4,533,539.2,4.147288270665585,122,0
4,533,539.2,4.1472882706654675,122,1
5,534,537.8,4.549725266430964,122,0
5,534,537.8,4.549725266430857,122,1
1,534,536.2,4.086563348340425,122,1
1,534,536.2,4.086563348340544,122,0
3,543,537.4,5.128352561983172,122,1
3,543,537.4,5.128352561983267,122,0
4,535,535.8,4.086563348340425,122,1
4,535,535.8,4.086563348340544,122,0
5,537,536.6,3.7815340802377206,122,1
0,537,537.2,3.4928498393144998,122,1
0,537,536.6,3.7815340802378494,122,0
1,539,537.6,3.577708763999704,122,0
1,539,538.2,3.0331501776205,122,1
2,535,537.8,3.3466401061363356,122,0
2,535,536.6,1.673320053067957,122,1
3,537,536.6,1.6733200530681949,122,0
3,537,537.0,1.4142135623728613,122,1
4,540,537.6,1.949358868961823,122,0
4,540,537.6,1.9493588689616188,122,1
1,525,538.2,7.854934754662179,123,1
0,542,539.2,7.981227975693949,123,1
1,542,539.2,7.981227975693972,123,0
1,542,539.0,7.874007874011798,123,1
1,531,536.8,8.348652585896703,123,1
4,537,535.4,7.36885337077619,123,1
4,531,536.8,8.348652585896724,123,0
5,544,537.2,8.700574693662476,123,0
1,544,537.2,8.700574693662476,123,0
1,544,539.2,5.263078946776271,123,1
2,545,541.2,5.8051701094799695,123,0
2,545,539.8,5.805170109479974,123,1
3,539,539.2,5.674504383644417,123,1
3,539,540.6,5.856620185738503,123,0
4,525,538.0,7.999999999999974,123,1
5,537,538.0,7.999999999999974,123,1
5,525,539.4,8.384509526501805,123,0
0,542,539.0,8.154753215150015,123,0
1,542,537.6,7.668115805072297,123,1
1,544,539.0,8.154753215150015,123,0
2,524,533.4,8.324662155306937,123,1
2,524,534.8,9.576011695899256,123,0
3,546,534.8,9.934787365615817,123,1
3,546,536.2,10.779610382569452,123,0
4,543,539.8,8.95544527089519,123,0
4,543,538.4,8.677557259966646,123,1
3,537,539.6,3.2863353450308352,124,1
4,536,538.8,3.6331804249170343,124,0
4,536,538.8,3.633180424916839,124,1
4,587,539.0,3.535533905932787,124,0
4,587,539.0,3.535533905932586,124,1
5,582,546.4,19.93238570768689,124,0
5,582,546.4,19.932385707686855,124,1
1,579,554.4,23.86000838222822,124,0
1,579,554.4,23.860008382228187,124,1
2,541,555.2,23.188359148503828,124,0
2,541,555.2,23.188359148503796,124,1
3,540,556.0,22.416511771459913,124,0
3,540,556.0,22.41651177145988,124,1
4,541,556.6,21.847196616499815,124,0
4,541,556.6,21.847196616499783,124,1
0,540,538.4,2.701851217221159,125,0
1,535,537.6,3.0495901363952944,125,0
1,535,538.8,2.3874672772628807,125,1
2,521,534.2,7.981227975693945,125,0
2,521,535.4,8.38450952650189,125,1
3,539,535.0,8.093207028119378,125,1
3,539,535.2,8.258329128825007,125,0
4,543,535.6,8.648699324175912,125,1
4,543,535.6,8.64869932417584,125,0
5,539,535.4,8.53229160308067,125,1
5,539,535.4,8.5322916030806,125,0
1,549,538.2,10.449880382090484,125,0
1,549,538.2,10.449880382090543,125,1
5,545,543.0,4.242640687119203,125,0
0,545,544.2,3.6331804249168926,125,0
0,545,543.0,4.242640687119347,125,1
1,554,546.4,5.549774770204583,125,0
1,554,546.0,5.744562646538075,125,1
3,542,545.8,5.890670590009297,125,1
3,542,547.0,4.636809247747785,125,0
4,556,548.4,6.188699378706275,125,0
4,556,549.2,5.890670590009297,125,1
0,509,509.6,4.335896677735809,126,1
0,509,510.6,2.7018512172212725,126,0
1,506,510.2,3.271085446759281,126,1
0,527,513.0,8.336666000266554,126,1
1,515,514.2,8.043631020876104,126,1
1,506,509.2,2.949576240750538,126,0
4,518,511.0,4.898979485566364,126,0
4,518,515.0,8.215838362577513,126,1
5,514,511.0,4.898979485566364,126,0
5,514,516.0,7.582875444051573,126,1
1,531,521.0,7.582875444051573,126,1
1,531,515.6,9.762171889492624,126,0
2,515,518.6,7.092249290598883,126,1
2,515,516.8,9.093954035511722,126,0
3,514,518.4,7.231873892705839,126,1
4,514,518.4,7.231873892705821,126,0
4,509,516.6,8.384509526501855,126,1
5,515,516.8,8.318653737234188,126,1
5,515,517.8,7.395944834840239,126,0
0,518,518.6,7.092249290598862,126,0
0,518,514.2,3.2710854467592343,126,1
1,505,512.2,5.167204273105542,126,1
1,505,513.4,4.929503017546504,126,0
2,514,513.2,4.868264577855241,126,0
2,514,512.2,5.167204273105542,126,1
3,504,511.2,6.3007936008093495,126,0
3,504,511.2,6.300793600809354,126,1
4,512,510.6,5.983310120660639,126,0
4,512,510.6,5.983310120660643,126,1
1,533,537.4,4.159326868617115,127,1
0,541,538.0,4.472135954999608,127,1
0,541,538.6,4.159326868617088,127,0
1,541,538.8,4.604345773288567,127,1
1,541,539.2,4.266145801540308,127,0
2,538,537.6,3.5777087639996927,127,1
2,538,539.4,4.159326868617079,127,0
3,544,539.4,4.159326868617112,127,1
3,544,539.4,4.159326868617079,127,0
4,533,539.4,4.159326868617112,127,1
4,533,539.4,4.159326868617079,127,0
1,535,538.2,4.438468204234458,127,1
1,535,538.2,4.438468204234428,127,0
3,543,538.6,4.827007354458896,127,1
3,543,538.6,4.827007354458868,127,0
4,536,538.2,4.969909455915674,127,0
4,536,538.2,4.9699094559157,127,1
5,537,536.8,3.7682887362834045,127,1
0,537,536.8,3.768288736283369,127,0
0,537,537.6,3.1304951684997753,127,1
1,540,538.6,2.8809720581776577,127,1
1,540,538.2,3.2710854467592463,127,0
2,535,537.0,1.8708286933870883,127,1
3,537,537.2,1.7888543819999556,127,1
3,535,538.2,3.2710854467592463,127,0
4,540,537.6,2.3021728866443087,127,0
4,540,537.8,2.1679483388679888,127,1
0,536,538.6,3.130495168499727,128,1
0,544,538.6,3.1304951684996825,128,0
0,533,538.0,3.9370039370058847,128,0
0,533,537.6,4.03732584763729,128,1
1,541,538.6,4.159326868617063,128,0
1,541,538.2,4.324349662087945,128,1
2,537,538.2,4.324349662087945,128,1
2,537,538.4,4.219004621945774,128,0
3,545,540.0,4.999999999999981,128,0
3,545,538.4,4.669047011971528,128,1
4,533,537.8,5.215361924162095,128,0
4,533,537.8,5.2153619241621385,128,1
1,535,538.2,4.816637831516951,128,1
1,535,538.2,4.816637831516903,128,0
3,542,538.4,4.979959839195531,128,1
3,542,538.4,4.979959839195486,128,0
4,535,538.0,5.196152422706669,128,1
4,535,538.0,5.196152422706626,128,0
5,537,536.4,3.4351128074635913,128,1
0,537,537.2,2.863564212655344,128,1
0,537,536.4,3.435112807463525,128,0
1,540,537.8,3.114482300479487,128,0
1,540,538.2,2.7748873851023874,128,1
2,534,537.6,3.3615472627943315,128,0
2,534,536.6,2.302172886644363,128,1
3,538,536.8,2.3874672772626875,128,0
3,538,537.2,2.1679483388679754,128,1
4,540,537.8,2.4899799195977796,128,0
4,540,537.8,2.4899799195978356,128,1
3,541,544.2,5.069516742254576,129,0
1,542,544.8,4.969909455915661,129,1
1,542,545.0,4.062019202317901,129,0
0,552,545.2,4.438468204234346,129,0
0,552,546.0,5.958187643906483,129,1
1,556,547.0,6.633249580710746,129,0
2,555,549.2,7.1902712048989645,129,0
2,556,549.6,5.31977443130814,129,1
3,558,552.6,6.3087241182349265,129,0
4,543,552.8,5.890670590009158,129,0
1,517,515.4,5.128352561983297,130,1
2,535,518.4,10.285912696499068,130,1
2,535,518.4,10.285912696499055,130,0
1,542,522.8,14.83913744123966,130,0
1,542,522.8,14.83913744123967,130,1
2,526,526.2,12.676750372236617,130,1
2,526,526.2,12.676750372236604,130,0
3,526,529.2,9.576011695899343,130,1
3,526,529.2,9.576011695899329,130,0
4,509,527.6,12.381437719425033,130,1
4,509,527.6,12.381437719425023,130,0
1,509,522.4,13.867227552759092,130,1
1,509,522.4,13.867227552759083,130,0
2,539,521.8,12.833549781724491,130,0
2,539,521.8,12.833549781724502,130,1
3,513,519.2,13.084341787036943,130,1
3,513,519.2,13.08434178703693,130,0
4,530,520.0,13.71130920080212,130,0
4,530,520.0,13.71130920080213,130,1
5,508,519.8,13.91761473816547,130,0
5,508,519.8,13.917614738165481,130,1
0,518,521.6,12.700393694685253,130,0
0,518,521.6,12.700393694685264,130,1
1,522,518.2,8.438009243891655,130,0
2,525,520.6,8.294576541331143,130,0
2,522,518.2,8.43800924389167,130,1
3,519,518.4,6.426507605223926,130,0
3,519,519.4,7.924645102463656,130,1
4,507,518.2,6.833739825308043,130,0
4,507,514.8,6.8337398253080295,130,1
1,530,537.2,6.685805860179134,131,0
1,530,535.2,7.463243262818218,131,1
2,535,534.6,7.300684899377699,131,1
0,540,533.2,4.438468204234604,131,1
3,534,534.2,3.768288736283553,131,1
5,535,536.4,6.655824516917894,131,0
5,539,535.6,4.037325847637448,131,1
1,546,538.8,4.764451699828796,131,1
1,546,538.0,7.968688725255001,131,0
2,549,541.6,5.941380311005306,131,1
2,549,538.4,8.561541917201954,131,0
3,543,542.2,5.890670590009382,131,1
4,538,543.0,4.636809247747999,131,1
4,543,540.6,7.893034904268891,131,0
5,538,542.2,5.718391382199003,131,0
5,538,542.8,4.868264577855367,131,1
0,531,539.8,6.685805860178796,131,1
1,542,538.4,4.722287581247146,131,1
2,535,536.8,4.086563348340627,131,1
3,531,541.4,7.092249290599393,131,0
3,528,534.8,5.540758070878104,131,1
4,518,535.8,11.94571052721458,131,0
4,518,530.8,8.871302046486784,131,1
0,567,566.0,14.662878298615196,132,1
0,567,563.0,17.677669529663643,132,0
0,543,562.8,17.949930361981917,132,1
0,543,562.8,17.949930361981856,132,0
1,545,562.6,18.187908071023408,132,0
2,555,559.0,17.378147196982724,132,0
3,549,551.8,9.654014708917657,132,0
3,545,562.6,18.187908071023468,132,1
2,547,538.8,8.757853618324534,133,0
0,527,539.0,8.396427811873352,133,0
0,547,535.2,9.038805230781378,133,1
4,544,539.6,5.770615218501454,133,1
4,544,540.6,8.443932733033838,133,0
5,533,539.6,9.099450532861878,133,0
5,533,539.0,6.363961030678971,133,1
2,542,539.8,6.457553716385221,133,1
2,542,538.6,8.324662155306985,133,0
5,541,537.4,7.162401831788023,133,0
5,541,541.4,5.2249401910453175,133,1
0,542,540.4,4.277849927241563,133,1
0,542,540.4,4.277849927241548,133,0
1,546,540.8,4.764451699828712,133,1
1,546,540.8,4.764451699828698,133,0
2,540,542.2,2.2803508501984324,133,0
2,540,542.2,2.2803508501984604,133,1
3,540,541.8,2.489979919597884,133,0
4,550,543.6,4.3358966777358345,133,0
2,516,530.4,12.300406497348057,134,1
2,516,531.8,11.322543883774534,134,0
0,535,533.2,11.166915420115007,134,1
0,535,533.2,11.16691542011491,134,0
1,537,534.2,11.256109452204171,134,0
1,537,534.2,11.256109452204269,134,1
2,521,529.0,9.772410142846157,134,1
2,521,529.0,9.772410142846045,134,0
3,529,527.6,8.98888202169783,134,1
3,529,527.6,8.988882021697705,134,0
4,518,528.0,8.366600265340898,134,1
4,518,528.0,8.366600265340765,134,0
5,530,527.0,7.582875444051707,134,1
5,530,527.0,7.58287544405156,134,0
1,524,524.4,5.128352561983465,134,1
1,524,524.4,5.128352561983249,134,0
2,536,527.4,6.767569726275633,134,1
2,536,527.4,6.76756972627547,134,0
3,539,529.4,8.590692637965828,134,0
3,539,529.4,8.590692637965958,134,1
4,535,532.8,5.890670590009479,134,1
5,535,532.8,5.890670590009291,134,0
5,509,528.6,12.340988615180017,134,1
0,530,529.8,12.07062550160524,134,1
0,530,532.8,5.890670590009291,134,0
1,538,535.6,3.50713558335011,134,0
1,538,530.2,12.357184145265562,134,1
0,541,538.6,4.159326868617127,135,0
0,541,538.0,4.472135954999536,135,1
1,541,538.8,4.604345773288497,135,1
1,541,539.2,4.266145801540346,135,0
2,538,539.4,4.159326868617118,135,0
2,538,537.6,3.5777087639996035,135,1
3,545,539.6,4.449719092257421,135,0
3,545,539.6,4.449719092257343,135,1
4,533,539.6,4.449719092257343,135,1
4,533,539.6,4.449719092257421,135,0
5,535,538.4,4.774934554525276,135,1
5,535,538.4,4.774934554525349,135,0
1,534,537.0,4.847679857416347,135,0
1,534,537.0,4.847679857416275,135,1
3,543,538.0,5.567764362829975,135,1
3,543,538.0,5.5677643628300375,135,0
4,535,536.0,4.000000000000022,135,0
4,535,536.0,3.999999999999935,135,1
5,537,536.8,3.633180424916919,135,1
0,537,536.8,3.6331804249170148,135,0
0,537,537.2,3.4928498393145264,135,1
1,540,538.4,3.130495168499622,135,1
1,540,537.8,3.7013511046643814,135,0
2,535,538.0,3.4641016151377966,135,0
2,535,536.8,2.049390153191778,135,1
3,537,537.2,1.7888543819996776,135,1
3,537,536.8,2.0493901531919914,135,0
4,540,537.8,2.167948338867961,135,0
1,606,542.6,4.2778499272414505,136,1
1,606,542.6,4.277849927241443,136,0
2,540,542.8,4.086563348340463,136,1
4,540,541.6,3.7815340802377526,136,1
5,537,541.6,3.7815340802377526,136,1
2,539,540.2,2.949576240750463,136,1
2,540,542.8,4.086563348340455,136,0
3,539,539.0,1.2247448713914673,136,1
3,539,541.4,3.9115214431215244,136,0
4,539,538.8,1.0954451150101974,136,1
5,524,535.6,6.542170893518433,136,1
5,539,541.8,3.4205262752973384,136,0
0,551,542.8,5.215361924162075,136,0
0,551,538.4,9.58123165360278,136,1
1,538,538.2,9.576011695899282,136,1
1,538,541.4,5.412947441089695,136,0
2,539,541.2,5.495452665613591,136,0
2,539,538.2,9.576011695899282,136,1
3,540,538.4,9.607288899580354,136,1
3,540,541.4,5.412947441089695,136,0
4,544,542.4,5.319774431308109,136,0
1,572,548.8,14.618481453283717,137,0
0,528,545.8,17.38390059796707,137,0
0,570,550.0,20.591260281973998,137,0
5,572,550.8,12.275992831539128,137,1
5,550,553.6,18.077610461562664,137,0
0,571,558.2,19.188538245525624,137,0
1,570,557.8,18.846750383023593,137,0
2,571,556.2,14.307340773183531,137,1
3,545,561.2,12.63724653553932,137,0
3,522,552.4,20.52559377947443,137,1
4,560,559.2,11.649034294738799,137,0
2,552,544.0,6.204836822995406,138,0
2,552,546.4,3.7815340802378326,138,1
3,538,545.4,5.272570530585642,138,1
3,538,543.0,6.782329983125248,138,0
4,556,547.0,7.483314773547864,138,0
4,556,547.4,7.1274118724822,138,1
3,544,547.6,6.985699678629212,138,1
3,543,547.4,7.127411872482163,138,0
4,544,546.8,7.155417527999344,138,1
4,544,546.6,7.266360849833959,138,0
0,537,543.6,7.569676347110211,138,0
1,547,545.4,6.949820141557605,138,0
2,554,545.0,6.204836822995403,138,0
3,545,545.4,6.107372593840962,138,0
3,537,543.8,7.563068160475619,138,1
4,556,547.8,7.596051605933165,138,0
4,556,547.4,8.354639429682182,138,1
0,540,536.4,3.847076812334167,139,1
0,539,537.8,1.0954451150102427,139,0
1,535,537.4,1.9493588689615988,139,1
1,535,537.2,1.6431676725154474,139,0
2,539,537.6,2.0736441353325863,139,1
2,539,537.8,1.6431676725154474,139,0
3,538,537.8,1.6431676725154474,139,0
4,538,537.8,1.6431676725154474,139,0
4,538,538.0,1.8708286933867617,139,1
1,538,537.6,1.5165750888102483,139,0
1,538,538.0,1.8708286933867617,139,1
2,531,536.8,3.271085446759181,139,0
2,531,536.2,3.271085446759117,139,1
3,539,536.8,3.271085446759181,139,0
3,539,537.0,3.391164991562527,139,1
4,535,536.2,3.271085446759117,139,1
5,538,536.2,3.271085446759117,139,1
0,535,536.2,3.271085446759181,139,0
0,534,535.4,3.2093613071761347,139,1
1,536,536.4,2.073644135332612,139,1
2,541,536.8,2.7748873851022093,139,1
4,536,535.8,3.1144823004794455,139,0
2,576,547.8,17.880156598866815,140,0
0,645,545.8,17.991664736760754,140,0
4,562,552.0,16.926310879810774,140,0
2,533,551.8,17.195929750961426,140,0
5,543,551.0,17.564168070250304,140,0
0,566,549.0,14.265342617687118,140,0
0,645,554.4,12.239281024635408,140,1
3,556,552.0,13.729530217745994,140,0
3,556,556.2,11.519548602267385,140,1
4,557,551.0,12.980754985747183,140,0
1,546,550.2,4.207136793592496,141,0
1,546,556.8,14.113823011501951,141,1
2,544,549.4,5.029910535983684,141,0
2,544,555.8,14.95660389259547,141,1
5,548,549.2,5.0695167422546,141,0
5,548,555.2,15.254507530562963,141,1
0,551,549.2,5.0695167422546,141,0
0,551,549.2,5.069516742254875,141,1
1,524,542.6,10.714476188783095,141,0
1,524,542.6,10.714476188783225,141,1
2,555,544.4,12.095453691366853,141,0
2,555,544.4,12.095453691366968,141,1
3,550,545.6,12.340988615179901,141,0
3,550,545.6,12.340988615180015,141,1
4,556,547.2,13.217412757419655,141,0
3,606,538.0,17.1172427686237,142,0
5,606,541.8,18.806913622388954,142,1
5,556,546.2,12.557866060760494,142,0
3,569,554.2,11.5628716156498,142,0
5,541,554.8,10.545141061171226,142,0
5,569,544.6,22.029525641738154,142,1
0,564,557.8,10.61602562167215,142,0
0,564,549.4,23.351659469939154,142,1
1,565,551.4,24.35775030662723,142,1
1,565,559.0,11.113055385446414,142,0
2,563,560.4,11.081516141756035,142,0
3,563,562.0,7.615773105863856,142,1
3,559,558.4,9.989994994993717,142,0
4,560,562.2,2.5884358211088916,142,0
5,540,540.8,2.28035085019975,143,1
0,538,539.6,1.6733200530699999,143,1
0,538,541.2,4.147288270665473,143,0
1,546,540.8,3.346640106137302,143,1
0,539,541.0,3.1622776601694444,143,1
0,546,540.8,3.3466401061362387,143,0
1,543,541.2,3.271085446760267,143,1
1,543,541.4,3.4351128074634754,143,0
2,547,542.6,4.037325847638196,143,1
2,547,543.2,3.563705936241032,143,0
3,542,543.4,3.2093613071774723,143,1
3,542,543.2,3.563705936241032,143,0
5,547,543.6,3.435112807464705,143,1
5,547,545.0,2.3452078799116074,143,0
0,541,544.0,2.828427124747643,143,1
0,541,544.0,2.828427124746101,143,0
0,531,541.6,6.542170893518991,143,1
1,541,540.4,5.813776741500011,143,1
1,541,543.6,3.130495168499628,143,0
2,542,542.6,2.5099800796021356,143,0
2,542,540.4,5.813776741500011,143,1
0,540,537.8,4.086563348340509,144,0
1,540,538.2,4.266145801540374,144,1
1,540,538.4,4.159326868617087,144,0
2,537,538.4,4.159326868617087,144,0
2,537,537.0,3.3166247903554953,144,1
3,545,538.8,4.764451699828646,144,0
3,545,538.8,4.764451699828713,144,1
4,533,539.0,4.415880433164016,144,1
4,533,539.0,4.4158804331639425,144,0
5,534,537.8,4.868264577855312,144,1
5,534,537.8,4.868264577855246,144,0
1,533,536.4,5.079370039680124,144,0
1,533,536.4,5.079370039680187,144,1
3,543,537.6,5.8991524815011065,144,1
3,543,537.6,5.899152481501052,144,0
4,535,535.6,4.219004621945806,144,0
4,535,535.6,4.219004621945883,144,1
5,537,536.4,3.974921382870447,144,1
0,537,536.4,3.974921382870366,144,0
0,537,537.0,3.741657386774038,144,1
1,539,537.4,3.8470768123342807,144,0
1,539,538.2,3.0331501776207377,144,1
2,535,537.8,3.3466401061363142,144,0
2,535,536.6,1.673320053068388,144,1
3,537,536.6,1.6733200530681525,144,0
3,537,537.0,1.4142135623733714,144,1
4,540,537.6,1.9493588689617867,144,0
4,540,537.6,1.949358868961989,144,1
5,541,541.2,5.761944116355202,145,0
0,551,542.0,6.928203230275595,145,1
0,551,542.0,6.928203230275538,145,0
2,544,542.6,6.949820141557706,145,1
2,544,542.6,6.94982014155765,145,0
0,571,547.8,14.65264481245624,145,0
0,571,547.8,14.652644812456266,145,1
2,545,550.4,12.074767078498935,145,1
2,545,550.4,12.074767078498903,145,0
3,541,550.4,12.074767078498935,145,1
4,541,550.4,12.074767078498903,145,0
4,542,548.6,12.621410380777647,145,1
5,544,549.0,12.389511693363904,145,0
5,544,548.6,12.621410380777647,145,1
0,554,545.2,5.167204273105697,145,1
0,554,551.0,12.186057606953979,145,0
1,554,547.6,6.024948132556899,145,0
1,554,547.0,6.480740698407997,145,1
2,544,547.6,5.899152481501203,145,1
2,544,547.4,6.148170459575826,145,0
3,547,548.6,5.079370039680204,145,0
4,556,551.0,5.196152422706713,145,0
4,547,548.6,5.079370039680292,145,1
1,536,529.4,6.949820141557672,146,0
2,525,526.6,8.73498712076908,146,1
2,525,528.0,7.000000000000049,146,0
0,521,526.6,8.73498712076908,146,1
0,521,527.6,7.402702209328749,146,0
1,520,527.4,7.635443667528533,146,1
2,522,524.8,6.5345237010819295,146,1
3,517,521.0,2.915475947422877,146,1
4,514,518.8,3.271085446759417,146,1
5,520,518.6,3.130495168499899,146,1
1,520,527.4,7.635443667528471,146,0
1,534,521.4,7.668115805072411,146,1
2,525,525.4,6.348228099241597,146,0
2,525,522.0,7.842193570679144,146,1
3,510,520.2,6.140032573203554,146,0
3,510,520.6,9.42337519151187,146,1
4,515,518.2,5.805170109480063,146,0
4,515,520.8,9.257429448826562,146,1
5,519,520.6,9.289779329994943,146,1
5,519,517.8,5.630275304103772,146,0
0,521,518.0,5.744562646538097,146,0
0,521,518.0,5.744562646538148,146,1
1,512,515.4,4.615192303685813,146,0
1,512,515.4,4.615192303685877,146,1
2,513,516.0,3.8729833462075955,146,1
3,513,516.0,3.8729833462075205,146,0
3,516,516.2,3.834057902536344,146,1
4,520,516.4,4.03732584763745,146,1
5,544,551.2,12.517987058628844,147,1
1,553,550.4,12.177848742696689,147,1
1,552,545.0,9.669539802906826,147,0
2,545,542.6,7.0922492905988115,147,0
2,544,547.6,11.588787684654477,147,1
5,606,545.8,4.9699094559156025,147,0
0,548,547.6,3.209361307176151,147,0
1,560,550.8,5.718391382198277,147,0
1,606,544.6,7.503332592921585,147,1
2,561,558.4,11.260550608207376,148,0
2,561,558.2,11.12205017071942,148,1
5,590,556.6,10.644247272588112,148,0
5,590,556.6,10.644247272588137,148,1
1,566,555.6,9.071934744033353,148,0
2,563,557.6,9.44986772394193,148,0
3,551,559.4,5.941380311005118,148,0
3,566,555.6,9.071934744033381,148,1
4,562,559.6,6.024948132556765,148,0
4,562,557.4,9.316651759081696,148,1
0,541,536.2,11.606032913963258,149,0
1,548,537.6,12.700393694685266,149,1
1,548,538.6,12.739701723352804,149,0
3,542,543.6,4.159326868616874,149,0
3,542,538.8,12.794530081249615,149,1
4,545,544.4,3.911521443121793,149,1
4,545,544.8,3.271085446758953,149,0
5,544,545.4,2.607680962081371,149,1
1,539,543.6,3.361547262794566,149,1
2,531,540.2,5.630275304103859,149,1
2,544,544.0,2.738612787525497,149,0
3,542,540.2,5.630275304103859,149,1
3,542,544.2,2.489979919597386,149,0
4,527,536.6,7.300684899377725,149,1
4,527,540.0,7.382411530116582,149,0
0,532,538.0,8.031189202104397,149,0
0,532,534.2,6.140032573203665,149,1
1,556,537.6,11.674759098157098,149,1
2,556,540.2,11.27829774389726,149,0
2,533,538.0,11.423659658795946,149,1
3,538,537.2,11.211601134539254,149,1
3,538,539.0,11.09053650640933,149,0
4,556,541.8,13.53513945255084,149,0
4,556,543.0,12.083045973594645,149,1
0,541,537.8,4.147288270665496,150,1
0,541,538.2,3.898717737923558,150,0
1,541,538.6,4.335896677735713,150,1
1,541,539.0,3.9999999999999707,150,0
2,537,537.4,3.5777087639996106,150,1
2,537,539.0,3.9999999999999707,150,0
3,544,539.2,4.266145801540258,150,1
3,544,539.2,4.266145801540273,150,0
4,533,539.2,4.266145801540258,150,1
4,533,539.2,4.266145801540273,150,0
5,534,537.8,4.658325879540797,150,1
1,534,536.4,4.505552130427466,150,1
1,534,537.8,4.6583258795408105,150,0
3,542,537.4,5.176871642217866,150,1
3,542,538.0,4.84767985741629,150,0
4,535,537.6,5.029910535983681,150,0
4,535,535.6,3.6469165057620203,150,1
5,537,536.4,3.3615472627942404,150,1
5,537,536.2,3.5637059362410466,150,0
0,538,537.2,3.1144823004794264,150,0
0,538,537.2,3.1144823004794002,150,1
1,539,538.2,2.5884358211088725,150,0
1,539,538.2,2.588435821108841,150,1
2,535,536.8,1.7888543819996716,150,1
2,535,536.8,1.7888543819997174,150,0
3,537,537.2,1.483239697418949,150,1
3,537,537.2,1.4832396974190043,150,0
4,540,537.8,1.9235384061670429,150,0
4,540,537.8,1.9235384061670004,150,1
5,549,435.6,111.63019304829662,151,1
1,822,449.2,99.316161826764,151,1
4,1119,475.8,73.99121569483763,151,1
5,535,500.6,67.3223588416211,151,1
6,356,460.6,83.6199736905004,151,1
0,330,416.8,83.09452448868072,151,1
1,330,402.8,92.04727046469088,151,1
2,480,406.2,95.09048322518902,151,1
4,529,405.0,93.07523838271892,151,1
0,1107,437.6,99.91646510961029,151,1
3,554,482.4,89.25973336281031,151,1
0,532,522.8,27.123790295606014,151,1
1,677,540.8,20.7292064488735,151,1
2,570,549.0,22.89104628451969,151,1
5,725,553.2,17.23948955160868,151,1
0,541,542.6,3.361547262794252,152,1
0,541,544.0,2.9154759474225185,152,0
0,531,541.0,6.2048368229953885,152,1
1,541,540.8,6.180614856144937,152,1
1,541,543.0,2.9154759474225185,152,0
2,542,539.6,4.878524367060124,152,1
2,542,543.0,2.9154759474225185,152,0
3,542,539.4,4.722287581246977,152,1
3,542,541.8,0.8366600265336186,152,0
4,538,538.8,4.658325879540783,152,1
4,538,540.8,1.6431676725152484,152,0
5,547,542.0,3.2403703492038556,152,1
5,547,542.0,3.2403703492038027,152,0
1,539,541.6,3.50713558334997,152,1
1,539,541.6,3.5071355833499216,152,0
3,545,542.2,3.8340579025360975,152,1
5,536,541.0,4.743416490252516,152,1
5,545,542.2,3.834057902536053,152,0
0,545,542.4,4.669047011971449,152,1
1,545,542.8,4.02492235949952,152,0
2,537,542.6,4.335896677735678,152,0
2,539,540.8,4.024922359499554,152,1
3,534,540.0,4.898979485566287,152,0
3,534,539.8,5.069516742254571,152,1
4,534,539.0,5.612486080160852,152,0
4,534,537.6,4.61519230368566,152,1
0,543,539.0,2.5495097567967977,153,1
1,543,539.8,3.1144823004798265,153,1
2,543,538.2,4.549725266430856,153,0
2,529,537.8,5.805170109480169,153,1
3,535,538.0,4.690415759823354,153,0
3,535,537.2,5.932958789676701,153,1
4,540,538.0,6.000000000000168,153,1
4,540,537.4,4.0373258476371845,153,0
5,531,537.0,4.636809247747781,153,0
5,531,535.6,5.899152481501224,153,1
1,540,535.0,5.0497524691812465,153,1
1,540,537.8,4.764451699828572,153,0
2,536,536.4,3.7815340802380843,153,1
2,536,536.4,3.781534080237714,153,0
3,536,536.6,3.7148351242012487,153,0
4,536,535.8,3.1937438845341584,153,0
4,536,536.6,3.7148351242016258,153,1
5,536,535.8,3.1937438845345967,153,1
5,536,536.8,1.7888543819996618,153,0
0,538,537.2,1.7888543820004443,153,1
0,538,536.4,0.8944271909995568,153,0
1,539,537.0,1.4142135623728689,153,0
1,539,537.0,1.4142135623738838,153,1
2,541,538.0,2.121320343559492,153,0
3,533,537.4,3.0495901363952713,153,0
4,544,539.0,4.062019202317899,153,0
4,541,538.0,2.1213203435601686,153,1
1,527,529.6,3.2093613071759983,154,1
1,527,527.6,4.722287581247022,154,0
2,525,529.2,3.7013511046641434,154,1
2,525,527.0,4.847679857416313,154,0
3,532,527.0,4.847679857416313,154,0
4,525,525.8,4.324349662087912,154,0
5,523,526.4,3.435112807463519,154,0
5,532,528.8,3.114482300479261,154,1
2,529,526.8,3.6331804249169797,154,0
2,529,529.0,3.082207001484261,154,1
3,535,528.8,4.9193495504995415,154,0
4,530,528.4,4.669047011971501,154,0
4,535,529.6,3.974921382870177,154,1
5,533,530.0,4.582575694955843,154,0
0,521,529.6,5.366563145999503,154,0
1,533,530.8,3.898717737923403,154,1
1,515,526.8,8.497058314499196,154,0
2,517,529.2,7.155417527999245,154,1
2,517,523.2,7.949842765740709,154,0
3,516,520.4,7.402702209328696,154,0
4,520,517.8,2.588435821108937,154,0
4,516,526.0,8.944271909999095,154,1
1,532,537.2,4.324349662087901,155,1
1,532,537.4,4.277849927241391,155,0
2,541,538.0,4.6368092477478235,155,1
2,541,538.2,4.549725266430835,155,0
0,542,539.2,4.764451699828542,155,0
0,542,539.0,4.898979485566329,155,1
1,540,538.2,4.147288270665509,155,1
1,540,539.8,4.604345773288432,155,0
2,537,538.4,4.037325847637144,155,0
3,543,540.6,2.3021728866440525,155,0
3,537,538.4,4.037325847637229,155,1
4,533,538.6,3.6469165057620603,155,1
4,533,539.0,4.062019202317859,155,0
5,534,537.4,4.159326868616962,155,0
5,534,537.2,3.834057902536139,155,1
1,533,536.0,4.242640687119164,155,0
1,533,535.4,3.0495901363953597,155,1
3,542,537.0,5.049752469180937,155,0
3,542,535.8,3.834057902536153,155,1
5,535,535.4,3.781534080237671,155,0
5,535,535.4,3.781534080237795,155,1
0,537,536.2,3.563705936240948,155,0
0,537,536.2,3.56370593624108,155,1
1,539,537.2,3.4928498393144407,155,0
2,534,537.4,3.2093613071760605,155,0
2,539,537.2,3.4928498393145753,155,1
3,537,538.0,2.6457513110645516,155,1
3,537,536.4,1.9493588689614858,155,0
4,540,537.4,2.302172886644014,155,0
4,540,537.6,1.9493588689617356,155,1
1,532,536.6,4.037325847637203,156,1
1,543,539.0,3.2403703492039346,156,0
2,540,538.6,2.8809720581775897,156,0
2,540,537.2,4.324349662087864,156,1
0,542,538.4,4.722287581246978,156,1
1,540,537.8,4.147288270665476,156,1
1,542,539.6,3.0495901363953797,156,0
2,537,538.2,3.8987177379235205,156,1
2,537,539.6,3.0495901363953797,156,0
3,543,540.4,2.302172886644142,156,1
3,543,541.0,2.5495097567963856,156,0
4,532,538.8,4.438468204234415,156,0
4,532,538.8,4.438468204234353,156,1
3,534,537.2,4.438468204234353,156,1
3,534,537.6,4.827007354458855,156,0
4,535,536.2,4.207136793592517,156,0
4,535,536.2,4.207136793592452,156,1
5,537,536.2,4.207136793592452,156,1
0,537,536.2,4.207136793592517,156,0
0,537,535.0,2.1213203435595203,156,1
1,539,536.4,1.9493588689616645,156,1
1,539,535.4,2.701851217221268,156,0
2,535,536.0,2.0000000000000178,156,0
2,535,536.6,1.6733200530680101,156,1
3,537,536.6,1.6733200530681716,156,0
3,537,537.0,1.4142135623729242,156,1
4,540,537.6,1.9493588689618029,156,0
4,540,537.6,1.9493588689616645,156,1
1,536,536.4,1.8165902124583222,157,0
1,536,536.4,1.8165902124583007,157,1
2,538,536.2,1.483239697418906,157,0
2,538,536.6,1.949358868961608,157,1
3,537,536.2,1.4832396974188917,157,1
3,537,536.2,1.483239697418906,157,0
4,537,536.8,0.8366600265336569,157,0
4,537,536.8,0.8366600265336314,157,1
5,543,538.2,2.7748873851021774,157,1
0,535,538.0,2.9999999999998614,157,1
0,543,538.2,2.774887385102185,157,0
1,533,537.6,3.5777087639995577,157,0
1,533,537.0,3.7416573867738303,157,1
0,541,537.8,4.14728827066545,157,1
0,541,538.2,3.898717737923484,157,0
1,541,538.6,4.3358966777356684,157,1
1,541,539.0,3.9999999999998987,157,0
2,537,539.0,3.9999999999998987,157,0
2,537,537.4,3.577708763999557,157,1
3,544,539.2,4.266145801540213,157,1
3,544,539.2,4.266145801540206,157,0
4,533,539.2,4.266145801540206,157,0
4,533,539.2,4.266145801540213,157,1
1,544,538.8,6.300793600809374,158,1
2,544,537.0,8.276472678623383,158,0
2,538,537.8,5.848076606885405,158,1
3,540,539.6,6.107372593840934,158,0
3,540,540.0,3.162277660168448,158,1
0,538,540.4,2.6076809620811394,158,1
0,538,538.6,5.813776741499398,158,0
0,538,539.6,2.6076809620811394,158,1
2,544,541.6,2.60768096208092,158,0
2,544,539.6,2.6076809620811394,158,1
3,538,540.8,3.0331501776204943,158,0
3,538,539.6,2.6076809620811394,158,1
3,556,542.8,7.8230428862432175,158,1
5,538,542.8,7.8230428862432175,158,1
5,556,543.2,7.56306816047555,158,0
0,539,543.0,7.68114574786854,158,0
0,539,543.0,7.681145747868652,158,1
3,631,545.8,7.949842765740656,158,0
4,569,550.8,12.872451204024793,158,0
4,631,544.6,8.706319543871603,158,1
0,543,538.0,2.8284271247461548,159,0
1,558,541.8,9.576011695899293,159,1
1,558,542.2,9.257429448826471,159,0
2,540,542.4,9.289779329994879,159,1
2,540,542.8,8.927485648266227,159,0
0,542,543.6,8.619744775803989,159,1
0,542,543.8,8.378544026261336,159,0
3,540,544.6,7.602631123499263,159,0
3,540,543.0,8.77496438739213,159,1
4,533,542.6,9.26282894152754,159,1
4,533,542.6,9.262828941527514,159,0
5,534,537.8,4.024922359499653,159,1
5,534,537.8,4.024922359499594,159,0
3,533,536.4,4.277849927241455,159,0
3,533,536.4,4.277849927241511,159,1
4,535,535.0,2.9154759474225953,159,0
4,535,535.0,2.9154759474226783,159,1
5,536,534.2,1.3038404810405826,159,1
0,536,534.2,1.3038404810403974,159,0
0,537,535.0,1.581138830084228,159,1
1,539,536.0,2.236067977499817,159,1
1,539,535.4,2.3021728866441946,159,0
2,535,536.4,1.6733200530681842,159,1
2,535,535.6,2.190890230020591,159,0
3,537,536.8,1.4832396974191742,159,1
4,537,536.4,1.6733200530680505,159,0
4,539,537.4,1.6733200530681949,159,1
3,515,527.2,13.88164255410724,160,1
4,515,527.2,13.881642554107238,160,0
4,534,526.0,12.708265027138879,160,1
5,544,528.0,14.882876066137253,160,0
1,544,531.8,13.046072205840396,160,1
1,523,529.6,13.501851724856154,160,0
2,548,537.0,13.341664064126388,160,1
2,548,534.8,14.788509052639528,160,0
4,531,534.4,12.895735729302203,160,1
4,531,532.2,13.881642554107247,160,0
0,528,534.8,10.709808588392269,160,0
0,528,537.0,8.602325267042715,160,1
1,522,530.4,10.502380682492928,160,0
2,550,535.8,12.497999839974431,160,0
3,522,534.6,10.990905331227344,160,1
3,529,532.0,10.606601717798247,160,0
4,556,537.0,15.000000000000025,160,0
4,556,537.0,14.352700094407384,160,1
0,536,538.8,1.9235384061675453,161,1
1,540,538.8,1.9235384061675969,161,0
1,540,538.8,1.9235384061675453,161,1
2,542,539.4,2.4083189157587905,161,1
2,542,539.4,2.408318915758832,161,0
3,535,538.8,3.1144823004797684,161,0
3,535,538.8,3.1144823004797364,161,1
4,537,538.0,2.9154759474229452,161,0
4,537,538.0,2.915475947422911,161,1
5,541,539.0,2.915475947422911,161,1
1,535,538.0,3.316624790355629,161,1
1,541,539.0,2.9154759474229452,161,0
3,544,538.4,3.9749213828705545,161,1
4,544,539.8,3.7013511046645897,161,0
4,540,539.4,3.507135583350263,161,1
5,540,540.0,3.240370349204178,161,1
0,540,539.4,3.507135583350286,161,0
0,536,539.0,3.605551275464212,161,1
1,541,540.2,2.863564212655549,161,1
1,541,540.6,2.5099800796025815,161,0
2,539,541.0,1.8708286933874398,161,0
2,539,539.2,1.9235384061675638,161,1
3,540,540.8,1.9235384061675878,161,0
3,540,539.2,1.9235384061675638,161,1
4,533,538.6,3.2093613071765135,161,0
4,533,537.8,3.2710854467594688,161,1
0,540,534.2,9.148770409186152,162,0
0,545,538.8,7.014271166700077,162,0
0,539,542.8,2.863564212655194,162,1
2,546,540.2,7.726577508832742,162,0
2,546,543.4,3.209361307176177,162,1
3,543,540.2,7.726577508832742,162,0
3,543,542.8,2.863564212655194,162,1
4,556,546.0,6.041522986797268,162,0
1,542,546.4,5.594640292279724,162,0
1,556,545.0,6.670832032063132,162,1
4,549,547.2,5.630275304103676,162,0
5,542,546.4,6.107372593840963,162,0
0,530,543.8,9.65401470891771,162,0
1,544,541.4,6.985699678629147,162,0
2,543,541.6,7.021395872616737,162,0
3,541,540.0,5.700877125495637,162,0
4,546,540.8,6.300793600809304,162,0
4,549,546.6,6.426507605223813,162,1
1,529,531.8,6.140032573203583,163,1
2,531,531.0,5.873670062235448,163,1
0,531,532.2,5.974947698515887,163,0
0,538,533.4,5.77061521850149,163,1
1,540,535.8,5.449770637375586,163,1
1,540,533.2,6.9065186599328205,163,0
2,531,534.2,5.890670590009273,163,0
3,531,533.8,4.868264577855335,163,1
4,536,535.8,4.764451699828649,163,0
4,514,530.8,10.232301793829226,163,1
5,514,527.4,12.680693987317914,163,1
1,515,522.8,12.029131306956481,163,1
1,514,530.4,9.914635646356345,163,0
2,533,530.8,9.98498873309329,163,0
3,537,530.2,9.36482781475451,163,0
3,533,521.4,9.710818709048192,163,1
4,541,523.4,12.739701723352885,163,1
4,541,532.2,10.56882207249226,163,0
5,539,532.8,10.917875251164933,163,0
0,539,528.4,13.030732903409563,163,1
0,536,537.2,3.0331501776206253,163,0
1,534,537.4,2.7018512172212494,163,0
1,534,532.4,10.285912696499068,163,1
2,538,537.0,3.3911649915627597,163,1
2,538,537.6,2.7018512172212494,163,0
3,531,535.6,3.209361307176243,163,0
3,531,536.6,4.037325847637381,163,1
4,536,535.0,2.645751311064596,163,0
4,536,535.6,3.209361307176386,163,1
0,536,535.0,9.617692030835675,164,0
0,536,533.2,7.981227975693922,164,1
0,545,536.4,9.016651263079842,164,1
0,545,535.0,9.617692030835675,164,0
2,549,541.8,5.718391382198275,164,1
2,549,539.0,10.606601717798217,164,0
5,542,543.0,4.743416490252576,164,0
0,542,543.0,4.7434164902525255,164,1
0,566,547.6,11.326958991715294,164,0
1,554,545.2,6.833739825307916,164,1
1,554,551.2,9.418067742376873,164,0
2,549,552.0,8.916277250063489,164,0
3,549,547.8,4.549725266430859,164,1
3,557,553.6,8.961026726887926,164,0
4,562,557.6,6.655824516917465,164,0
4,562,551.2,7.395944834840186,164,1
4,554,561.4,6.76756972627565,165,1
5,529,556.2,16.254230218623185,165,1
0,562,555.0,15.362291495737324,165,1
3,561,553.6,14.152738250953533,165,1
4,547,553.4,7.36885337077624,165,0
1,648,549.2,9.14877040918617,165,0
1,648,554.2,14.652644812456321,165,1
1,538,532.8,3.8340579025361836,166,1
1,534,533.2,3.8340579025361836,166,1
2,534,531.6,6.024948132556837,166,0
2,542,535.4,5.176871642217931,166,1
3,547,539.2,5.35723809439156,166,1
3,547,535.4,8.61974477580399,166,0
2,538,536.0,8.689073598491394,166,0
2,538,539.8,4.919349550499541,166,1
3,537,538.8,4.868264577855251,166,0
4,537,539.6,5.029910535983724,166,1
4,541,539.4,4.929503017546513,166,0
5,542,541.0,3.9370039370059335,166,0
5,542,541.2,3.962322551231793,166,1
0,541,539.8,2.1679483388679346,166,0
0,541,541.0,3.93700393700591,166,1
1,553,542.8,6.016643582596563,166,0
1,553,542.2,6.379655163094623,166,1
2,556,546.6,7.300684899377621,166,0
2,556,545.8,8.228000972289683,166,1
3,545,547.4,6.730527468185564,166,0
3,545,547.4,6.730527468185541,166,1
4,535,546.0,8.60232526704265,166,0
4,535,546.0,8.602325267042634,166,1
2,555,542.8,8.348652585896659,167,0
5,547,542.8,9.338094023943077,167,1
1,547,543.8,8.526429498916825,167,0
2,533,542.4,9.787747442593798,167,1
3,525,541.0,11.916375287813048,167,1
3,535,542.8,9.338094023942947,167,0
4,543,545.0,7.211102550927918,167,0
4,543,540.6,11.781341180018575,167,1
5,549,539.4,10.139033484509342,167,1
5,549,545.8,7.429670248402628,167,0
0,551,545.0,6.324555320336683,167,0
0,551,540.2,11.009087155618374,167,1
1,554,544.4,11.567194992737065,167,1
2,550,549.4,4.037325847637464,167,1
2,554,546.4,7.536577472566648,167,0
3,542,547.8,5.167204273105437,167,0
3,542,549.2,4.438468204234622,167,1
4,558,550.8,5.9749476985158,167,0
4,558,551.0,5.916079783099761,167,1
5,542,555.8,15.77022510936354,168,0
1,569,553.2,11.144505372604046,168,1
1,569,558.0,16.881943016134137,168,0
5,541,550.0,12.041594578792305,168,0
5,541,550.0,12.041594578792317,168,1
0,559,550.8,12.577758146824113,168,0
0,559,550.8,12.577758146824124,168,1
2,564,555.0,12.825755338380677,168,0
2,564,555.0,12.82575533838069,168,1
3,545,555.6,12.11610498468879,168,0
3,545,555.6,12.116104984688802,168,1
4,556,553.0,9.669539802906906,168,1
0,546,540.6,9.370165420097992,169,0
0,546,540.0,9.273618495495866,169,1
1,512,538.2,14.703741020570256,169,0
1,512,534.4,15.582040944626055,169,1
1,542,537.8,14.532721699667979,169,0
2,544,538.0,14.62873883832781,169,0
2,544,538.4,14.791889669680577,169,1
3,537,537.0,14.456832294801062,169,1
3,537,536.2,13.935566009315892,169,0
4,541,535.2,13.217412757419682,169,0
4,541,536.0,13.838352503098154,169,1
5,549,542.6,4.39317652729778,169,0
5,549,536.6,14.432601983010647,169,1
1,534,541.0,5.87367006223538,169,0
1,534,541.0,5.873670062235592,169,1
3,537,539.6,5.81377674149947,169,0
3,537,539.6,5.813776741499685,169,1
4,537,539.6,5.81377674149947,169,0
5,530,537.4,7.092249290598868,169,0
0,535,534.6,2.8809720581775986,169,0
1,526,533.0,4.847679857416336,169,0
2,544,534.4,6.877499545619769,169,0
3,537,539.6,5.813776741499685,169,1
4,543,535.6,7.8930349042684504,169,0
4,537,538.8,5.848076606885607,169,1
1,539,538.2,1.9235384061669911,170,0
1,539,538.2,1.9235384061667695,170,1
2,542,539.0,2.5495097567961165,170,1
2,542,539.0,2.549509756796284,170,0
4,535,538.2,3.1144823004792688,170,1
4,535,538.2,3.1144823004794056,170,0
1,541,538.4,3.286335345030796,170,1
1,541,538.4,3.286335345030926,170,0
3,543,540.0,3.16227766016831,170,0
3,543,540.0,3.162277660168175,170,1
4,540,540.2,3.1144823004792803,170,1
4,540,540.2,3.114482300479417,170,0
5,540,539.8,2.949576240750456,170,0
5,540,539.8,2.949576240750311,170,1
1,536,540.0,2.549509756796158,170,1
1,536,540.0,2.5495097567963256,170,0
3,539,539.6,2.5099800796021596,170,0
3,539,539.6,2.5099800796019895,170,1
4,533,537.6,3.0495901363953353,170,0
4,533,537.6,3.0495901363951954,170,1
0,523,531.0,11.401754250991363,171,1
1,536,529.2,9.12140340079311,171,0
1,536,529.2,9.121403400793078,171,1
2,539,533.6,6.767569726275402,171,1
2,539,533.6,6.767569726275444,171,0
3,539,533.6,6.767569726275402,171,1
5,539,533.6,6.767569726275444,171,0
5,536,534.6,6.655824516917441,171,1
1,536,537.2,1.6431676725152635,171,1
1,536,534.6,6.655824516917484,171,0
2,544,538.8,3.271085446759116,171,1
2,544,538.8,3.2710854467592028,171,0
3,540,539.6,2.8809720581775675,171,0
3,540,539.0,3.3166247903552915,171,1
4,531,537.4,4.878524367060109,171,1
4,531,538.0,4.847679857416317,171,0
5,543,538.8,5.357238094391485,171,1
5,543,538.8,5.357238094391544,171,0
0,553,542.2,7.918333157931651,171,0
0,553,542.2,7.9183331579316105,171,1
1,536,540.6,8.264381404557748,171,0
1,536,540.6,8.264381404557708,171,1
2,541,540.8,8.258329128825025,171,0
2,541,540.8,8.258329128824984,171,1
3,541,542.8,6.260990336999411,171,0
4,541,542.8,6.26099033699936,171,1
0,539,532.8,6.534523701081838,172,0
0,538,536.0,2.7386127875258084,172,1
1,542,538.0,2.7386127875258084,172,1
1,542,536.8,3.834057902536229,172,0
0,542,539.4,2.60768096208104,172,1
0,542,538.8,3.27108544675932,172,0
1,539,540.0,1.8708286933869498,172,1
1,539,539.6,2.509980079602362,172,0
2,537,539.6,2.3021728866442546,172,1
2,537,539.8,2.1679483388680216,172,0
3,536,539.2,2.774887385102317,172,1
3,536,539.2,2.7748873851024425,172,0
4,542,539.2,2.774887385102317,172,1
5,533,537.4,3.3615472627943195,172,1
5,542,539.2,2.7748873851024425,172,0
1,534,536.4,3.50713558335003,172,1
1,534,537.6,3.049590136395502,172,0
3,534,536.6,3.286335345031113,172,0
3,534,535.8,3.6331804249169797,172,1
4,542,537.0,4.582575694955832,172,1
4,542,537.6,4.098780306383929,172,0
5,529,536.2,5.674504383644516,172,0
5,529,534.4,4.722287581247025,172,1
0,540,535.8,5.2153619241621145,172,1
0,540,535.8,5.215361924162212,172,0
1,554,539.8,9.444575162494086,172,1
1,554,539.8,9.44457516249414,172,0
2,539,540.8,8.927485648266272,172,1
3,541,540.6,8.905054744357287,172,1
4,539,540.8,8.927485648266329,172,0
0,533,539.8,4.658325879540848,173,0
1,543,541.8,2.774887385102444,173,1
1,543,540.2,4.868264577855229,173,0
2,540,541.6,2.8809720581777083,173,1
2,540,540.4,4.827007354458861,173,0
3,538,538.8,3.7013511046643335,173,0
3,538,541.4,3.130495168499811,173,1
4,542,540.6,1.9493588689619505,173,1
4,542,539.2,3.9623225512317677,173,0
5,545,541.6,2.701851217221368,173,1
5,545,541.6,2.701851217221206,173,0
1,542,541.4,2.607680962081007,173,0
1,542,541.4,2.607680962081175,173,1
2,541,541.6,2.509980079602175,173,0
2,541,541.6,2.5099800796023493,173,1
3,538,541.6,2.509980079602175,173,0
3,538,541.6,2.5099800796023493,173,1
5,542,541.6,2.509980079602175,173,0
5,542,541.6,2.5099800796023493,173,1
0,538,540.2,2.04939015319187,173,0
0,538,540.2,2.0493901531920833,173,1
1,538,539.4,1.9493588689617447,173,0
1,538,539.4,1.9493588689619687,173,1
2,537,538.6,1.9493588689617447,173,0
2,537,538.6,1.9493588689619687,173,1
3,539,538.8,1.9235384061670853,173,0
3,539,538.8,1.9235384061673124,173,1
4,538,538.0,0.7071067811863817,173,0
4,538,538.0,0.7071067811869997,173,1
1,550,542.6,7.536577472566789,174,1
1,550,542.6,7.5365774725666945,174,0
2,542,542.2,7.496665925596606,174,1
2,542,542.2,7.496665925596512,174,0
3,541,544.4,3.646916505762234,174,1
4,541,544.4,3.646916505762039,174,0
4,533,541.8,6.058052492344457,174,1
1,536,540.4,6.503845016603704,174,1
1,536,542.4,5.029910535983671,174,0
4,536,537.6,3.7815340802379103,174,1
5,533,535.8,3.271085446759343,174,1
5,536,541.0,5.744562646537989,174,0
0,563,543.6,11.19374825516455,174,0
0,563,540.2,12.833549781724477,174,1
1,555,544.6,13.50185172485612,174,1
1,555,546.2,12.194260945215142,174,0
2,555,548.4,13.145341380123993,174,1
2,555,549.0,12.308533625091139,174,0
3,559,553.0,11.661903789690614,174,1
3,559,553.6,10.382677881933887,174,0
4,535,553.4,10.807404868884985,174,0
4,535,553.4,10.807404868885044,174,1
1,545,541.4,2.7018512172209905,175,1
0,547,541.4,3.7815340802379667,175,0
0,547,542.6,3.6469165057618906,175,1
5,550,543.8,4.7644516998287765,175,0
5,550,544.6,4.505552130427353,175,1
4,540,545.0,3.807886552931746,175,1
5,355,507.4,85.27191800352563,175,1
5,540,543.6,4.929503017546636,175,0
0,556,509.6,86.6158184167303,175,1
0,556,547.2,6.220932405998414,175,0
1,557,550.0,6.964194138592143,175,0
2,557,552.0,7.314369419163976,175,0
2,557,511.6,87.8026195508995,175,1
3,565,514.6,89.67887153616508,175,1
4,565,555.0,9.137833441248596,175,0
4,533,513.2,89.23676372437538,175,1
1,560,543.2,12.477980605851219,176,1
2,522,535.6,11.193748255164556,176,0
2,522,540.0,15.763882770434417,176,1
3,525,533.0,11.97914855071092,176,0
3,525,535.0,15.763882770434417,176,1
4,543,538.2,15.352524222420202,176,1
5,543,531.6,9.685040010242574,176,0
4,539,537.8,15.287249589118348,176,1
5,551,536.4,12.401612798341977,176,0
5,534,532.6,8.96102672688787,176,1
0,553,538.8,10.40192289915662,176,1
0,553,538.8,14.498275759551538,176,0
1,554,544.6,8.734987120768924,176,1
1,554,545.2,12.091319200153464,176,0
2,544,549.0,5.147815070493454,176,0
2,544,544.8,8.700574693662423,176,1
3,542,548.8,5.449770637375433,176,0
3,542,545.4,8.294576541331029,176,1
4,556,549.8,6.340346993658879,176,1
1,543,545.2,8.98331787259026,177,1
1,558,544.6,9.262828941527575,177,0
3,526,540.4,11.76010204037361,177,1
3,526,541.8,12.537942414926007,177,0
4,544,540.6,11.823705003085983,177,0
4,544,542.2,11.410521460476712,177,1
5,545,542.6,11.48041811085295,177,0
3,547,543.6,11.502173707608469,177,1
3,544,543.4,11.39298029490091,177,0
5,541,540.0,7.968688725254635,177,0
5,541,540.2,8.228000972289662,177,1
0,559,546.6,7.092249290598875,177,0
1,554,548.6,7.569676347110238,177,0
1,559,543.4,11.886967653695361,177,1
2,542,546.6,7.300684899377589,177,1
2,542,548.0,8.031189202104516,177,0
3,559,551.0,8.916277250063514,177,0
3,559,549.6,8.87693640846885,177,1
4,556,554.0,7.035623639735157,177,0
4,556,551.4,9.126883367283703,177,1
2,556,545.6,14.976648490233101,178,1
1,539,543.6,15.56598856481658,178,0
1,539,548.8,9.731392500562349,178,1
4,547,549.4,9.449867723942022,178,1
5,547,545.4,15.27416118809804,178,0
5,523,545.4,15.274161188098056,178,1
0,563,553.4,10.261578825892279,178,0
0,563,545.6,15.549919613940157,178,1
1,557,552.4,9.423375191511836,178,0
1,557,545.8,15.722595205626869,178,1
2,545,550.2,9.654014708917776,178,0
2,545,547.0,15.29705854077839,178,1
3,562,550.0,16.7032930884901,178,1
3,562,554.8,8.378544026261407,178,0
4,557,556.8,7.155417527999385,178,0
4,557,556.8,7.155417527999407,178,1
1,545,540.4,4.979959839195461,179,1
1,545,540.4,4.979959839195522,179,0
1,531,537.6,5.6391488719487,179,0
1,531,537.6,5.639148871948646,179,1
4,542,538.0,5.916079783099591,179,1
4,542,538.0,5.916079783099643,179,0
5,539,538.0,5.916079783099591,179,1
1,539,538.0,5.916079783099643,179,0
1,575,546.4,16.816658407662324,179,1
2,552,541.8,7.726577508832773,179,0
4,537,540.2,7.726577508832773,179,0
4,552,547.8,16.961721610732795,179,1
5,551,544.2,6.9065186599328205,179,0
5,551,551.8,14.131525041551608,179,1
0,566,556.6,14.046351839534713,179,1
1,545,557.8,12.316655390161726,179,1
2,566,549.0,11.68332144554793,179,0
2,535,549.8,11.300442469213294,179,1
3,533,546.0,13.37908816025963,179,1
3,533,547.8,13.179529581893277,179,0
4,530,543.4,14.976648490233048,179,0
5,543,434.8,239.74507294207316,180,1
5,543,435.0,239.85099541173474,180,0
2,543,435.2,239.96812288301956,180,1
2,543,436.2,240.5030145341218,180,0
3,549,543.8,5.167204273104124,180,1
3,549,437.8,241.39946147413005,180,0
4,530,542.6,7.569676347109282,180,1
4,530,542.6,7.569676347110231,180,0
5,535,540.0,7.4833147735478915,180,0
0,566,544.6,14.010710188994702,180,0
0,535,540.0,7.483314773546931,180,1
1,554,546.8,14.549914089093448,180,0
1,554,542.2,9.833615815150884,180,1
2,533,543.6,15.662056059151368,180,0
2,533,540.2,10.616025621671497,180,1
3,560,542.4,13.61249426078799,180,1
3,560,549.6,14.876155417311285,180,0
4,531,548.8,15.927962832703985,180,0
4,531,542.6,13.39029499301588,180,1
1,542,541.4,1.8165902124583946,181,1
1,542,541.4,1.8165902124581892,181,0
0,539,541.0,2.1213203435593813,181,0
0,539,541.0,2.121320343559557,181,1
1,543,540.8,1.7888543819997391,181,1
1,543,540.8,1.7888543819995306,181,0
2,540,540.6,1.8165902124584044,181,1
2,540,540.6,1.816590212458199,181,0
3,537,540.2,2.3874672772626027,181,1
3,537,540.2,2.3874672772624463,181,0
4,542,540.2,2.3874672772626027,181,1
5,543,541.0,2.549509756796331,181,1
5,542,540.2,2.3874672772624463,181,0
2,541,540.6,2.302172886644199,181,1
2,541,540.6,2.302172886644037,181,0
3,538,540.2,2.5884358211089014,181,1
3,538,539.6,2.073644135332523,181,0
5,542,540.0,2.345207879911495,181,0
5,542,541.2,1.9235384061670446,181,1
0,537,540.2,2.5884358211089014,181,1
0,537,540.0,2.345207879911495,181,0
1,537,539.0,2.345207879911495,181,0
2,537,539.0,2.3452078799116616,181,1
2,536,538.0,2.345207879911495,181,0
3,538,538.0,2.345207879911495,181,0
3,538,538.4,2.0736441353327115,181,1
4,538,537.2,0.8366600265334531,181,0
4,538,538.4,2.0736441353327115,181,1
0,526,535.0,5.196152422706526,182,0
1,532,534.2,5.310367218940601,182,0
1,521,531.2,7.726577508832685,182,0
2,537,531.0,7.516648189186401,182,0
3,536,532.0,10.271319292087085,182,1
3,522,527.6,6.804410334481544,182,0
4,535,529.4,7.436396977031233,182,0
5,523,527.6,7.733045971672436,182,0
0,542,531.8,8.871302046486715,182,0
1,540,532.4,9.396807968666772,182,0
2,529,533.8,7.854934754662152,182,0
3,536,534.0,7.905694150420907,182,0
4,536,536.6,4.979959839195428,182,0
5,529,534.0,4.847679857416266,182,0
0,515,529.0,8.573214099741088,182,0
1,511,525.4,11.760102040373598,182,0
2,535,534.8,8.228000972289705,182,1
2,527,523.6,10.33440854621101,182,0
3,518,520.0,7.745966692414787,182,0
4,517,517.6,5.899152481500989,182,0
1,526,518.6,5.079370039679939,183,1
1,530,520.6,7.266360849833879,183,0
0,530,522.2,5.5856960175074,183,1
0,530,524.2,6.340346993658817,183,0
1,519,524.4,6.1073725938408465,183,0
1,519,522.4,5.412947441089554,183,1
2,529,526.8,4.65832587954067,183,0
3,529,524.2,5.890670590009078,183,1
3,532,528.0,5.147815070493341,183,0
4,530,528.0,5.147815070493341,183,0
1,530,526.8,4.658325879540615,183,1
1,518,525.6,6.58027355054472,183,0
2,524,526.6,5.639148871948531,183,0
3,524,526.4,4.827007354458644,183,1
3,530,526.8,5.761944116355039,183,0
4,525,525.4,4.39317652729751,183,1
4,525,525.4,4.97995983919533,183,0
5,528,525.0,4.5825756949556595,183,0
0,520,525.4,3.847076812334049,183,0
0,528,527.2,2.5884358211085403,183,1
1,529,526.4,4.037325847637064,183,0
2,534,527.2,5.1672042731053525,183,0
3,516,525.4,7.26636084983385,183,0
4,525,524.8,7.1203932475670255,183,0
4,529,527.2,2.5884358211085403,183,1
1,544,543.0,1.7320508075689491,184,0
0,543,543.6,0.5477225575058899,184,1
0,543,543.6,0.547722557505397,184,0
1,540,542.8,1.6431676725155642,184,0
2,543,542.6,1.5165750888103748,184,0
2,540,542.8,1.6431676725157285,184,1
3,542,542.4,1.5165750888105527,184,1
3,542,542.4,1.5165750888103748,184,0
4,533,540.4,4.393176527297837,184,1
4,533,540.2,4.20713679359256,184,0
5,545,540.6,4.615192303685762,184,0
5,545,540.6,4.615192303685798,184,1
1,540,540.6,4.615192303685762,184,0
1,540,540.0,4.415880433163996,184,1
2,542,540.4,4.50555213042756,184,0
2,542,540.4,4.5055521304275965,184,1
3,542,540.4,4.50555213042756,184,0
3,542,540.4,4.5055521304275965,184,1
4,543,542.4,1.8165902124586897,184,1
5,543,542.4,1.8165902124585998,184,0
5,541,541.6,1.140175425099442,184,1
0,542,541.8,1.095445115010499,184,0
1,545,542.8,1.3038404810406916,184,0
1,542,542.0,0.7071067811870299,184,1
2,545,542.6,1.5165750888105294,184,1
2,545,543.4,1.5165750888104568,184,0
3,547,543.6,2.408318915758591,184,1
3,547,544.4,1.9493588689619141,184,0
4,548,545.4,2.3021728866443767,184,0
2,540,541.4,3.0495901363954694,185,1
3,537,541.0,3.5355339059327364,185,0
3,537,541.0,3.535533905932816,185,1
4,542,540.2,2.387467277262775,185,1
4,542,540.2,2.3874672772626577,185,0
5,544,541.2,2.7748873851023053,185,0
5,544,541.2,2.7748873851024065,185,1
1,541,540.8,2.5884358211089453,185,0
1,541,540.8,2.5884358211090537,185,1
2,541,541.0,2.5495097567964926,185,1
2,541,541.0,2.5495097567963825,185,0
3,538,541.2,2.167948338867879,185,0
3,538,541.2,2.1679483388680083,185,1
5,542,541.2,2.1679483388680083,185,1
5,542,541.2,2.167948338867879,185,0
0,537,539.8,2.1679483388680083,185,1
0,537,539.8,2.167948338867879,185,0
1,537,539.0,2.3452078799117104,185,0
1,537,539.0,2.34520787991183,185,1
2,537,538.2,2.167948338867879,185,0
2,537,538.2,2.1679483388680083,185,1
3,539,538.4,2.190890230020664,185,0
3,539,538.4,2.1908902300207918,185,1
4,538,537.6,0.8944271909998984,185,0
4,538,537.6,0.8944271910002122,185,1
3,532,540.4,6.949820141557568,186,1
5,542,541.4,6.693280212272551,186,1
0,532,540.4,6.949820141557664,186,0
0,535,538.6,5.549774770204577,186,1
3,542,541.4,6.693280212272651,186,0
3,542,539.4,5.727128425310478,186,1
1,537,539.0,5.291502622129234,186,0
1,537,537.6,4.393176527297672,186,1
3,542,539.6,3.361547262794199,186,1
3,542,539.8,5.4037024344425735,186,0
5,546,540.4,4.393176527297672,186,1
5,546,539.8,5.4037024344425735,186,0
0,541,541.6,3.2093613071761293,186,1
0,541,541.6,3.2093613071763527,186,0
1,524,538.0,8.455767262643924,186,0
1,524,538.0,8.455767262643839,186,1
2,546,539.8,9.121403400793069,186,1
3,546,539.8,9.121403400793147,186,0
3,548,541.0,9.84885780179607,186,1
1,542,538.2,4.324349662087979,187,1
2,539,537.8,4.086563348340662,187,0
2,539,537.8,4.086563348340568,187,1
0,540,539.0,3.535533905932812,187,1
0,540,539.0,3.5355339059329216,187,0
1,543,539.4,3.91152144312166,187,1
2,543,539.4,3.911521443121759,187,0
2,539,540.6,1.8165902124586624,187,1
3,537,539.6,2.19089023002081,187,1
3,537,540.2,2.387467277262961,187,0
4,542,540.2,2.387467277262961,187,0
4,542,540.2,2.3874672772627914,187,1
1,595,540.8,2.683281572999866,187,1
1,595,541.0,2.549509756796667,187,0
2,541,540.4,2.4083189157585854,187,1
2,541,541.2,2.4899799195980283,187,0
3,538,540.2,2.588435821109239,187,0
3,538,540.2,2.5884358211090825,187,1
5,542,541.2,1.9235384061674992,187,0
5,542,541.2,1.9235384061672884,187,1
0,537,540.2,2.5884358211090825,187,1
0,537,540.2,2.588435821109239,187,0
1,537,539.0,2.3452078799120346,187,0
1,537,539.0,2.345207879911862,187,1
2,537,538.2,2.167948338868043,187,1
3,537,538.2,2.1679483388682295,187,0
3,538,538.2,2.167948338868043,187,1
4,538,538.2,2.1679483388682295,187,0
4,538,537.4,0.5477225575058641,187,1
0,540,539.0,10.999999999999986,188,1
0,520,539.8,11.233877335986865,188,0
0,550,539.6,11.610340218959978,188,1
1,545,540.2,11.840608092492529,188,1
4,542,539.4,11.480418110852918,188,1
5,545,540.0,11.3357840487546,188,0
5,523,540.0,10.222524150130427,188,1
0,554,541.4,12.75931032618924,188,0
0,554,542.8,11.987493482792804,188,1
1,563,545.6,16.040573555830203,188,0
2,555,547.4,16.59216682654798,188,0
2,563,545.4,14.976648490233053,188,1
0,540,539.8,1.3038404810401902,189,1
0,540,539.2,1.3038404810405062,189,0
1,534,537.8,2.280350850198256,189,0
2,534,538.4,2.7018512172210865,189,1
3,537,537.6,2.3021728866442484,189,0
3,540,538.2,2.48997991959755,189,1
4,540,537.8,2.489979919597737,189,0
4,540,538.6,2.6076809620808694,189,1
5,542,538.6,3.1304951684996936,189,0
1,542,539.2,3.033150177620451,189,1
1,535,537.6,3.3615472627943155,189,0
2,544,539.6,3.64691650576208,189,0
2,544,540.0,3.7416573867738054,189,1
3,539,541.0,1.999999999999746,189,1
3,539,540.0,3.3911649915626163,189,0
4,545,541.0,4.062019202317965,189,0
4,545,542.0,2.5495097567961933,189,1
5,544,542.8,2.3874672772624552,189,1
5,544,541.4,4.277849927241475,189,0
1,542,542.8,2.3874672772624552,189,1
1,542,542.8,2.38746727726265,189,0
2,542,542.4,2.3021728866442484,189,0
3,542,542.4,2.3021728866440463,189,1
3,541,542.8,1.6431676725154711,189,0
4,536,541.0,2.99999999999998,189,0
4,536,541.8,3.492849839314442,189,1
1,540,538.4,2.0736441353331054,190,0
1,540,539.2,0.8366600265338734,190,1
2,542,539.8,1.483239697419028,190,1
2,542,539.0,2.645751311064851,190,0
3,535,539.0,2.6457513110645343,190,1
3,535,538.4,3.2093613071764535,190,0
4,536,537.6,3.2093613071764535,190,0
4,536,538.6,2.966479394838218,190,1
5,541,538.8,3.114482300479449,190,1
5,541,538.8,3.1144823004797066,190,0
1,536,538.0,3.2403703492038907,190,1
1,536,538.0,3.2403703492041385,190,0
3,544,538.4,3.9115214431215617,190,1
3,544,538.4,3.911521443121767,190,0
4,540,539.4,3.4351128074635064,190,1
4,540,539.4,3.43511280746374,190,0
5,540,540.2,2.8635642126552425,190,1
5,540,540.2,2.863564212655523,190,0
0,536,539.2,3.3466401061365265,190,0
1,540,540.0,2.8284271247464474,190,0
1,536,539.2,3.3466401061362867,190,1
2,538,539.6,2.9664793948382417,190,1
3,538,538.8,1.7888543820002356,190,0
3,539,538.6,1.6733200530681185,190,1
4,533,537.4,2.9664793948385006,190,0
4,533,537.2,2.7748873851023146,190,1
4,544,549.8,14.446452851824887,191,1
4,544,554.4,11.013627921806703,191,0
5,540,553.8,11.840608092492552,191,0
0,559,553.6,11.71750826754562,191,0
0,540,551.2,12.63724653553929,191,1
1,558,554.0,11.853269591129697,191,0
1,558,554.2,11.966620241321259,191,1
2,559,552.0,9.246621004453463,191,0
2,559,554.0,11.853269591129687,191,1
3,559,552.0,9.246621004453448,191,1
3,559,555.0,8.39642781187333,191,0
4,560,559.0,0.7071067811865275,191,0
0,532,534.2,7.085195833567571,192,1
1,546,535.6,8.763560920082677,192,0
1,546,535.6,8.763560920082844,192,1
0,545,535.8,9.011104260855076,192,0
0,545,535.8,9.01110426085524,192,1
2,541,538.4,8.018728078692007,192,1
2,541,538.4,8.018728078691822,192,0
4,529,538.6,7.700649323271625,192,1
4,529,538.6,7.700649323271433,192,0
0,542,540.6,6.8044103344818705,192,1
1,551,541.6,8.04984471899947,192,1
1,542,540.6,6.804410334481653,192,0
4,541,540.8,7.823042886243414,192,1
0,541,539.6,6.14817045957582,192,0
0,523,537.2,11.1445053726042,192,1
1,554,542.2,12.111977542911958,192,1
1,554,541.4,8.848728722251625,192,0
2,558,544.8,11.519548602267411,192,0
2,558,545.4,14.010710188994835,192,1
3,547,548.4,7.436396977031369,192,0
3,547,544.6,13.722244714331676,192,1
4,556,551.2,7.0498226928059164,192,0
4,556,547.6,14.363147287415929,192,1
4,542,547.8,3.768288736283418,193,1
5,354,509.2,86.8400829110613,193,1
0,618,547.8,3.768288736283284,193,0
0,545,507.8,86.0302272460093,193,1
1,560,550.4,6.542170893518416,193,0
1,560,509.8,87.3624633352334,193,1
2,551,550.2,6.49615270756465,193,0
2,551,510.4,87.70005701252424,193,1
3,546,549.4,6.767569726275416,193,0
4,550,549.8,6.723094525588608,193,0
4,546,511.2,88.07780651219693,193,1
0,528,528.2,2.167948338867758,194,1
1,528,528.4,2.0736441353326396,194,1
1,528,527.8,2.5884358211089507,194,0
0,531,528.6,2.88097205817758,194,0
1,531,529.2,2.1679483388677494,194,1
1,530,529.6,2.073644135332756,194,0
2,529,530.0,1.5811388300841627,194,0
2,529,529.6,1.816590212458332,194,1
3,522,527.6,3.3615472627942427,194,1
3,522,528.0,3.5355339059327258,194,0
5,526,527.2,3.4205262752973384,194,1
5,526,527.6,3.646916505762084,194,0
1,529,527.4,3.507135583349966,194,1
1,529,527.2,3.271085446759214,194,0
2,529,527.0,3.082207001484404,194,1
2,529,527.0,3.0822070014844827,194,0
3,529,527.0,3.082207001484404,194,1
3,529,527.0,3.0822070014844827,194,0
4,529,528.4,1.341640786499682,194,1
4,529,528.4,1.341640786499862,194,0
0,529,529.0,0.0,194,0
1,529,529.0,0.0,194,1
1,532,529.6,1.341640786499862,194,0
3,530,529.2,0.44721359549938916,194,1
4,530,529.8,1.3038404810405173,194,0
4,527,528.8,1.095445115010087,194,1
2,543,542.4,8.792041856133308,195,1
2,543,542.4,8.792041856133347,195,0
0,563,548.2,11.122050170719419,195,1
1,543,548.8,10.639548862616293,195,1
1,563,547.0,12.469963913339955,195,0
2,546,550.4,9.099450532861848,195,1
2,546,549.4,10.310189135025636,195,0
4,547,551.2,8.438009243891644,195,0
4,547,548.4,8.354639429682154,195,1
5,545,548.8,8.074651695274522,195,1
5,545,548.8,8.074651695274593,195,0
2,537,543.6,3.9749213828703014,195,1
2,537,547.6,9.47628619238576,195,0
3,544,543.8,3.9623225512319302,195,0
3,544,543.8,3.962322551231733,195,1
5,536,541.8,4.969909455915614,195,1
5,536,541.8,4.969909455915771,195,0
0,545,541.4,4.505552130427456,195,1
1,542,540.8,4.086563348340434,195,1
1,545,541.4,4.505552130427629,195,0
2,539,540.2,4.086563348340625,195,0
3,547,542.2,4.549725266431021,195,0
3,539,541.2,3.701351104664277,195,1
4,547,541.8,4.438468204234382,195,1
0,539,541.0,1.2247448713910032,196,1
0,539,541.0,1.224744871391708,196,0
3,543,541.4,1.5165750888098406,196,1
3,543,541.4,1.51657508881041,196,0
4,542,541.6,1.51657508881041,196,0
4,542,541.6,1.5165750888098406,196,1
5,543,541.8,1.643167672515071,196,1
5,543,541.8,1.6431676725155966,196,0
1,542,541.8,1.6431676725155966,196,0
1,542,541.8,1.643167672515071,196,1
2,540,542.0,1.224744871391032,196,1
2,540,542.0,1.224744871391737,196,0
5,538,541.0,1.999999999999659,196,1
5,538,541.0,2.0000000000000906,196,0
0,537,540.0,2.549509756796125,196,1
0,537,540.0,2.5495097567964633,196,0
2,537,538.8,2.1679483388675593,196,1
2,537,538.8,2.1679483388679577,196,0
4,538,538.0,1.224744871391708,196,0
4,538,538.0,1.2247448713910032,196,1
0,551,550.6,14.293355099485924,197,0
5,553,546.2,5.718391382198365,197,1
5,553,546.2,5.718391382198345,197,0
4,550,547.4,5.770615218501448,197,1
1,550,547.4,5.770615218501429,197,0
1,460,530.6,39.840933723998,197,1
2,542,547.0,6.123724356957971,197,0
2,542,531.2,40.021244358465424,197,1
3,544,529.8,39.27085433244356,197,1
3,544,548.0,4.743416490252602,197,0
4,563,550.4,8.324662155306989,197,0
4,563,531.8,40.96583942750351,197,1
4,540,531.8,5.8906705900093375,198,1
0,537,533.6,5.813776741499538,198,1
0,537,533.6,5.8137767414994075,198,0
1,545,536.4,7.402702209328768,198,1
1,545,536.4,7.402702209328665,198,0
2,540,539.4,3.7815340802379547,198,1
2,540,539.4,3.7815340802377535,198,0
3,537,539.8,3.2710854467591615,198,0
3,537,539.8,3.271085446759394,198,1
4,536,539.0,3.67423461417471,198,0
4,536,539.0,3.674234614174917,198,1
4,587,539.2,3.563705936241036,198,0
4,587,539.2,3.563705936241249,198,1
5,543,545.0,7.34846922834953,199,1
2,542,543.8,7.224956747275371,199,1
2,542,541.8,10.256705123966487,199,0
4,523,537.6,9.289779329994866,199,1
5,523,534.8,8.167006795638166,199,0
0,558,539.6,13.126309458488317,199,0
0,495,527.4,19.8065645683445,199,1
1,563,533.2,25.616400996236752,199,1
1,563,543.6,16.92040188648011,199,0
2,570,551.2,18.833480825381148,199,0
3,552,553.2,18.130085493455326,199,0
4,557,560.0,6.8190908484928405,199,0
4,570,538.6,30.56632133574466,199,1
0,539,541.4,2.880972058177605,200,1
0,533,539.6,4.66904701197167,200,0
1,543,541.6,2.9664793948382804,200,1
1,543,540.0,4.898979485566518,200,0
2,539,540.0,4.898979485566518,200,0
2,539,541.2,3.1937438845342805,200,1
3,537,538.2,3.6331804249172115,200,0
3,537,540.8,3.6331804249169943,200,1
4,542,540.0,2.4494897427831694,200,1
5,542,540.6,2.509980079602216,200,1
5,542,538.8,4.024922359499828,200,0
1,541,540.2,2.1679483388678693,200,1
1,541,540.4,2.408318915758823,200,0
2,540,540.4,2.073644135332756,200,1
2,540,539.8,1.923538406167586,200,0
3,538,540.6,1.6733200530681438,200,1
3,538,539.6,2.0736441353331965,200,0
5,542,540.6,1.6733200530686683,200,0
5,542,540.6,1.6733200530681438,200,1
0,537,539.6,2.0736441353331965,200,0
0,537,539.6,2.0736441353327733,200,1
1,537,538.8,2.1679483388682823,200,0
1,537,538.8,2.1679483388678773,200,1
2,537,538.2,2.1679483388682823,200,0
3,538,538.2,2.1679483388682823,200,0
3,537,538.2,2.1679483388678773,200,1
4,538,537.4,0.5477225575068111,200,0
1,539,559.2,21.49883717785688,201,1
1,539,550.6,19.06043021550146,201,0
3,542,551.4,18.4743064822472,201,0
3,542,551.4,18.474306482247215,201,1
4,540,542.6,3.3615472627945024,201,1
4,540,542.6,3.3615472627944265,201,0
0,544,542.0,2.5495097567966365,201,1
0,544,542.0,2.549509756796536,201,0
1,541,541.2,1.9235384061673255,201,0
1,541,541.2,1.9235384061674585,201,1
2,540,541.4,1.6733200530683583,201,0
2,540,541.4,1.6733200530685113,201,1
5,540,539.8,3.3466401061364652,202,1
0,543,539.4,2.6076809620812593,202,1
0,543,541.2,2.7748873851024656,202,0
1,537,539.6,2.3021728866445033,202,1
1,537,539.6,2.3021728866444566,202,0
0,541,540.2,2.1679483388681247,202,1
0,541,540.2,2.167948338868076,202,0
1,543,540.8,2.4899799195979653,202,1
1,543,540.8,2.4899799195979226,202,0
2,545,541.8,3.033150177620809,202,1
2,545,541.8,3.033150177620774,202,0
3,528,538.8,6.723094525588717,202,1
3,528,538.8,6.723094525588701,202,0
4,535,538.4,6.913754406977513,202,1
4,535,538.4,6.913754406977497,202,0
1,539,538.0,6.782329983125323,202,0
1,539,538.0,6.782329983125339,202,1
2,546,538.6,7.436396977031344,202,1
3,518,533.2,10.709808588392287,202,1
3,546,538.6,7.436396977031329,202,0
4,516,530.8,13.217412757419694,202,1
0,520,527.8,13.71860051171404,202,1
0,516,532.8,11.432410069622263,202,0
1,539,527.8,13.71860051171404,202,1
3,526,523.8,9.284395510748155,202,1
3,539,535.0,11.33578404875466,202,0
4,545,529.2,12.397580409095976,202,1
0,526,527.2,2.1679483388678658,203,0
0,526,527.6,2.0736441353327235,203,1
2,523,527.2,2.774887385102293,203,1
2,523,526.6,2.8809720581775777,203,0
3,527,527.0,2.7386127875258035,203,1
4,530,527.2,2.9495762407504933,203,1
4,527,527.0,2.738612787525819,203,0
1,529,527.0,2.7386127875258035,203,1
1,529,527.0,2.738612787525819,203,0
2,526,527.0,2.7386127875258035,203,1
2,526,526.2,2.1679483388678658,203,0
3,527,527.8,1.6431676725154494,203,1
4,527,526.4,2.190890230020651,203,0
4,526,527.6,1.816590212458457,203,1
3,532,528.0,2.5495097567963687,203,1
3,532,528.2,2.3874672772626457,203,0
4,531,529.0,2.5495097567963714,203,0
4,531,528.4,2.880972058177569,203,1
2,533,540.2,5.40370243444268,204,0
0,539,539.6,5.079370039680189,204,1
0,539,539.8,5.40370243444268,204,0
1,529,538.2,7.2938330115243195,204,0
1,529,538.0,7.000000000000051,204,1
3,526,534.0,7.0000000000001465,204,0
3,526,534.0,7.000000000000051,204,1
4,536,532.6,5.224940191045446,204,0
5,541,534.2,6.457553716385325,204,0
1,543,535.0,7.382411530116835,204,0
2,546,538.4,7.829431652425485,204,0
3,538,540.8,3.9623225512320546,204,0
3,536,532.6,5.2249401910453175,204,1
4,527,539.0,7.314369419164045,204,0
0,524,535.6,9.710818709048288,204,0
1,539,534.8,9.093954035511855,204,0
2,527,531.0,6.964194138592218,204,0
2,527,531.4,5.77061521850146,204,1
3,539,531.4,5.77061521850146,204,1
4,539,531.2,7.224956747275522,204,0
4,536,532.8,5.890670590009317,204,1
0,533,532.4,7.503332592921599,205,1
1,535,532.2,7.395944834840205,205,1
1,535,532.2,7.395944834840221,205,0
1,540,533.6,8.203657720797455,205,0
1,540,533.6,8.203657720797441,205,1
2,527,531.0,7.71362431027074,205,0
2,527,531.0,7.713624310270725,205,1
3,537,534.4,4.878524367060139,205,1
3,537,534.4,4.878524367060163,205,0
4,541,536.0,5.567764362829981,205,1
5,541,536.0,5.567764362830001,205,0
1,538,536.6,5.5946402922797045,205,1
1,536,536.2,5.540758070878007,205,0
2,527,533.6,6.308724118234992,205,0
2,527,534.0,6.5574385243019675,205,1
3,543,536.8,6.180614856144971,205,0
3,543,537.2,6.180614856144935,205,1
4,529,535.2,7.085195833567341,205,0
4,529,535.6,7.197221686178599,205,1
5,530,533.0,6.519202405202655,205,0
5,530,533.4,6.804410334481566,205,1
0,536,533.0,6.519202405202655,205,0
1,545,536.6,7.300684899377594,205,0
2,542,536.4,7.092249290598866,205,0
2,536,533.0,6.519202405202611,205,1
3,540,538.6,5.813776741499466,205,0
3,540,535.6,6.107372593840945,205,1
4,538,540.2,3.492849839314614,205,0
4,538,534.6,4.878524367060136,205,1
5,540,538.2,5.540758070878132,206,0
1,538,537.0,4.527692569068845,206,1
1,538,537.0,4.527692569068845,206,0
2,542,537.6,5.029910535983837,206,0
2,542,537.6,5.029910535983837,206,1
4,536,539.0,2.236067977500047,206,0
4,536,539.0,2.236067977500047,206,1
1,542,539.6,2.607680962081277,206,1
1,542,539.6,2.607680962081277,206,0
3,544,540.4,3.2863353450311736,206,1
3,544,540.4,3.2863353450311736,206,0
4,541,541.0,3.0000000000001967,206,0
4,541,541.0,3.0000000000001967,206,1
5,540,540.6,2.9664793948384647,206,0
5,540,540.6,2.9664793948384647,206,1
0,537,540.8,2.5884358211091687,206,1
0,537,540.8,2.5884358211091687,206,0
1,541,540.6,2.509980079602441,206,1
1,541,540.6,2.509980079602441,206,0
2,539,539.6,1.6733200530684815,206,1
2,539,539.6,1.6733200530684815,206,0
3,540,539.4,1.5165750888106793,206,0
3,540,539.4,1.5165750888106793,206,1
4,534,538.2,2.7748873851025335,206,0
4,534,538.2,2.7748873851025335,206,1
0,521,530.8,12.25561095988281,207,1
0,521,530.8,12.255610959882777,207,0
1,541,531.4,12.759310326189249,207,1
2,540,534.8,12.214745187681965,207,1
2,541,534.4,12.033287165193016,207,0
0,574,545.0,19.19635382045246,207,1
2,574,541.6,21.651789764358945,207,0
3,536,544.2,19.537144110642135,207,0
4,530,540.4,20.20643461870497,207,0
4,543,543.8,19.07092027144993,207,1
5,548,545.8,17.093858546273246,207,0
5,548,549.2,14.202112518917748,207,1
1,549,550.8,13.479614237803695,207,1
1,548,547.2,16.88786546606761,207,0
2,541,540.6,7.797435475847129,207,0
2,541,551.0,13.285330255586432,207,1
5,523,540.8,10.497618777608569,207,1
5,523,538.0,11.157956802210668,207,0
2,556,543.2,12.477980605851219,207,0
2,556,543.4,12.581732790041285,207,1
3,543,542.2,12.194260945215138,207,0
3,543,542.4,12.320714265009153,207,1
4,541,540.8,11.755849607748445,207,0
4,541,540.8,11.755849607748475,207,1
0,539,534.2,7.328028384224381,208,0
1,543,538.0,5.385164807134323,208,0
0,543,536.2,7.949842765740685,208,1
0,515,534.2,11.79830496300203,208,0
1,516,533.2,12.132600710482468,208,1
1,516,531.2,14.429137188342153,208,0
2,539,532.4,11.436782764396632,208,1
2,539,530.4,13.704014010500673,208,0
3,524,532.2,11.606032913963325,208,1
3,524,527.4,12.973048986263741,208,0
0,534,531.2,11.077003204838396,208,1
0,534,525.6,10.691117808723208,208,0
5,564,535.4,18.29754081837225,208,0
5,564,535.4,18.2975408183723,208,1
0,571,546.4,20.156884679930055,208,0
1,571,546.4,20.156884679930098,208,1
1,553,549.2,19.841874911408926,208,0
2,561,550.8,20.5353354002315,208,1
2,561,556.6,14.18802311810911,208,0
3,547,555.4,14.808781178746658,208,1
4,547,559.2,9.39148550549904,208,0
4,552,559.0,9.56556323485457,208,1
2,543,541.0,4.636809247747997,209,0
2,543,537.8,8.642916174532768,209,1
0,547,541.8,6.833739825307982,209,1
0,547,543.0,4.636809247747997,209,0
1,545,542.4,3.974921382870529,209,0
2,528,540.0,7.6811457478686975,209,0
2,545,541.2,6.26099033699943,209,1
3,529,538.4,9.15423399307672,209,0
3,529,539.0,8.366600265340768,209,1
4,525,534.8,10.353743284435883,209,0
5,525,537.8,10.059821071967434,209,1
1,514,528.2,11.122050170719477,209,0
1,530,535.2,10.059821071967434,209,1
3,537,533.2,7.886697661252151,209,1
3,537,526.6,8.324662155307045,209,0
4,538,531.8,5.540758070878064,209,1
4,538,528.6,9.81325634027774,209,0
5,538,530.4,10.69111780872334,209,0
5,538,533.6,5.856620185738564,209,1
0,551,538.8,7.596051605933211,209,1
1,551,535.6,13.390294993016445,209,0
1,534,539.6,6.580273550544892,209,1
2,524,537.0,9.695359714832692,209,1
2,524,537.6,9.555103348473066,209,0
3,530,536.2,10.158740079360298,209,0
3,530,535.4,10.139033484509293,209,1
4,530,534.6,10.430723848324302,209,0
4,530,533.8,10.256705123966496,209,1
1,537,541.0,3.1622776601683076,210,0
1,537,541.0,3.1622776601683604,210,1
0,537,539.8,3.346640106136228,210,0
0,537,539.8,3.3466401061362783,210,1
1,535,539.0,3.9999999999999396,210,0
1,535,539.0,3.9999999999999813,210,1
2,541,538.2,2.68328157299965,210,0
2,541,538.2,2.6832815729997126,210,1
3,534,536.8,2.68328157299965,210,0
3,534,536.8,2.6832815729997126,210,1
4,541,537.6,3.286335345030964,210,1
5,539,538.0,3.3166247903553665,210,1
1,535,538.0,3.3166247903553665,210,1
1,541,537.6,3.286335345030913,210,0
2,537,537.6,3.286335345030913,210,0
2,537,537.2,2.8635642126552328,210,1
3,538,538.2,2.9495762407504293,210,0
3,538,538.0,2.2360679774997307,210,1
0,535,537.0,2.7386127875257347,210,0
0,535,536.8,1.788854381999751,210,1
1,541,537.2,2.4899799195976713,210,1
1,541,538.4,2.6076809620809622,210,0
2,539,538.0,2.236067977499672,210,0
2,539,538.0,2.236067977499699,210,1
3,535,537.6,2.6076809620809622,210,0
3,535,537.6,2.6076809620809853,210,1
4,539,537.8,2.6832815729996793,210,1
3,535,543.0,6.041522986797359,211,0
3,535,547.4,10.014988766843437,211,1
4,518,538.6,12.895735729302189,211,0
4,518,538.6,12.89573572930216,211,1
1,522,532.8,12.437845472588931,211,0
4,522,532.8,12.4378454725889,211,1
3,516,527.4,12.759310326189263,211,1
3,534,525.0,8.94427190999915,211,1
1,545,533.2,12.872451204024843,211,0
1,541,526.2,10.82589488217947,211,1
1,555,542.4,9.762171889492636,212,0
2,542,545.0,6.480740698407904,212,1
2,542,545.0,6.480740698407886,212,0
4,536,544.2,7.429670248402729,212,1
4,536,544.2,7.429670248402714,212,0
1,542,544.6,7.197221686178677,212,1
1,542,544.6,7.197221686178661,212,0
3,544,543.8,6.942621983083961,212,1
3,544,543.8,6.942621983083944,212,0
4,540,540.8,3.033150177620664,212,0
4,540,540.8,3.0331501776207017,212,1
5,540,540.4,2.9664793948383066,212,0
5,540,540.4,2.9664793948383448,212,1
0,561,545.4,8.87693640846888,212,0
0,561,545.4,8.876936408468893,212,1
1,560,549.0,10.630145812734668,212,0
1,560,549.0,10.630145812734678,212,1
2,539,548.0,11.423659658795879,212,0
2,539,548.0,11.42365965879589,212,1
3,547,549.4,10.597169433391192,212,1
3,547,549.4,10.597169433391182,212,0
4,534,548.2,12.1531888819355,212,0
4,534,548.2,12.15318888193551,212,1
2,558,547.4,9.099450532861852,213,0
2,558,547.4,9.099450532861878,213,1
3,534,543.2,9.549869109050679,213,1
3,534,543.2,9.549869109050652,213,0
4,544,542.8,9.444575162494074,213,0
5,532,542.0,10.295630140987003,213,0
2,542,542.0,10.295630140987003,213,0
2,544,542.8,9.4445751624941,213,1
5,523,535.0,8.426149773176363,213,0
0,558,539.8,13.198484761517147,213,0
1,562,543.4,16.63730747446835,213,0
2,570,551.0,18.681541692269416,213,0
3,551,552.8,18.0194339533738,213,0
4,559,560.0,6.892024376045173,213,0
4,523,540.2,12.930583900195721,213,1
1,541,537.4,4.827007354459064,214,1
1,541,537.4,4.827007354459111,214,0
0,536,538.8,1.9235384061676302,214,1
0,536,538.8,1.9235384061677485,214,0
2,540,538.8,1.9235384061676302,214,1
2,540,538.8,1.9235384061677485,214,0
3,536,538.2,2.2803508501988,214,0
3,536,538.2,2.2803508501987,214,1
4,538,538.2,2.2803508501988,214,0
4,538,538.2,2.2803508501987,214,1
5,542,538.4,2.60768096208153,214,0
5,542,538.4,2.607680962081443,214,1
1,536,538.4,2.607680962081443,214,1
1,536,538.4,2.60768096208153,214,0
3,544,539.2,3.633180424917317,214,0
3,544,539.2,3.6331804249172546,214,1
4,540,540.0,3.1622776601687477,214,0
4,540,540.0,3.1622776601686757,214,1
5,541,540.6,2.9664793948386574,214,0
5,541,540.6,2.966479394838581,214,1
1,536,539.4,3.435112807463804,214,1
1,536,539.4,3.4351128074638706,214,0
2,539,540.0,2.915475947423051,214,0
2,539,540.0,2.9154759474229732,214,1
3,541,539.4,2.0736441353333386,214,0
3,541,539.4,2.073644135333229,214,1
0,538,543.8,6.1400325732035625,215,1
1,560,545.4,9.235799911215057,215,0
5,560,545.6,9.289779329994904,215,1
5,542,544.8,9.364827814754525,215,0
0,552,547.8,8.613942186943223,215,0
0,552,547.0,9.695359714832685,215,1
1,564,552.4,10.237187113655812,215,1
1,564,551.2,11.189280584559492,215,0
2,570,557.6,10.899541274750959,215,0
2,570,556.8,12.377398757412676,215,1
3,562,561.6,6.542170893518535,215,1
0,578,549.0,16.385969608173923,216,0
0,578,549.0,16.385969608173934,216,1
1,537,547.8,17.137677789012116,216,0
1,537,548.6,16.712270940838646,216,1
0,533,545.4,18.42009771961048,216,0
0,533,546.6,18.091434437324196,216,1
2,534,544.4,18.98157000882696,216,0
1,534,543.2,19.511535049810902,216,0
1,534,544.4,18.981570008826974,216,1
2,536,534.8,1.643167672515469,216,0
2,536,543.6,19.295077092357,216,1
3,536,534.6,1.3416407864998225,216,0
3,536,535.2,1.6431676725155295,216,1
4,542,536.4,3.28633534503098,216,0
4,542,536.2,3.492849839314603,216,1
5,536,536.8,3.033150177620603,216,0
5,536,536.8,3.0331501776206182,216,1
0,558,541.6,9.528903399657267,216,0
1,553,545.0,10.04987562112088,216,0
1,558,541.6,9.528903399657272,216,1
2,539,542.2,9.176055797563565,216,1
2,539,545.6,9.44986772394195,216,0
3,545,546.2,9.257429448826484,216,0
3,545,544.0,8.51469318296319,216,1
1,539,541.4,2.7928480087539733,217,0
0,549,542.4,4.39317652729788,217,0
0,549,544.4,6.6558245169175505,217,1
4,554,545.6,5.9413803110052665,217,0
4,554,544.6,6.985699678629237,217,1
5,548,546.8,5.63027530410379,217,0
1,550,548.0,5.5226805085937265,217,0
2,555,551.2,3.11448230047965,217,0
3,557,552.8,3.70135110466449,217,0
4,513,544.6,18.03607496103299,217,0
4,548,546.6,5.983310120660683,217,1
2,540,540.2,3.271085446759241,218,1
2,540,540.2,3.2710854467592667,218,0
4,541,541.2,2.280350850198286,218,1
4,541,541.2,2.280350850198323,218,0
0,544,541.8,2.588435821109004,218,0
0,544,541.8,2.588435821108971,218,1
1,544,541.6,2.30217288664427,218,1
1,544,541.6,2.302172886644307,218,0
3,547,543.2,2.7748873851023106,218,1
3,547,543.2,2.7748873851023412,218,0
4,556,546.4,5.7706152185014,218,1
4,556,546.4,5.770615218501415,218,0
5,542,546.6,5.549774770204661,218,0
1,542,546.6,5.549774770204646,218,1
1,552,548.2,5.761944116355185,218,0
5,532,544.2,8.67179335547153,218,1
5,532,545.8,9.338094023942995,218,0
0,537,543.8,10.059821071967422,218,0
0,537,542.8,9.2574294488265,218,1
1,537,540.0,7.582875444051523,218,0
1,537,540.8,9.20326029187483,218,1
2,537,539.0,7.582875444051523,218,0
2,537,537.0,3.5355339059327053,218,1
3,538,536.2,2.387467277262573,218,0
3,538,536.2,2.3874672772626115,218,1
4,538,537.4,0.547722557504716,218,0
5,526,534.0,5.787918451395107,219,1
1,541,535.2,6.610597552415354,219,1
1,541,537.0,4.301162633521392,219,0
0,530,534.8,6.906518659932785,219,1
1,540,534.4,6.426507605223827,219,1
1,530,536.0,5.33853912601572,219,0
2,531,533.6,6.580273550544818,219,1
3,535,535.4,5.029910535983681,219,1
3,531,535.8,5.540758070878083,219,0
5,514,530.0,9.772410142846011,219,1
5,514,530.2,10.034938963441718,219,0
1,515,526.2,11.519548602267408,219,0
2,533,524.6,9.289779329994934,219,0
2,515,527.0,11.853269591129681,219,1
3,538,526.6,11.326958991715275,219,1
3,538,526.2,10.98635517357786,219,0
4,540,528.4,12.817956155331458,219,1
5,540,528.0,12.589678312014215,219,0
0,536,532.4,10.06479011206896,219,0
0,539,529.2,13.442470011125168,219,1
1,534,533.2,10.425929215182657,219,1
1,534,536.2,2.863564212655492,219,0
2,538,537.2,2.2803508501985412,219,0
2,538,537.8,2.2803508501980554,219,1
3,531,535.8,3.4928498393147613,219,0
3,531,536.4,3.781534080237669,219,1
4,536,535.0,2.645751311064797,219,0
4,536,535.6,3.2093613071760747,219,1
3,542,551.4,18.406520583749668,220,1
3,542,542.4,3.209361307176337,220,0
4,540,542.6,2.966479394838375,220,0
4,540,542.6,2.9664793948382586,220,1
1,543,541.8,1.7888543819998346,220,1
1,543,541.8,1.788854382000027,220,0
3,540,541.0,1.4142135623730876,220,1
3,540,541.0,1.4142135623733312,220,0
4,547,542.4,2.8809720581777083,220,0
4,547,542.4,2.880972058177589,220,1
1,538,541.6,3.5071355833501405,220,0
1,538,541.6,3.507135583350042,220,1
1,542,539.6,2.880972058177653,221,0
2,529,537.4,5.504543577809184,221,0
2,529,537.4,5.504543577809161,221,1
1,549,540.2,7.259476565152629,221,0
1,549,540.2,7.259476565152613,221,1
2,546,541.6,7.635443667528441,221,0
3,538,540.8,7.79102047231299,221,0
3,547,541.8,7.791020472312984,221,1
1,537,540.8,8.074651695274538,221,1
1,537,539.8,7.9183331579316665,221,0
2,538,541.6,5.5045435778091765,221,0
2,538,540.0,8.124038404635957,221,1
3,529,540.0,8.124038404635957,221,1
3,529,537.6,6.024948132556857,221,0
4,535,535.4,3.781534080237863,221,0
4,535,537.2,6.496152707564685,221,1
5,529,533.6,4.335896677735811,221,0
5,529,533.6,4.335896677735779,221,1
0,533,532.8,3.8987177379236098,221,1
0,533,532.8,3.8987177379236453,221,0
1,539,533.0,4.242640687119299,221,1
1,539,533.0,4.242640687119331,221,0
2,534,534.0,3.6055512754640433,221,0
2,534,534.0,3.605551275464005,221,1
3,544,535.8,5.8051701094800165,221,1
3,544,535.8,5.8051701094800405,221,0
4,557,541.4,9.762171889492661,221,0
2,520,528.4,9.071934744033355,222,0
1,603,536.2,17.34070356127453,222,0
1,603,538.8,15.974980438172684,222,1
3,549,540.0,16.583123951776994,222,1
4,540,541.8,15.83350877095787,222,1
4,549,541.2,16.528762809115477,222,0
5,528,538.2,17.455658108475863,222,0
5,528,540.0,16.985287751463026,222,1
1,572,550.4,17.586926962946087,222,1
1,572,546.4,22.210357943986384,222,0
2,541,546.0,16.355427233796124,222,1
2,541,550.6,17.444196742756585,222,0
3,545,545.2,16.26960356001338,222,1
3,545,547.0,16.046806535881196,222,0
5,536,544.4,16.682325976913408,222,1
0,550,548.8,13.9534941860453,222,1
0,536,544.4,16.682325976913393,222,0
2,554,545.2,7.120393247567125,222,1
2,554,549.6,14.1527382509534,222,0
3,544,545.8,6.797058187186528,222,1
3,544,544.0,6.595452979136434,222,0
4,557,547.2,8.408329203831135,222,0
1,558,540.4,11.392980294900887,223,0
1,558,543.0,8.7464278422681,223,1
1,543,543.6,8.590692637965814,223,0
3,543,543.4,8.677557259966806,223,1
3,526,540.6,11.760102040373635,223,0
4,544,542.4,11.371015785759868,223,0
5,544,545.2,7.328028384224687,223,1
5,545,543.2,11.388590782006354,223,0
3,544,545.8,7.014271166700258,223,1
5,540,545.8,7.014271166700258,223,1
0,559,546.0,7.449832212875833,223,1
0,544,540.4,8.08084154033479,223,0
1,554,542.6,10.188228501560035,223,0
1,554,548.2,7.949842765740864,223,1
2,544,546.2,4.3817804600413455,223,0
2,544,548.2,7.949842765740864,223,1
3,558,549.0,6.557438524302009,223,0
3,558,551.0,8.544003745317665,223,1
4,556,551.2,6.723094525588648,223,0
4,556,554.2,6.016643582596718,223,1
0,539,540.2,1.303840481040656,224,1
1,542,540.8,1.3038404810405635,224,0
1,542,540.8,1.303840481040656,224,1
0,539,540.6,1.5165750888103466,224,0
0,539,540.6,1.5165750888104264,224,1
2,543,541.0,1.870828693387001,224,0
2,543,541.0,1.8708286933870657,224,1
3,537,540.0,2.4494897427832507,224,1
3,537,540.0,2.4494897427832014,224,0
4,541,540.4,2.4083189157584837,224,0
4,541,540.4,2.408318915758534,224,1
5,543,540.6,2.607680962081077,224,0
5,543,540.6,2.607680962081123,224,1
1,542,541.2,2.48997991959776,224,0
1,542,541.2,2.4899799195978085,224,1
2,540,540.6,2.3021728866442888,224,0
2,540,540.6,2.302172886644341,224,1
3,538,540.8,1.9235384061672054,224,1
3,538,540.8,1.9235384061671426,224,0
4,541,540.8,1.9235384061671426,224,0
4,541,540.8,1.9235384061672054,224,1
0,544,541.0,2.3452078799117086,225,1
1,542,541.6,2.0736441353327644,225,1
1,542,540.6,3.6469165057620545,225,0
1,543,542.4,1.5165750888102951,225,1
1,543,542.2,1.9235384061670466,225,0
3,543,542.4,1.5165750888102951,225,1
4,542,542.8,0.8366600265340518,225,1
4,543,543.0,0.7071067811862762,225,0
5,541,542.6,1.1401754250989746,225,0
5,541,542.2,0.8366600265340518,225,1
1,542,542.2,0.8366600265340518,225,1
1,542,542.2,0.8366600265338607,225,0
3,546,543.0,1.8708286933868739,225,0
4,546,542.8,1.923538406167139,225,1
4,541,542.6,2.0736441353326875,225,0
5,541,542.2,2.1679483388678036,225,0
5,541,542.4,2.0736441353327733,225,1
0,551,544.2,4.324349662087879,225,0
0,551,544.2,4.32434966208792,225,1
1,541,544.2,4.32434966208792,225,1
2,541,544.0,4.472135954999526,225,0
2,541,544.0,4.472135954999566,225,1
3,546,544.0,4.472135954999526,225,0
3,546,544.0,4.472135954999566,225,1
4,535,542.8,6.016643582596481,225,0
4,535,542.8,6.01664358259651,225,1
2,538,527.2,9.148770409186135,226,0
0,534,531.2,5.63027530410376,226,1
0,534,531.2,5.630275304103665,226,0
1,529,531.2,5.63027530410376,226,1
1,529,531.2,5.630275304103665,226,0
2,529,530.6,5.683308895353191,226,1
2,529,530.6,5.683308895353097,226,0
3,533,532.6,3.7815340802378934,226,1
3,533,532.6,3.7815340802377526,226,0
4,534,531.8,2.5884358211088903,226,0
4,534,531.8,2.588435821109096,226,1
5,532,531.4,2.3021728866444184,226,1
1,532,531.4,2.3021728866441866,226,0
2,534,532.4,2.073644135332946,226,1
2,540,533.6,4.03732584763722,226,0
3,542,536.2,4.494441010848789,226,0
3,542,535.0,4.000000000000093,226,1
4,534,535.2,3.8987177379236835,226,1
4,534,536.4,4.335896677735693,226,0
5,544,537.2,5.403702434442579,226,1
5,544,538.4,5.176871642217863,226,0
0,538,539.6,3.8470768123342087,226,0
0,538,538.4,4.560701700396614,226,1
1,540,539.6,3.8470768123342087,226,0
1,540,539.6,3.8470768123343473,226,1
2,541,539.4,3.714835124201427,226,1
2,541,539.4,3.7148351242012834,226,0
3,540,540.6,2.1908902300205746,226,0
3,540,540.6,2.190890230020818,226,1
4,540,539.8,1.095445115010165,226,0
1,539,539.2,2.387467277262677,227,0
2,543,540.0,2.9154759474226988,227,1
2,543,540.2,2.774887385102322,227,0
3,536,539.2,3.2710854467592343,227,0
3,536,539.6,3.3615472627943683,227,1
4,537,538.8,3.420526275297457,227,1
4,537,539.4,3.0495901363953806,227,0
5,541,539.8,3.1144823004795437,227,1
5,541,539.2,2.8635642126552625,227,0
1,535,538.4,3.4351128074635766,227,1
1,535,538.4,3.435112807463523,227,0
3,544,538.6,3.781534080237788,227,0
3,544,538.6,3.781534080237837,227,1
4,512,533.8,12.676750372236551,227,0
4,512,533.8,12.676750372236565,227,1
0,541,534.6,13.049904214207851,227,1
0,541,534.6,13.049904214207837,227,0
1,541,534.6,13.049904214207851,227,1
1,541,534.6,13.049904214207837,227,0
2,539,535.4,13.20227253165149,227,0
2,539,535.4,13.202272531651506,227,1
3,540,534.6,12.660963628413096,227,0
3,540,534.6,12.660963628413112,227,1
4,533,538.8,3.346640106136167,227,0
4,533,538.8,3.3466401061362263,227,1
0,536,539.2,2.167948338867859,228,0
2,543,539.8,2.774887385102316,228,0
2,543,539.8,2.7748873851023146,228,1
3,537,539.4,3.049590136395375,228,0
3,537,539.4,3.049590136395374,228,1
4,541,539.2,2.863564212655255,228,1
4,541,539.2,2.8635642126552563,228,0
5,542,539.8,3.114482300479479,228,0
5,542,539.8,3.1144823004794775,228,1
1,542,541.0,2.345207879911713,228,1
1,542,541.0,2.345207879911715,228,0
2,540,540.4,2.0736441353327697,228,1
2,540,540.4,2.0736441353327715,228,0
3,538,540.6,1.673320053068161,228,1
3,538,540.6,1.673320053068163,228,0
5,542,540.8,1.7888543819998464,228,1
5,542,540.8,1.7888543819998484,228,0
0,537,539.8,2.280350850198275,228,1
0,537,539.8,2.2803508501982765,228,0
1,537,538.8,2.1679483388678675,228,0
1,537,538.8,2.1679483388678658,228,1
2,537,538.2,2.1679483388678658,228,1
2,537,538.2,2.1679483388678675,228,0
3,538,538.2,2.1679483388678658,228,1
4,538,538.2,2.1679483388678675,228,0
4,538,537.4,0.5477225575051635,228,1
1,547,538.6,10.358571330062908,229,0
2,523,539.4,10.064790112068962,229,1
0,567,544.6,16.040573555830257,229,1
0,523,536.4,12.521980673998867,229,0
1,524,541.8,18.51215816699935,229,1
1,524,536.6,12.259690045021584,229,0
3,509,530.2,16.87305544351709,229,0
3,509,534.0,22.934689882359443,229,1
4,529,526.4,13.704014010500789,229,0
4,529,530.4,21.766947420343545,229,1
5,523,530.4,21.766947420343545,229,1
1,523,521.6,7.4699397587933545,229,0
1,540,525.0,11.202678251204055,229,1
2,513,522.8,12.457929201917958,229,1
3,536,528.2,10.709808588392246,229,1
4,541,530.6,12.177848742696726,229,1
5,522,530.4,12.340988615179908,229,1
5,513,519.6,8.294576541331196,229,0
0,526,527.6,11.14899098573499,229,1
0,526,520.0,8.602325267042731,229,0
1,554,535.8,12.69645619848311,229,1
1,554,529.0,15.215124054702999,229,0
2,541,531.4,16.133815419794598,229,0
2,541,536.8,12.911235417263534,229,1
3,540,534.8,15.706686474237715,229,0
3,540,536.6,12.837445228704977,229,1
4,547,541.6,10.358571330062851,229,1
0,543,538.2,2.7748873851023284,230,0
1,532,537.4,3.9115214431215852,230,0
1,532,536.8,4.024922359499603,230,1
2,537,537.2,3.8987177379235813,230,0
2,537,536.8,4.024922359499603,230,1
3,543,538.0,4.898979485566341,230,1
3,543,538.4,4.6690470119715,230,0
4,533,536.0,4.358898943540655,230,1
4,533,537.6,5.2725705305856305,230,0
5,534,535.8,4.438468204234435,230,0
5,534,535.8,4.438468204234409,230,1
1,534,536.2,4.086563348340527,230,0
1,534,536.2,4.086563348340498,230,1
3,542,537.2,4.868264577855219,230,1
3,542,537.2,4.868264577855243,230,0
4,535,535.6,3.6469165057620847,230,1
4,535,535.6,3.6469165057621167,230,0
5,537,536.4,3.36154726279431,230,1
0,537,537.0,3.082207001484478,230,1
0,537,536.4,3.3615472627943452,230,0
1,539,537.4,3.209361307176271,230,0
1,539,538.0,2.6457513110645787,230,1
2,535,537.6,2.966479394838303,230,0
2,535,536.6,1.6733200530681354,230,1
3,537,536.6,1.6733200530682266,230,0
3,537,537.0,1.4142135623730725,230,1
4,550,548.6,15.224979474534639,231,0
1,537,550.4,12.461942063739537,231,0
2,537,554.4,15.852444606432174,231,1
2,544,550.6,12.320714265009189,231,0
3,522,541.0,12.124355652982183,231,0
3,522,544.4,17.643695757975433,231,1
1,544,544.2,2.863564212655136,232,1
0,544,544.2,2.8635642126551706,232,0
1,540,543.2,3.346640106136225,232,0
2,543,543.8,2.8635642126551706,232,0
2,544,544.0,2.8284271247460557,232,1
3,542,544.4,2.190890230020487,232,1
3,542,542.6,1.6733200530679635,232,0
4,533,540.4,4.393176527297683,232,0
4,533,541.4,4.774934554525238,232,1
5,545,540.6,4.615192303685651,232,0
5,545,541.6,4.929503017546403,232,1
1,540,540.6,4.615192303685651,232,0
1,540,540.8,4.764451699828544,232,1
2,542,540.4,4.505552130427446,232,0
2,542,540.4,4.505552130427421,232,1
3,543,540.6,4.615192303685626,232,1
3,543,540.6,4.615192303685651,232,0
4,543,542.6,1.8165902124582791,232,0
4,543,542.6,1.8165902124582145,232,1
5,541,541.8,1.303840481040231,232,0
5,541,541.8,1.3038404810401412,232,1
0,542,542.2,0.8366600265336271,232,0
0,542,542.2,0.836660026533487,232,1
1,546,543.0,1.8708286933867695,232,0
1,546,543.0,1.8708286933867067,232,1
2,547,543.8,2.58843582110882,232,0
3,547,543.8,2.588435821108775,232,1
3,547,544.6,2.8809720581774627,232,0
4,548,546.0,2.345207879911557,232,0
4,548,544.8,3.114482300479345,232,1
0,572,547.0,19.313207915828,233,0
5,540,548.2,18.471599822430147,233,0
0,528,541.2,18.08867048735207,233,0
2,555,546.6,17.169740825067848,233,0
5,1016,549.6,16.592166826548045,233,0
5,1016,552.0,16.777961735562496,233,1
0,560,547.2,13.026895255585707,233,0
1,554,550.0,12.589678312014223,233,0
1,560,557.6,12.581732790041254,233,1
2,556,555.6,2.701851217221501,233,0
3,534,551.4,10.089598604503609,233,0
4,545,549.8,10.401922899156727,233,0
0,532,544.0,7.681145747868603,234,1
0,532,545.2,11.691877522451206,234,0
1,526,540.2,13.75499909123952,234,0
1,526,541.0,11.24722187920199,234,1
3,535,538.6,13.813037319865611,234,0
3,532,532.6,4.44971909225743,234,0
3,535,538.2,10.473776778220929,234,1
1,539,538.8,1.9235384061670964,235,0
3,542,539.2,2.3874672772626098,235,1
3,542,539.2,2.3874672772626218,235,0
4,537,539.0,2.549509756796349,235,0
4,537,539.0,2.549509756796338,235,1
5,542,539.2,2.7748873851022746,235,0
5,542,539.2,2.7748873851022644,235,1
1,535,539.0,3.0822070014844294,235,1
1,535,539.0,3.0822070014844387,235,0
3,544,540.0,3.8078865529319064,235,1
3,544,540.0,3.807886552931914,235,0
4,541,539.8,3.7013511046643104,235,0
4,541,539.8,3.701351104664303,235,1
5,541,540.6,3.361547262794285,235,0
5,541,540.6,3.3615472627942764,235,1
0,537,539.6,3.5777087639996243,235,1
0,537,539.6,3.5777087639996323,235,0
1,541,540.8,2.489979919597684,235,1
1,541,540.8,2.4899799195976957,235,0
2,539,539.8,1.7888543819997293,235,1
2,539,539.8,1.7888543819997451,235,0
3,541,539.8,1.7888543819997451,235,0
3,541,539.8,1.7888543819997293,235,1
4,565,544.6,11.523888232710325,235,0
4,565,544.6,11.523888232710323,235,1
0,545,543.8,1.6431676725157154,236,0
0,545,543.8,1.6431676725155813,236,1
1,547,544.8,1.7888543819999239,236,1
1,547,544.8,1.788854382000047,236,0
2,653,546.2,1.7888543819999239,236,1
2,653,546.2,1.788854382000047,236,0
3,541,545.4,2.966479394838387,236,0
3,541,545.4,2.966479394838313,236,1
2,547,545.8,3.0331501776206697,236,1
2,547,545.8,3.0331501776207426,236,0
3,549,546.6,3.2863353450310417,236,1
3,549,546.6,3.286335345031109,236,0
5,541,545.4,4.098780306383872,236,1
5,541,545.4,4.098780306383926,236,0
0,544,544.4,3.5777087639997585,236,0
1,545,545.2,3.033150177620737,236,0
1,544,544.4,3.5777087639996967,236,1
2,556,547.4,5.683308895353157,236,1
3,556,547.0,5.787918451395176,236,0
3,553,548.6,6.188699378706344,236,1
0,537,536.4,4.56070170039647,237,1
0,537,536.4,4.560701700396662,237,0
1,532,535.0,4.6368092477479586,237,0
0,533,535.8,3.563705936241225,237,0
0,532,535.0,4.636809247747769,237,1
1,529,533.4,3.2093613071763736,237,0
1,529,535.0,4.636809247747769,237,1
3,533,532.8,2.863564212655415,237,0
5,536,532.6,2.5099800796023746,237,0
2,529,532.0,3.000000000000123,237,0
4,536,532.6,3.5071355833501383,237,0
4,533,533.4,3.2093613071761227,237,1
0,545,535.8,5.890670590009326,237,0
0,545,535.2,6.180614856144902,237,1
1,545,536.8,7.6288924491042085,237,1
2,545,538.2,6.833739825308011,237,0
2,551,540.6,9.208691546577027,237,1
3,536,538.2,6.833739825308011,237,0
3,536,542.0,7.348469228349475,237,1
4,527,537.8,7.529940238806712,237,0
4,527,540.8,9.39148550549906,237,1
0,543,544.6,15.469324484281751,238,0
0,538,551.4,16.364595931461313,238,1
0,558,542.6,11.928956366757275,238,0
0,558,549.4,14.310835055998659,238,1
2,573,547.2,18.253766734567378,238,0
3,570,554.6,18.55532268649614,238,0
3,573,550.4,16.009372255026122,238,1
4,562,561.2,11.819475453673826,238,0
4,542,540.2,1.6431676725155144,239,1
5,541,540.2,1.643167672515683,239,0
5,541,540.8,1.0954451150103433,239,1
5,539,540.8,1.0954451150103433,239,1
5,539,540.4,1.3416407865000846,239,0
2,542,541.0,1.224744871391824,239,0
2,542,541.0,1.2247448713915978,239,1
3,538,540.4,1.8165902124584963,239,1
3,538,540.4,1.8165902124586488,239,0
4,541,540.2,1.6431676725154927,239,1
4,541,540.2,1.6431676725156614,239,0
0,541,540.2,1.6431676725154927,239,1
0,541,540.2,1.6431676725156614,239,0
1,537,539.8,2.1679483388679905,239,0
1,537,539.8,2.1679483388678626,239,1
2,537,538.8,2.0493901531920224,239,0
2,537,538.8,2.0493901531918874,239,1
3,539,539.0,2.0000000000001084,239,0
3,539,539.0,1.9999999999999698,239,1
0,537,533.6,5.813776741499479,240,0
1,545,536.4,7.402702209328723,240,0
1,545,536.4,7.402702209328744,240,1
2,540,539.4,3.7815340802378654,240,0
2,540,539.4,3.7815340802379076,240,1
3,536,539.6,3.5071355833501068,240,0
3,536,539.6,3.5071355833501525,240,1
4,535,538.6,4.037325847637335,240,0
4,535,538.6,4.037325847637375,240,1
4,587,538.8,3.9623225512318934,240,1
5,587,538.8,3.962322551231853,240,0
5,582,546.2,20.104725812604364,240,1
0,579,545.6,18.769656363396752,240,0
0,579,554.0,24.23839928708165,240,1
2,576,564.0,12.569805089976542,241,0
2,576,563.0,9.695359714832694,241,1
0,540,558.8,16.346253393362037,241,0
0,540,559.4,14.275853739794359,241,1
3,558,560.0,15.937377450509228,241,0
3,558,558.0,13.928388277184139,241,1
4,561,562.2,14.93987951758648,241,0
4,561,557.0,13.379088160259672,241,1
5,548,542.6,5.458937625582455,242,1
0,537,543.2,4.324349662087931,242,0
0,537,543.2,4.324349662087912,242,1
0,552,544.8,5.890670590009252,242,1
0,552,544.8,5.890670590009266,242,0
1,533,543.2,7.918333157931671,242,1
1,533,543.2,7.918333157931682,242,0
3,537,541.4,8.142481194328933,242,0
3,537,541.4,8.142481194328923,242,1
5,530,537.8,8.467585252006618,242,1
5,530,537.8,8.467585252006629,242,0
1,540,538.4,8.502940667792537,242,0
1,540,538.4,8.502940667792526,242,1
5,541,536.2,4.65832587954083,242,1
5,541,536.2,4.658325879540849,242,0
0,560,541.6,11.148990985734972,242,1
3,560,541.6,11.14899098573498,242,0
3,541,542.4,10.876580344942964,242,1
4,540,542.2,10.917875251164936,242,0
4,540,544.4,8.734987120768963,242,1
0,537,538.4,2.607680962081187,243,1
0,537,538.4,2.6076809620810835,243,0
1,533,537.6,3.5777087639997625,243,1
1,533,537.6,3.577708763999687,243,0
0,541,538.2,3.898717737923602,243,0
0,541,538.2,3.8987177379236715,243,1
1,541,539.0,4.000000000000014,243,0
1,541,539.0,4.000000000000082,243,1
2,538,538.0,3.316624790355417,243,0
2,538,538.0,3.3166247903554984,243,1
3,544,539.4,4.159326868617167,243,1
3,544,539.4,4.159326868617102,243,0
4,533,539.4,4.159326868617102,243,0
4,533,539.4,4.159326868617167,243,1
5,535,538.2,4.4384682042345105,243,1
5,535,538.2,4.43846820423445,243,0
1,534,536.8,4.4384682042345105,243,1
3,534,536.8,4.43846820423445,243,0
3,542,537.6,5.029910535983784,243,1
4,535,535.8,3.5637059362411914,243,1
4,535,536.2,4.43846820423445,243,0
5,537,536.6,3.2093613071763585,243,1
0,537,534.8,1.4832396974192414,243,0
0,537,537.0,3.082207001484607,243,1
1,540,536.2,2.387467277262726,243,0
1,540,538.2,2.7748873851024487,243,1
2,535,536.2,2.387467277262726,243,0
2,535,536.8,2.049390153192099,243,1
2,542,540.0,2.3452078799115528,244,0
2,542,540.0,2.3452078799118845,244,1
3,536,539.0,2.8284271247463306,244,1
3,536,539.0,2.8284271247460557,244,0
4,537,539.2,2.588435821108816,244,0
4,537,539.2,2.5884358211091167,244,1
5,541,539.2,2.5884358211091167,244,1
5,541,539.2,2.588435821108816,244,0
1,535,538.2,3.1144823004793794,244,0
1,535,538.2,3.1144823004796294,244,1
3,544,538.6,3.7815340802377206,244,0
3,544,538.6,3.7815340802379263,244,1
4,540,539.4,3.5071355833501627,244,1
4,540,539.4,3.5071355833499407,244,0
5,541,540.2,3.2710854467591237,244,0
5,541,540.2,3.2710854467593613,244,1
0,536,539.2,3.7013511046642673,244,0
0,536,539.2,3.7013511046644774,244,1
1,540,540.2,2.8635642126551546,244,0
1,540,540.2,2.8635642126554264,244,1
2,539,539.2,1.9235384061673808,244,1
2,539,539.2,1.9235384061669765,244,0
3,540,539.2,1.9235384061669765,244,0
3,540,539.2,1.9235384061673808,244,1
4,533,537.6,3.049590136395291,244,0
4,533,537.6,3.049590136395546,244,1
1,545,538.8,5.118593556827883,245,0
0,536,537.8,5.069516742254617,245,0
2,546,540.2,5.630275304103684,245,0
2,536,537.8,5.069516742254535,245,1
3,535,539.0,6.041522986797273,245,0
4,535,538.0,4.898979485566263,245,1
4,536,539.6,5.412947441089731,245,0
5,541,538.0,4.898979485566263,245,1
1,536,538.6,4.277849927241383,245,1
1,541,538.8,4.65832587954084,245,0
3,543,540.2,4.65832587954084,245,0
3,543,538.2,3.563705936240964,245,1
4,540,539.0,3.391164991562637,245,0
4,540,539.0,3.3911649915624946,245,1
5,541,540.2,2.5884358211089586,245,0
5,541,540.2,2.588435821108772,245,1
1,536,540.2,2.5884358211089586,245,0
1,536,539.2,3.114482300479343,245,1
2,539,539.8,2.588435821108772,245,1
2,539,539.8,2.5884358211089586,245,0
3,540,539.2,1.9235384061671223,245,0
3,540,539.2,1.923538406166871,245,1
4,534,538.0,2.915475947422644,245,0
4,534,538.0,2.9154759474224785,245,1
1,542,543.6,2.4083189157584806,246,1
1,543,543.6,2.4083189157584806,246,1
1,543,543.6,2.408318915758513,246,0
3,543,544.0,2.0000000000000213,246,1
3,543,544.0,2.0000000000000604,246,0
4,543,543.2,1.0954451150103723,246,1
4,543,543.2,1.0954451150104438,246,0
5,541,542.4,0.8944271909999739,246,1
5,541,542.4,0.8944271910000613,246,0
1,542,542.4,0.8944271909999739,246,1
1,542,542.4,0.8944271910000613,246,0
2,545,542.8,1.4832396974191766,246,1
2,545,542.8,1.4832396974192295,246,0
3,552,544.6,4.393176527297768,246,1
3,552,544.6,4.393176527297785,246,0
4,541,544.2,4.658325879540875,246,0
4,541,544.2,4.658325879540858,246,1
5,540,544.0,4.8476798574163515,246,0
5,540,544.0,4.847679857416336,246,1
0,552,546.0,5.787918451395131,246,0
0,552,546.0,5.787918451395118,246,1
1,541,545.2,6.220932405998338,246,0
1,541,545.2,6.220932405998326,246,1
2,541,543.0,5.049752469181076,246,0
2,541,543.0,5.049752469181061,246,1
3,546,544.0,5.049752469181076,246,0
3,546,544.0,5.049752469181061,246,1
4,535,543.0,6.363961030678957,246,0
4,578,556.6,22.51221890440836,247,0
4,578,563.2,20.029977533686818,247,1
5,549,557.6,21.915747762739038,247,0
5,549,559.0,20.445048300260844,247,1
5,569,563.4,19.83179265724612,247,0
5,569,564.0,18.854707634964768,247,1
0,563,559.2,16.284962388657853,247,0
0,563,568.6,13.612494260788461,247,1
2,574,566.6,11.326958991715317,247,0
2,574,566.6,11.326958991715244,247,1
4,548,560.6,11.717508267545648,247,0
4,548,560.6,11.717508267545579,247,1
2,606,540.8,6.180614856144993,248,0
4,546,541.8,6.610597552415431,248,1
4,546,541.8,6.610597552415383,248,0
0,594,539.2,4.2071367935926185,248,1
0,594,539.2,4.207136793592542,248,0
1,547,540.6,5.504543577809163,248,0
1,547,540.6,5.504543577809222,248,1
3,543,542.2,4.549725266431007,248,1
5,541,543.0,3.674234614174851,248,1
5,543,542.2,4.549725266430936,248,0
0,549,544.6,4.277849927241482,248,0
1,545,544.4,4.219004621945793,248,0
1,549,543.6,4.449719092257463,248,1
2,549,546.6,2.6076809620810577,248,0
2,549,545.8,3.6331804249170707,248,1
3,559,548.2,7.0142711667001025,248,1
3,559,549.0,6.164414002968976,248,0
4,551,550.6,5.176871642217913,248,0
4,551,549.8,6.418722614352513,248,1
5,551,551.6,1.8165902124584101,249,1
5,551,550.6,3.84707681233431,249,0
0,558,553.4,2.7928480087538423,249,0
0,558,552.8,3.42052627529738,249,1
1,565,556.0,5.700877125495717,249,0
1,565,556.0,5.7008771254956745,249,1
2,562,557.6,6.107372593841011,249,0
2,562,557.6,6.107372593840971,249,1
3,552,557.6,6.107372593841011,249,0
3,552,557.6,6.107372593840971,249,1
4,556,558.6,5.079370039680143,249,0
4,556,558.6,5.079370039680095,249,1
5,542,546.8,3.420526275297486,250,0
0,535,544.8,6.379655163094662,250,0
0,634,551.2,5.630275304103703,250,1
5,537,542.8,7.049822692805845,250,0
5,537,547.0,6.96419413859207,250,1
0,543,544.4,4.878524367060201,250,1
0,543,541.4,5.856620185738544,250,0
2,532,537.8,4.6583258795408495,250,0
3,532,541.8,7.328028384224504,250,1
3,552,539.8,7.918333157931671,250,0
4,553,543.4,9.181503144910439,250,0
5,544,554.4,17.770762504743608,251,0
5,544,555.6,17.16974082506788,251,1
0,555,556.4,16.99411662899844,251,0
0,555,556.4,16.99411662899848,251,1
1,553,556.0,17.058722109232058,251,1
1,553,556.0,17.058722109232022,251,0
2,558,559.0,15.443445211480585,251,1
2,558,559.0,15.443445211480544,251,0
3,558,553.6,5.7706152185015185,251,0
4,561,557.0,3.082207001484693,251,0
2,529,542.4,9.396807968666778,252,0
3,541,539.8,6.833739825307865,252,1
3,541,539.8,6.83373982530791,252,0
4,536,537.8,5.974947698515801,252,0
4,536,537.8,5.97494769851575,252,1
0,537,537.6,5.983310120660575,252,0
1,562,541.0,12.509996003196777,252,0
1,537,537.6,5.983310120660525,252,1
4,533,541.8,11.649034294738735,252,0
2,541,541.8,11.649034294738735,252,0
0,536,541.8,11.649034294738735,252,0
1,533,535.2,4.494441010848707,252,1
1,564,547.2,14.72073367736809,252,0
2,554,540.2,8.22800097228959,252,1
2,554,545.6,13.049904214207825,252,0
3,536,546.2,12.377398757412609,252,0
4,551,548.2,12.132600710482443,252,0
0,529,533.6,3.646916505762034,253,0
1,541,534.6,4.929503017546448,253,0
2,538,533.2,4.549725266430946,253,1
2,527,533.2,6.0166435825964975,253,0
3,520,529.6,7.602631123499269,253,0
3,520,531.4,7.46993975879324,253,1
4,536,530.6,8.142481194328896,253,0
5,536,533.0,7.416198487095665,253,1
5,522,529.2,9.038805230781323,253,0
1,528,531.2,7.2938330115241925,253,1
1,528,526.6,6.228964600958973,253,0
2,525,529.4,7.536577472566714,253,1
2,525,526.2,6.260990336999411,253,0
3,529,527.6,5.85662018573853,253,1
3,529,528.0,5.244044240850749,253,0
4,533,527.4,4.159326868617078,253,0
5,533,530.2,4.324349662087921,253,1
5,527,528.4,2.9664793948382613,253,0
0,527,528.4,2.9664793948382635,253,1
1,535,529.8,4.147288270665552,253,1
1,527,528.2,3.0331501776206196,253,0
2,541,531.4,5.899152481501052,253,0
3,522,530.0,7.280109889280521,253,0
3,541,533.0,5.477225575051674,253,1
4,524,528.2,7.463243262818122,253,0
4,524,532.0,6.708203932499379,253,1
3,539,545.4,19.982492337043453,254,0
3,539,545.4,19.982492337043457,254,1
4,541,546.4,19.51409746824076,254,0
4,541,546.4,19.51409746824076,254,1
5,537,547.0,19.078784028338927,254,0
5,537,547.0,19.078784028338927,254,1
0,541,547.8,18.633303518163395,254,0
0,541,547.8,18.633303518163395,254,1
1,537,539.0,1.9999999999999716,254,0
1,537,539.0,1.9999999999999716,254,1
1,540,539.2,2.049390153191889,254,0
1,540,539.2,2.049390153191889,254,1
0,546,544.2,5.932958789676578,255,0
0,546,544.8,4.816637831516912,255,1
1,553,547.8,4.147288270665558,255,1
1,553,547.8,4.147288270665604,255,0
0,539,546.0,5.700877125495733,255,0
0,539,546.0,5.7008771254957,255,1
1,549,545.8,5.5407580708780415,255,1
5,549,545.8,5.540758070878076,255,0
5,543,546.0,5.385164807134524,255,1
0,551,547.6,5.458937625582525,255,0
0,551,547.0,5.8309518948453185,255,1
1,551,546.6,5.366563145999512,255,1
1,551,548.6,5.549774770204692,255,0
2,556,549.2,6.260990336999449,255,0
2,556,550.0,4.690415759823443,255,1
3,560,553.4,4.505552130427566,255,0
3,560,552.2,6.379655163094633,255,1
4,548,553.2,4.764451699828689,255,0
4,548,553.2,4.764451699828634,255,1
3,522,529.6,10.691117808723305,256,1
4,557,533.0,16.140012391568995,256,1
5,513,530.0,18.520259177452154,256,1
0,523,526.4,17.572706109191056,256,1
2,525,528.0,16.852299546352736,256,1
3,505,524.6,19.819182626940012,256,1
4,538,532.8,15.514509338035793,256,0
4,534,520.0,11.22497216032187,256,1
1,532,535.6,2.0736441353329993,257,1
1,532,536.6,3.2093613071764224,257,0
0,540,536.4,2.880972058177797,257,0
0,540,536.4,2.8809720581777554,257,1
1,540,537.2,3.271085446759405,257,0
1,540,537.0,3.3166247903555455,257,1
2,537,537.2,3.271085446759405,257,0
2,537,537.0,3.3166247903555455,257,1
3,543,538.4,4.159326868617204,257,1
3,543,538.4,4.159326868617229,257,0
4,532,538.4,4.159326868617229,257,0
4,532,538.4,4.159326868617204,257,1
5,534,537.2,4.438468204234546,257,1
5,534,537.2,4.438468204234569,257,0
1,534,536.0,4.301162633521438,257,1
1,534,536.0,4.301162633521462,257,0
3,542,537.0,5.09901951359289,257,1
3,542,537.0,5.099019513592911,257,0
4,534,535.2,3.898717737923752,257,0
4,534,535.2,3.8987177379237252,257,1
0,536,536.0,3.464101615137935,257,0
0,536,536.0,3.4641016151379054,257,1
1,539,537.0,3.464101615137935,257,0
1,539,537.0,3.4641016151379054,257,1
3,534,537.0,3.464101615137935,257,0
3,534,537.0,3.4641016151379054,257,1
4,539,536.4,2.5099800796024794,257,0
4,539,536.4,2.5099800796024385,257,1
0,540,544.8,7.2594765651526085,258,0
0,649,545.6,8.26438140455774,258,0
1,563,549.0,11.379806676741032,258,0
2,569,555.8,11.07700320483839,258,0
3,649,546.2,5.67450438364439,258,1
4,546,554.6,11.886967653695372,258,0
5,548,544.4,5.412947441089724,259,0
0,582,546.6,21.16128540519222,259,1
0,647,543.2,23.52020408074729,259,1
1,647,550.4,17.98054504179448,259,0
1,538,545.2,22.297981971470005,259,1
2,585,555.4,27.05180215808184,259,1
0,585,559.2,22.443261795024352,259,0
0,530,551.8,29.380265485526184,259,1
1,547,544.8,24.076959940989244,259,1
1,547,560.2,21.580083410404132,259,0
2,542,548.4,21.384573879317795,259,1
3,599,560.8,20.873428084528882,259,0
3,599,549.0,21.059439688652713,259,1
2,532,557.6,24.275502054540485,259,0
2,532,538.4,7.162401831788062,259,1
3,540,540.4,5.412947441089839,259,1
4,540,549.2,20.729206448873043,259,0
4,540,539.0,4.0000000000001235,259,1
1,542,541.2,0.836660026533521,260,0
0,539,541.0,1.2247448713908928,260,1
0,539,541.0,1.2247448713912032,260,0
1,543,541.4,1.5165750888097516,260,1
1,543,541.4,1.5165750888100022,260,0
2,539,540.8,1.7888543819995624,260,0
2,539,540.8,1.7888543819993499,260,1
3,537,540.0,2.4494897427828257,260,1
3,537,540.0,2.4494897427829807,260,0
4,541,539.8,2.280350850198068,260,0
4,541,539.8,2.2803508501979013,260,1
5,542,540.4,2.408318915758267,260,0
5,542,540.4,2.408318915758109,260,1
1,541,540.0,1.9999999999997637,260,0
1,541,540.0,1.9999999999995737,260,1
2,540,540.2,1.9235384061668896,260,0
2,540,540.2,1.923538406166692,260,1
3,538,540.4,1.516575088809979,260,0
3,538,540.4,1.5165750888097282,260,1
0,542,540.6,1.6733200530678467,260,0
1,552,542.6,5.458937625582374,260,0
1,542,540.6,1.6733200530676196,260,1
3,536,539.4,2.4083189157580867,260,1
3,536,541.6,6.228964600958891,260,0
4,538,541.2,6.418722614352406,260,0
4,538,538.8,2.2803508501978778,260,1
0,531,536.6,5.770615218501511,261,1
0,531,534.8,7.918333157931701,261,0
1,537,535.6,4.9799598391956215,261,1
3,598,533.4,8.619744775804046,261,1
4,598,537.4,5.128352561983309,261,0
1,593,534.2,9.093954035511784,261,1
1,593,536.2,6.610597552415433,261,0
2,541,533.8,8.642916174532834,261,1
2,541,536.0,6.403124237432927,261,0
3,546,536.6,7.300684899377655,261,0
3,546,536.8,9.934787365615907,261,1
4,536,536.6,9.939818911831415,261,1
5,527,538.0,7.106335201776042,261,1
0,536,537.6,6.655824516917562,261,0
0,550,540.0,8.972179222463255,261,1
2,554,542.6,10.990905331227326,261,1
2,554,541.0,9.84885780179615,261,0
3,544,542.2,10.871982339941564,261,1
4,544,544.2,6.648308055437932,261,0
0,647,558.2,22.07260745811423,262,0
0,647,558.2,22.07260745811419,262,1
2,608,560.2,20.88540160016081,262,0
2,608,560.2,20.885401600160773,262,1
1,603,560.0,21.07130750570547,262,0
1,603,560.0,21.07130750570543,262,1
5,544,553.2,19.21457779916071,262,0
5,544,553.2,19.214577799160672,262,1
1,611,547.2,7.563068160475618,262,0
1,611,547.2,7.563068160475512,262,1
2,562,552.0,7.874007874011806,262,0
2,562,552.0,7.8740078740117045,262,1
0,538,536.0,1.8708286933869194,263,0
2,544,537.4,4.098780306383822,263,0
3,543,539.2,4.207136793592505,263,0
4,537,535.2,3.4928498393144034,263,1
4,534,539.2,4.207136793592505,263,0
5,534,538.6,4.774934554525311,263,0
5,534,535.8,2.7748873851020637,263,1
1,572,543.2,16.33095220738822,263,1
1,572,545.4,15.614096195425466,263,0
3,547,544.6,16.28803241647063,263,1
3,547,546.0,15.604486534327236,263,0
4,548,547.0,15.524174696260024,263,0
4,548,547.6,14.943225890014448,263,1
5,537,547.6,14.943225890014515,263,0
5,537,547.6,14.943225890014448,263,1
0,554,551.6,12.934450123604018,263,0
0,554,551.6,12.93445012360394,263,1
1,565,550.2,10.281050529979897,263,0
1,565,550.2,10.2810505299798,263,1
2,531,547.0,13.509256086106292,263,0
3,544,546.2,13.553597308463901,263,0
4,546,548.0,12.589678312014163,263,0
4,531,547.0,13.509256086106218,263,1
3,574,566.0,8.154753215150023,264,0
3,574,569.2,6.418722614352505,264,1
5,589,563.4,6.465291950097818,264,0
5,589,567.2,6.870225614927094,264,1
0,581,566.8,10.23230179382918,264,0
0,576,548.6,22.81008548866049,265,0
1,573,555.8,23.889328161335975,265,0
1,573,553.6,19.12589867169646,265,1
2,578,567.2,15.122830422906963,265,0
2,578,561.0,20.161845153655964,265,1
5,600,556.8,18.36300628982086,265,1
5,600,564.6,16.040573555830242,265,0
3,569,562.8,15.817711591756906,265,1
3,569,570.2,9.148770409186163,265,0
5,543,563.6,14.345731072343483,265,1
5,543,563.6,14.345731072343458,265,0
0,562,561.4,13.352902306240418,265,0
0,562,561.4,13.352902306240445,265,1
1,542,554.2,11.77709641634986,265,0
1,542,554.2,11.77709641634989,265,1
2,573,557.8,14.515508947329462,265,1
2,573,557.8,14.515508947329437,265,0
3,575,559.0,15.85875152715373,265,0
3,575,559.0,15.858751527153753,265,1
4,561,562.6,13.126309458488354,265,0
4,561,562.6,13.126309458488379,265,1
0,536,538.4,2.880972058177843,266,1
1,536,537.2,3.7013511046641154,266,0
2,529,535.4,5.128352561983062,266,0
2,543,539.2,3.563705936241291,266,1
3,535,535.2,5.118593556827719,266,0
3,535,538.6,4.0373258476374465,266,1
4,540,534.6,4.03732584763706,266,0
5,540,539.4,3.781534080237994,266,1
5,531,534.2,4.324349662087739,266,0
1,540,535.0,5.049752469180877,266,0
1,540,538.8,3.2710854467594395,266,1
2,536,538.8,3.2710854467594395,266,1
2,536,536.4,3.781534080237591,266,0
3,536,536.6,3.7148351242011235,266,0
3,536,537.4,2.408318915758736,266,1
4,536,537.6,2.190890230020975,266,1
4,536,535.8,3.1937438845340127,266,0
5,536,536.8,1.7888543820002138,266,1
5,536,536.8,1.7888543819994016,266,0
0,538,536.4,0.8944271909990364,266,0
0,538,536.4,0.894427191000661,266,1
1,539,537.0,1.4142135623725398,266,0
1,539,537.0,1.4142135623735674,266,1
2,541,538.0,2.1213203435599572,266,1
2,541,538.0,2.1213203435592725,266,0
3,533,537.4,3.0495901363951186,266,0
4,544,539.0,4.062019202317784,266,0
0,546,541.2,8.497058314499164,267,0
0,546,536.0,14.49137674618944,267,1
2,604,543.2,11.45425685062105,267,0
3,526,543.0,11.811011811017675,267,0
4,604,544.8,11.627553482998918,267,1
4,524,539.2,14.549914089093422,267,0
5,546,540.2,14.872793954062539,267,0
0,548,540.6,15.093044755780697,267,0
0,546,544.2,11.43241006962225,267,1
1,556,550.0,7.035623639735142,267,1
1,556,540.0,14.212670403551872,267,0
2,572,549.2,17.412639087743106,267,0
3,543,553.0,11.661903789690543,267,0
3,572,555.8,10.779610382569501,267,1
2,607,563.0,17.958284996067974,268,1
5,620,558.4,18.022208521710123,268,0
5,620,564.2,16.42254547870093,268,1
0,552,560.2,16.483324907311665,268,0
0,552,557.6,12.012493496356225,268,1
1,565,556.2,10.18331969448084,268,0
1,565,561.4,10.310189135025631,268,1
2,562,559.4,8.56154191720167,268,0
2,562,559.4,8.561541917201627,268,1
3,569,559.4,8.561541917201627,268,1
3,569,559.4,8.56154191720167,268,0
4,561,561.8,6.300793600809449,268,0
4,561,561.8,6.300793600809389,268,1
0,602,537.8,2.387467277262644,269,0
1,540,538.8,1.9235384061671241,269,0
1,540,560.2,18.952572384771415,269,1
2,539,553.2,19.044684297724665,269,1
2,539,539.4,1.1401754250991367,269,0
2,537,546.2,16.69431040804024,269,1
3,539,539.0,0.7071067811865375,269,0
3,539,538.8,1.0954451150108784,269,1
3,537,538.8,1.0954451150103142,269,0
3,537,538.4,1.341640786500315,269,1
5,529,532.0,4.472135954999538,270,0
0,531,528.6,5.412947441089811,270,1
1,531,532.0,4.472135954999538,270,0
3,528,530.6,4.39317652729772,270,0
4,532,531.6,3.911521443121541,270,0
5,531,530.2,1.6431676725153932,270,0
0,520,528.4,4.929503017546452,270,0
1,527,527.6,4.7222875812469916,270,0
2,525,527.0,4.847679857416284,270,0
3,532,527.0,4.847679857416284,270,0
4,525,525.8,4.324349662087879,270,0
5,523,526.4,3.4351128074634776,270,0
0,515,526.8,8.13633824272323,270,1
0,527,526.4,3.4351128074634776,270,0
1,569,535.2,19.188538245525613,270,0
2,524,533.6,19.844394674567404,270,0
3,533,535.2,19.29248558377067,270,0
4,530,536.6,18.420097719610474,270,0
5,533,537.8,17.824140933015507,270,0
0,598,551.8,25.440125785852622,271,0
0,598,551.8,25.44012578585258,271,1
5,543,545.8,22.565460332109406,271,0
5,543,545.8,22.56546033210936,271,1
0,583,545.4,21.697926168184896,271,0
3,651,550.4,20.99523755521721,271,0
3,651,545.4,21.69792616818485,271,1
4,562,557.0,17.478558292948627,271,0
0,536,539.2,2.9495762407503725,272,1
1,543,540.6,2.701851217221081,272,1
1,543,540.4,2.7018512172212286,272,0
2,539,540.0,2.7386127875257995,272,0
2,539,540.2,2.7748873851021516,272,1
5,538,539.2,2.588435821108927,272,0
5,538,539.6,2.880972058177427,272,1
1,541,539.4,2.7018512172210944,272,1
1,541,539.4,2.7018512172212352,272,0
2,540,540.2,1.9235384061671075,272,0
2,540,540.2,1.9235384061669099,272,1
3,538,539.2,1.3038404810402202,272,1
3,538,539.2,1.3038404810405118,272,0
5,542,539.8,1.7888543819998266,272,0
5,542,539.8,1.788854381999614,272,1
0,537,539.6,2.073644135332778,272,0
0,537,539.6,2.0736441353325947,272,1
1,537,538.8,2.1679483388677068,272,1
1,537,538.8,2.167948338867882,272,0
3,536,538.0,2.345207879911713,272,0
3,536,538.0,2.345207879911551,272,1
4,538,538.0,2.345207879911713,272,0
4,538,538.0,2.345207879911551,272,1
1,546,531.2,12.029131306956469,273,1
4,546,530.8,11.606032913963366,273,0
5,530,531.6,11.326958991715344,273,0
5,569,536.6,20.8877954796575,273,1
3,576,543.0,20.469489490458745,273,0
3,576,546.6,25.909457732650445,273,1
4,566,551.6,18.942016788082544,273,0
4,566,556.0,21.5522620622523,273,1
1,531,536.6,8.14248119432891,274,1
1,537,537.8,7.529940238806674,274,0
2,543,537.8,8.642916174532761,274,1
2,543,539.0,7.842193570679055,274,0
0,547,541.8,6.833739825307974,274,1
0,547,543.0,4.636809247747843,274,0
1,545,542.4,3.97492138287035,274,0
1,545,541.2,6.260990336999421,274,1
2,528,538.8,8.671793355471516,274,1
2,528,540.0,7.681145747868605,274,0
3,530,538.6,8.905054744357274,274,0
3,530,538.6,8.905054744357281,274,1
4,525,535.0,10.222524150130443,274,1
4,525,535.0,10.222524150130438,274,0
5,515,528.6,10.830512453249858,274,1
5,515,528.6,10.830512453249852,274,0
4,530,525.6,6.268971207463019,274,1
5,530,525.6,6.26897120746301,274,0
0,552,530.4,13.538833036861059,274,0
0,537,527.4,8.142481194328939,274,1
1,535,531.4,13.685759021698447,274,0
1,535,528.4,8.820430828480003,274,1
2,524,528.2,8.927485648266286,274,1
2,524,531.2,13.809417076763253,274,0
3,530,534.2,10.686440005914054,274,0
3,530,531.2,5.069516742254664,274,1
4,530,534.2,10.686440005914054,274,0
4,530,531.2,5.069516742254664,274,1
1,523,524.8,6.906518659932826,275,1
1,523,524.8,6.906518659932874,275,0
0,538,527.2,9.148770409186152,275,1
0,538,527.2,9.148770409186188,275,0
1,529,530.2,5.449770637375484,275,1
1,529,530.2,5.449770637375544,275,0
2,529,530.2,5.449770637375484,275,1
2,529,530.2,5.449770637375544,275,0
3,533,530.4,5.549774770204705,275,0
3,533,530.4,5.549774770204646,275,1
4,534,532.6,3.7815340802379036,275,0
4,534,532.6,3.7815340802378175,275,1
5,532,531.4,2.302172886644293,275,1
1,532,531.4,2.3021728866444353,275,0
2,540,533.6,4.037325847637362,275,0
2,534,532.4,2.0736441353328074,275,1
3,542,536.2,4.494441010848917,275,0
3,542,535.0,4.000000000000021,275,1
4,534,536.4,4.335896677735825,275,0
4,534,535.2,3.8987177379236098,275,1
5,544,538.4,5.176871642217974,275,0
5,544,537.2,5.4037024344425255,275,1
0,539,539.8,3.7682887362834414,275,0
0,539,538.6,4.560701700396551,275,1
1,540,539.8,3.76828873628335,275,1
1,540,539.8,3.7682887362834414,275,0
2,541,539.6,3.646916505762178,275,0
2,541,539.6,3.646916505762084,275,1
3,540,540.8,1.923538406167102,275,1
3,540,540.8,1.9235384061672811,275,0
4,540,540.0,0.7071067811869143,275,0
3,522,537.2,27.644167558456193,276,0
3,522,525.6,10.430723848324222,276,1
4,540,525.0,9.192388155425109,276,1
5,539,528.2,10.940749517286266,276,1
5,540,528.6,12.218837915284842,276,0
0,530,531.2,8.105553651663746,276,1
0,530,526.0,9.460443964212384,276,0
2,538,533.8,7.694153624668503,276,1
2,538,529.0,10.583005244258482,276,0
1,534,532.8,7.155417527999505,276,0
1,534,536.2,4.147288270665503,276,1
2,535,535.4,3.8470768123346195,276,0
3,536,534.6,2.9664793948387125,276,0
3,535,535.2,3.563705936241053,276,1
4,530,534.6,2.9664793948387125,276,0
4,530,533.4,3.435112807463497,276,1
1,590,534.2,2.4899799195982792,276,0
1,590,534.6,2.9664793948382253,276,1
4,532,533.8,2.6832815730002366,276,0
4,532,533.4,2.4083189157584126,276,1
5,536,534.0,2.8284271247466513,276,0
0,549,536.6,7.4027022093288695,276,0
0,536,533.8,2.6832815729997113,276,1
4,604,553.0,18.694919095839925,277,0
0,548,555.6,16.318700928689154,277,0
1,563,557.8,16.452963258939114,277,0
3,569,563.6,13.44618905117731,277,0
3,548,554.2,16.452963258939125,277,1
4,553,557.6,8.354639429682214,277,0
4,553,556.2,15.319921670818053,277,1
0,539,540.8,1.9235384061668563,278,1
0,539,540.8,1.9235384061672127,278,0
1,542,541.2,1.9235384061668563,278,1
0,539,540.8,2.1679483388676264,278,1
0,542,541.2,1.9235384061672127,278,0
1,542,540.4,1.5165750888099367,278,1
1,542,541.4,1.9493588689618704,278,0
2,539,540.2,1.6431676725151598,278,1
2,539,540.4,1.5165750888104006,278,0
3,537,539.8,2.1679483388679346,278,0
3,537,539.8,2.1679483388676104,278,1
4,541,539.6,1.9493588689614822,278,1
4,541,540.2,2.1679483388679346,278,0
5,542,540.2,2.167948338867594,278,1
5,542,540.2,2.1679483388679346,278,0
2,541,540.0,2.0000000000000657,278,0
2,541,540.0,1.9999999999996962,278,1
3,538,539.8,2.167948338867594,278,1
3,538,539.8,2.1679483388679346,278,0
5,541,540.6,1.5165750888099132,278,1
0,536,539.6,2.5099800796019927,278,1
0,541,540.6,1.5165750888104006,278,0
2,537,539.8,2.1679483388679346,278,0
2,537,538.6,2.3021728866440188,278,1
3,538,539.0,1.8708286933870257,278,0
3,538,538.0,1.8708286933866687,278,1
4,538,538.4,1.516575088810377,278,0
4,538,538.0,1.8708286933866687,278,1
1,532,524.4,11.97079780131628,279,0
1,532,527.8,14.024977718342367,279,1
2,527,527.0,10.464224768228117,279,0
2,527,532.6,3.7815340802378428,279,1
3,531,531.4,2.880972058177374,279,0
3,531,532.4,3.847076812334302,279,1
4,518,529.0,7.1063352017759644,279,1
4,518,528.6,6.580273550544753,279,0
5,538,529.2,7.395944834840246,279,1
5,538,529.2,7.395944834840155,279,0
1,532,529.2,7.395944834840246,279,1
1,532,529.2,7.395944834840155,279,0
2,523,528.4,7.893034904268449,279,1
2,523,528.4,7.893034904268363,279,0
3,535,529.2,8.40832920383108,279,0
3,535,529.2,8.408329203831158,279,1
4,523,530.2,6.906518659932794,279,1
4,523,530.2,6.906518659932697,279,0
5,528,528.2,5.3572380943915485,279,1
0,530,527.8,5.069516742254637,279,1
0,528,528.2,5.357238094391423,279,0
1,515,524.8,7.362064927722288,279,0
1,515,526.2,7.596051605933197,279,1
2,522,523.6,5.856620185738566,279,1
3,522,524.6,7.4363969770311895,279,0
3,521,523.2,5.974947698515901,279,1
4,523,522.2,4.658325879540704,279,0
4,523,522.2,5.357238094391598,279,1
4,534,538.8,9.418067742376948,280,1
5,536,539.2,9.203260291874702,280,0
5,534,537.2,9.418067742376948,280,1
1,532,533.8,6.797058187186672,280,1
1,532,537.2,9.523654760647183,280,0
2,538,532.6,4.774934554525453,280,1
2,538,535.0,7.071067811865327,280,0
3,533,534.2,2.2803508501985275,280,1
3,533,532.8,4.969909455915461,280,0
4,529,533.2,3.2710854467594093,280,1
4,529,533.6,3.5071355833497595,280,0
0,544,535.2,5.8906705900090826,280,0
0,544,535.2,5.890670590009349,280,1
1,535,535.8,5.63027530410379,280,1
1,535,535.8,5.630275304103511,280,0
2,533,534.8,5.585696017507383,280,0
2,533,534.8,5.585696017507664,280,1
3,562,540.6,13.164345787011131,280,0
3,562,540.6,13.16434578701125,280,1
4,521,539.0,15.247950681976828,280,0
4,521,539.0,15.247950681976931,280,1
1,533,536.2,1.7888543819998683,281,0
0,541,537.0,2.828427124746215,281,0
0,541,536.8,2.863564212655674,281,1
1,541,537.8,3.3466401061363302,281,0
1,541,537.6,3.435112807463866,281,1
2,537,537.6,3.435112807463866,281,1
2,537,537.8,3.3466401061363302,281,0
3,544,539.2,4.266145801540324,281,0
3,544,539.2,4.266145801540567,281,1
4,533,539.2,4.266145801540567,281,1
4,533,539.2,4.266145801540324,281,0
5,534,537.8,4.6583258795410805,281,1
5,534,537.8,4.6583258795408575,281,0
0,534,536.4,4.505552130427759,281,1
0,534,536.4,4.505552130427528,281,0
1,540,537.0,4.795831523312939,281,1
1,540,537.0,4.7958315233127236,281,0
3,535,535.2,2.7748873851023284,281,0
3,535,535.2,2.7748873851027023,281,1
4,540,536.6,3.130495168499703,281,0
4,540,536.6,3.130495168500034,281,1
0,634,539.6,3.0495901363953655,282,1
1,541,539.4,2.8809720581775493,282,0
1,541,539.4,2.880972058177575,282,1
2,539,538.6,2.0736441353327133,282,0
2,539,538.6,2.0736441353327493,282,1
3,541,539.4,2.0736441353327133,282,0
3,541,539.4,2.0736441353327493,282,1
5,536,539.4,2.0736441353327133,282,0
5,536,539.4,2.0736441353327493,282,1
0,534,538.2,3.114482300479457,282,0
0,534,538.2,3.114482300479481,282,1
2,528,527.2,8.871302046486731,283,1
4,541,531.6,9.235799911215027,283,1
4,528,525.0,6.633249580710636,283,0
5,524,530.0,9.823441352194225,283,1
5,524,524.6,6.6181568431095545,283,0
1,584,534.6,27.906988372090556,283,0
1,584,539.0,26.53299832284319,283,1
0,579,551.2,28.42006333560851,283,1
1,579,546.6,32.106074191654095,283,0
1,537,553.0,26.823497162003296,283,1
2,537,552.2,27.32581197329732,283,1
5,537,550.4,28.832273583607606,283,0
5,523,552.0,27.58622844826742,283,1
1,551,545.4,21.232051243344312,283,1
1,551,555.0,26.067220795474096,283,0
4,544,538.4,10.382677881933862,283,1
5,541,539.2,10.401922899156608,283,1
0,533,538.4,10.761040841851615,283,1
0,544,559.0,21.201415047114125,283,0
2,516,545.4,22.89759812731451,283,0
2,516,537.0,13.39776100697421,283,1
3,536,536.8,13.10343466423963,283,0
3,536,534.0,10.931605554537661,283,1
4,558,536.8,15.122830422906915,283,1
5,540,541.2,17.253985046939164,284,0
2,547,538.6,14.467204291085391,284,1
2,547,538.6,14.467204291085423,284,0
4,541,544.0,4.795831523312749,284,0
4,541,544.0,4.795831523312654,284,1
5,548,543.4,3.781534080237729,284,1
0,538,542.8,4.438468204234357,284,1
0,548,543.4,3.7815340802378494,284,0
1,527,540.2,8.467585252006595,284,1
1,527,540.6,8.38450952650186,284,0
2,547,540.2,8.467585252006595,284,1
2,547,542.0,8.83176086632787,284,0
3,531,538.2,9.36482781475451,284,1
3,531,538.8,9.444575162494093,284,0
4,519,534.4,12.720062892926284,284,0
4,519,532.4,10.667708282475658,284,1
1,591,541.0,9.797958971132656,285,0
1,591,538.6,15.059880477613344,285,1
2,544,538.6,15.059880477613344,285,1
2,544,545.0,2.449489742782952,285,0
3,537,536.4,14.117365193264627,285,1
3,537,543.6,4.393176527297639,285,0
4,541,535.2,13.217412757419641,285,1
4,541,542.2,3.7013511046642127,285,0
1,549,542.6,4.3931765272976575,285,1
1,549,542.6,4.393176527297647,285,0
3,537,541.6,5.079370039680032,285,1
3,537,541.6,5.079370039680023,285,0
4,537,540.2,5.215361924162042,285,1
4,537,540.2,5.215361924162033,285,0
5,530,538.8,6.942621983083836,285,0
0,530,538.8,6.942621983083842,285,1
1,535,537.6,6.985699678629115,285,0
1,526,535.8,8.75785361832446,285,1
2,545,536.8,5.403702434442437,285,0
2,545,535.0,7.314369419163805,285,1
3,543,536.2,8.167006795638079,285,1
4,543,538.0,6.0827625302981465,285,0
4,537,536.2,8.167006795638079,285,1
2,538,543.2,21.064187617850337,286,1
3,547,550.8,17.59829537199553,286,0
4,547,548.0,17.790446874657174,286,1
4,543,548.0,17.478558292948513,286,0
5,545,541.4,5.319774431308082,286,0
5,545,550.6,15.693947878083426,286,1
4,571,555.8,17.56986055721557,286,1
5,571,548.0,13.784048752090195,286,0
0,548,550.8,11.454256850621048,286,0
0,542,548.6,12.973048986263759,286,1
1,556,552.6,11.41490254010078,286,0
2,556,552.2,11.734564329364726,286,1
3,555,555.0,10.074720839804902,286,0
3,543,551.4,12.300406497347918,286,1
4,543,554.6,10.597169433391128,286,0
5,547,544.0,5.385164807134478,287,1
0,578,549.8,16.422545478700922,287,1
0,578,549.8,16.42254547870092,287,0
1,547,552.2,14.481022063376617,287,1
1,547,552.2,14.481022063376614,287,0
2,597,553.0,14.08900280360538,287,1
2,597,553.0,14.089002803605377,287,0
2,541,552.4,14.6219013811474,287,1
3,549,554.0,13.453624047073717,287,0
3,549,552.8,14.463747785411643,287,1
5,540,545.2,4.3817804600413215,287,1
5,540,552.6,14.673104647619748,287,0
0,544,544.6,4.277849927241483,287,1
0,544,545.8,3.8340579025362187,287,0
1,544,545.2,3.8340579025362187,287,0
1,544,543.6,3.507135583350035,287,1
2,553,546.0,5.049752469181087,287,0
2,553,546.0,5.049752469181036,287,1
3,556,547.4,6.767569726275492,287,0
3,556,547.4,6.767569726275455,287,1
5,545,551.2,15.221695043588284,288,0
0,544,550.8,15.417522498767426,288,1
0,544,550.6,15.485477067239488,288,0
1,555,546.0,5.522680508593656,288,0
2,553,548.6,5.029910535983742,288,0
3,550,549.4,4.8270073544588925,288,0
4,571,554.6,10.064790112068913,288,0
5,532,538.0,5.338539126015754,289,1
2,546,540.4,5.770615218501498,289,1
2,537,540.8,5.06951674225465,289,0
3,538,539.2,5.449770637375584,289,1
4,538,539.2,4.207136793592543,289,0
4,540,538.6,5.079370039680229,289,1
5,542,540.8,3.1144823004795015,289,0
1,530,538.0,5.147815070493504,289,0
1,542,539.6,5.17687164221802,289,1
2,543,538.0,5.147815070493504,289,0
2,543,541.8,3.0331501776207954,289,1
3,546,539.8,6.180614856144988,289,0
0,544,539.4,2.7928480087535332,290,0
1,549,541.6,4.929503017546346,290,0
1,549,539.4,5.941380311005155,290,1
0,544,541.6,4.929503017546469,290,1
0,544,542.8,4.549725266430769,290,0
1,539,542.6,4.7222875812468885,290,0
1,539,541.8,4.764451699828604,290,1
2,549,545.0,4.183300132670205,290,0
2,549,543.6,5.549774770204613,290,1
3,538,543.8,5.263078946776162,290,0
3,538,543.8,5.263078946776263,290,1
5,544,542.8,4.43846820423425,290,0
2,541,542.2,4.43846820423425,290,0
2,544,542.8,4.43846820423437,290,1
3,537,541.8,4.868264577855059,290,0
3,537,541.4,5.02991053598366,290,1
4,529,539.4,7.569676347110184,290,1
5,529,537.8,5.630275304103527,290,0
0,535,536.6,5.41294744108968,290,1
0,543,538.8,6.099180272790609,290,0
1,544,538.8,6.099180272790609,290,0
1,544,537.8,6.379655163094586,290,1
2,536,536.2,5.357238094391486,290,1
2,536,537.8,6.058052492344225,290,0
3,533,537.0,6.442049363362414,290,0
3,533,535.4,5.504543577809092,290,1
4,535,541.2,7.823042886243224,291,1
1,721,542.4,7.092249290598786,291,0
1,721,539.8,6.610597552415428,291,1
1,542,541.0,6.082762530298131,291,0
2,542,538.4,4.615192303685811,291,1
2,542,541.4,6.066300355241152,291,0
0,551,542.2,5.7183913821983765,291,1
0,551,541.8,6.723094525588571,291,0
3,544,542.8,5.7183913821983765,291,1
3,544,544.2,3.8987177379234765,291,0
4,554,546.6,5.549774770204559,291,0
2,537,537.8,4.207136793592517,292,0
2,537,536.6,4.277849927241445,292,1
0,541,536.4,3.974921382870321,292,1
0,541,538.0,4.3588989435406615,292,0
0,539,538.0,2.6457513110645423,292,1
2,629,544.2,16.52876280911549,292,0
2,629,545.8,15.270887335056864,292,1
0,721,549.0,15.165750888103108,292,1
0,721,549.0,15.165750888103078,292,0
1,542,549.6,14.724129855444746,292,0
1,542,550.0,14.31782106327636,292,1
2,573,556.8,15.786069808536876,292,0
2,573,556.4,16.303373883954215,292,1
4,576,563.8,14.754660280738417,292,0
4,576,563.8,14.754660280738445,292,1
4,580,573.8,8.197560612767692,293,1
0,542,542.0,1.870828693386999,294,0
1,546,542.2,2.2803508501984635,294,1
1,546,542.2,2.2803508501982876,294,0
1,721,542.0,2.549509756796554,294,1
1,721,542.0,2.5495097567963967,294,0
2,540,541.8,2.6832815729998964,294,1
2,540,541.8,2.683281572999747,294,0
4,537,540.8,3.4205262752975223,294,1
4,537,540.8,3.420526275297405,294,0
1,543,541.0,3.5355339059328403,294,1
1,543,541.0,3.5355339059327267,294,0
0,540,539.8,2.1679483388678626,294,0
0,540,539.8,2.167948338868048,294,1
1,552,542.4,5.770615218501473,294,1
1,552,542.4,5.770615218501404,294,0
2,537,541.8,6.220932405998377,294,1
2,537,541.8,6.220932405998313,294,0
3,538,542.0,6.041522986797288,294,0
3,538,542.0,6.0415229867973546,294,1
4,538,541.0,6.2449979983984,294,0
4,538,541.0,6.244997998398464,294,1
1,574,563.4,10.899541274751027,295,0
3,557,562.4,11.282730166054721,295,0
1,606,566.4,20.169283576765903,296,0
2,570,564.6,19.138965489283862,296,0
0,606,566.4,20.1692835767659,296,1
1,585,567.6,21.25558750070198,296,1
2,543,564.6,19.138965489283862,296,0
3,573,570.0,16.155494421403468,296,0
3,579,574.8,16.376812876747362,296,1
1,541,538.8,6.260990336999454,297,0
0,536,536.6,5.1283525619832515,297,1
1,539,538.8,1.7888543819998663,297,1
2,536,537.4,5.856620185738568,297,0
3,542,539.4,2.302172886644298,297,1
3,535,535.8,4.969909455915712,297,0
4,536,538.8,2.77488738510234,297,1
4,536,537.4,2.509980079602328,297,0
3,541,538.8,2.77488738510234,297,1
4,540,539.6,2.302172886644298,297,1
4,541,537.8,2.949576240750617,297,0
0,540,539.8,2.2803508501983063,297,1
0,540,537.6,2.701851217221348,297,0
1,540,538.4,2.701851217221348,297,0
1,540,539.4,1.9493588689618213,297,1
2,539,540.0,0.7071067811866429,297,1
2,539,539.2,1.9235384061672665,297,0
3,540,540.0,0.7071067811868741,297,0
3,540,539.8,0.4472135955001121,297,1
1,539,536.4,4.560701700396572,298,1
1,539,536.4,4.560701700396559,298,0
2,542,539.0,2.5495097567964384,298,1
2,542,539.0,2.5495097567964162,298,0
4,535,538.2,3.114482300479532,298,1
4,535,538.2,3.114482300479514,298,0
1,541,538.4,3.286335345031029,298,0
1,541,538.4,3.286335345031046,298,1
3,544,540.2,3.42052627529744,298,0
3,544,540.2,3.420526275297457,298,1
4,540,540.4,3.361547262794363,298,1
4,540,540.4,3.361547262794346,298,0
0,540,540.0,3.2403703492039533,298,0
0,540,540.0,3.2403703492039706,298,1
1,540,541.0,1.7320508075689203,298,0
1,540,541.0,1.7320508075689531,298,1
2,539,540.6,1.949358868961834,298,0
2,539,540.6,1.949358868961863,298,1
3,540,539.8,0.44721359550016765,298,0
3,540,539.8,0.44721359550029477,298,1
0,626,553.4,4.335896677735732,299,0
0,721,561.0,10.124228365658317,299,1
0,721,555.4,5.176871642217896,299,0
3,562,556.8,5.932958789676522,299,0
3,562,560.6,10.014988766843448,299,1
4,565,558.4,6.985699678629188,299,0
4,565,562.0,10.049875621120911,299,1
1,546,548.0,7.483314773547872,300,1
3,553,549.0,3.3166247903554065,300,0
0,553,550.0,3.674234614174773,300,0
1,629,552.2,3.962322551231787,300,0
1,629,551.0,5.099019513592769,300,1
2,541,536.2,3.4205262752973686,301,1
3,540,537.8,2.774887385102261,301,1
0,539,538.6,2.302172886644202,301,1
2,545,540.6,2.701851217221193,301,1
3,534,539.8,3.962322551231732,301,1
4,542,540.0,4.062019202317922,301,1
0,534,538.8,4.868264577855178,301,1
0,542,535.4,9.289779329994865,302,0
0,542,537.8,10.473776778220918,302,1
1,523,532.6,9.964938534682473,302,1
1,523,535.8,8.526429498916869,302,0
3,542,538.0,8.396427811873323,302,0
3,542,536.8,8.105553651663756,302,1
0,546,538.8,9.03880523078133,302,0
1,721,538.8,9.038805230781321,302,1
1,721,536.8,9.523654760647291,302,0
2,542,539.0,9.110433579144283,302,1
2,542,536.8,9.523654760647291,302,0
3,542,540.6,5.639148871948674,302,0
3,542,539.0,9.110433579144283,302,1
4,540,540.2,5.585696017507578,302,0
0,548,540.6,6.148170459575763,302,0
3,588,574.8,8.555699854482995,303,0
3,588,572.2,14.289856542317036,303,1
0,582,577.8,7.726577508832777,303,0
0,582,573.4,14.926486525636271,303,1
2,611,581.2,2.949576240750641,303,0
0,572,547.4,14.099645385611646,304,0
0,629,540.2,4.43846820423434,304,1
2,584,555.8,20.93322717595164,304,0
2,536,554.4,22.19909908081858,304,0
3,584,548.0,20.43281674170253,304,1
3,552,557.6,19.919839356781985,304,0
0,549,550.8,19.12328423676224,304,1
0,549,558.6,19.178112524437864,304,0
1,555,555.2,17.655027612552765,304,0
2,555,549.4,7.8930349042685135,304,0
3,549,552.0,3.000000000000193,304,0
0,534,539.6,11.304866208850038,305,1
3,534,538.4,4.827007354458822,305,0
3,534,535.0,5.787918451395076,305,1
1,537,537.0,3.6742346141747015,305,0
1,537,537.0,3.674234614174709,305,1
3,546,538.8,5.44977063737545,305,0
3,546,538.8,5.4497706373754555,305,1
0,548,539.8,6.72309452558862,305,0
4,544,541.8,6.016643582596512,305,0
4,548,539.8,6.723094525588625,305,1
0,575,572.8,5.069516742254683,306,0
0,575,573.4,3.2093613071761977,306,1
0,721,574.0,2.9154759474226037,306,1
1,721,574.4,3.361547262794415,306,0
1,569,574.0,2.9154759474226037,306,1
2,565,573.6,5.029910535983788,306,0
2,565,571.8,4.658325879540807,306,1
0,584,578.2,3.8340579025361596,307,0
1,576,577.4,3.781534080237806,307,0
2,562,574.4,7.89303490426844,307,0
3,573,574.0,7.905694150420942,307,0
3,584,578.2,3.834057902536106,307,1
4,560,571.0,9.999999999999995,307,0
3,568,563.8,13.026895255585616,308,0
3,568,569.8,7.049822692805819,308,1
2,591,564.6,14.467204291085357,308,0
4,582,568.0,16.446884203398483,308,0
4,591,575.2,7.049822692805819,308,1
0,688,548.4,6.80441033448165,309,1
0,533,546.0,11.33578404875463,309,0
1,559,550.0,8.336666000266574,309,1
1,559,545.4,10.310189135025604,309,0
2,574,551.0,16.47725705328408,309,0
3,574,553.6,13.722244714331563,309,1
3,570,557.4,16.37986568931504,309,0
4,558,558.8,15.990622251807467,309,0
4,558,556.0,13.095800853708813,309,1
0,626,564.2,10.281050529979872,310,0
0,721,563.8,10.616025621672133,310,0
0,721,569.4,8.38450952650186,310,1
1,553,563.2,11.23387733598687,310,0
1,553,565.6,10.853570840972132,310,1
2,565,564.8,10.686440005914061,310,1
2,565,564.8,10.686440005914006,310,0
3,573,565.2,11.00908715561827,310,0
3,544,559.0,15.099668870541471,311,1
0,544,551.4,14.993331851193055,311,0
0,544,553.4,14.240786495134287,311,1
1,547,552.2,14.53272169966797,311,0
1,547,552.2,14.532721699667931,311,1
2,542,545.0,2.4494897427833116,311,0
4,553,546.0,4.30116263352139,311,0
2,546,545.0,6.403124237432913,312,1
2,540,543.8,5.9329587896765466,312,0
0,546,547.0,4.000000000000103,312,1
0,546,542.4,3.577708763999675,312,0
0,545,543.0,3.741657386773953,312,0
1,555,546.4,5.412947441089757,312,0
2,553,547.8,6.140032573203519,312,0
3,550,549.8,4.32434966208797,312,0
4,571,554.8,9.808159868191414,312,0
0,541,538.8,6.942621983083929,313,0
1,560,543.8,11.211601134539192,313,0
1,541,538.2,8.757853618324592,313,1
1,721,545.8,9.576011695899323,313,0
1,721,539.0,9.027735042633958,313,1
3,521,543.0,14.370107863199943,313,0
3,521,538.0,10.908712114635767,313,1
3,543,541.6,13.84918770181128,313,0
3,543,536.6,9.316651759081752,313,1
0,540,541.4,13.867227552759086,313,0
0,540,537.6,9.37016542009804,313,1
0,538,537.2,2.1679483388679577,314,0
2,544,538.0,3.6742346141748183,314,0
4,543,539.2,4.207136793592564,314,0
4,537,535.8,2.774887385102116,314,1
1,534,535.6,2.8809720581773925,314,1
1,534,539.2,4.207136793592564,314,0
3,547,541.2,5.167204273105545,314,0
3,547,538.2,5.630275304103588,314,1
4,548,543.2,5.540758070878036,314,0
4,548,539.8,7.190271204898942,314,1
0,537,541.8,6.140032573203504,314,0
0,537,540.6,6.426507605223774,314,1
1,564,546.0,11.768602295939822,314,0
1,564,546.0,11.768602295939777,314,1
2,531,545.4,12.581732790041238,314,1
2,531,545.4,12.58173279004128,314,0
3,545,545.0,12.549900398011129,314,0
4,547,544.8,12.497999839974392,314,0
4,545,545.0,12.549900398011088,314,1
0,538,553.8,21.776133724791446,315,1
2,629,549.6,20.35436071214225,315,0
0,568,556.8,18.886503117305754,315,0
0,629,557.0,21.330729007701528,315,1
1,575,555.8,17.426990560621757,315,0
1,575,557.2,21.533694527414454,315,1
2,577,563.8,15.738487856207797,315,0
3,577,566.2,17.36951352226074,315,1
4,572,570.6,6.348228099241604,315,0
4,563,562.8,15.562776101968403,315,1
3,628,565.0,7.58287544405156,316,0
3,628,575.0,6.20483682299543,316,1
4,574,565.6,8.26438140455776,316,0
3,584,580.2,3.563705936241031,317,0
3,578,579.8,3.7013511046642864,317,0
3,578,573.6,9.555103348473027,317,1
4,596,582.0,3.3911649915625754,317,0
1,575,568.6,18.365728953678914,318,0
1,547,568.6,13.740451229854152,318,1
1,547,563.2,20.25339477717255,318,0
2,542,564.4,18.324846520503257,318,1
2,542,555.8,19.791412279066908,318,0
4,721,549.0,15.116216457830975,318,0
4,721,557.6,17.854971296532522,318,1
1,548,569.8,13.935566009315874,319,0
1,548,569.0,13.601470508735447,319,1
1,568,569.6,13.95707705789432,319,0
1,568,568.2,13.498148021117567,319,1
4,529,536.0,4.690415759823469,320,0
0,543,540.0,9.899494936611696,320,1
0,543,537.8,5.403702434442559,320,0
1,564,546.0,13.711309200802111,320,1
1,564,543.2,12.814054783713084,320,0
2,538,542.6,13.011533345459354,320,1
2,538,542.6,13.011533345459334,320,0
3,541,543.0,12.903487900563945,320,0
3,541,543.0,12.903487900563965,320,1
4,544,546.0,10.319883720275152,320,0
4,544,546.0,10.319883720275177,320,1
0,535,544.4,11.458621208504976,320,0
0,535,544.4,11.458621208504999,320,1
1,542,540.0,3.5355339059327235,320,0
1,542,540.0,3.535533905932796,320,1
2,555,543.4,7.300684899377591,320,0
2,555,543.4,7.300684899377626,320,1
3,539,543.0,7.516648189186454,320,0
3,539,543.0,7.516648189186488,320,1
4,542,542.6,7.503332592921629,320,0
4,541,551.2,16.739175606940748,321,0
4,541,537.6,5.272570530585566,321,1
5,533,538.0,4.690415759823355,321,1
5,533,548.8,18.606450494384998,321,0
0,544,538.8,5.403702434442461,321,1
0,544,548.6,18.662797217994946,321,0
1,533,539.0,5.6124860801609175,321,0
1,533,538.8,5.403702434442461,321,1
3,600,536.6,5.504543577809162,321,0
3,600,536.6,5.504543577809095,321,1
1,532,534.8,5.167204273105533,321,0
1,532,534.8,5.167204273105462,321,1
2,545,537.2,6.685805860178712,321,0
2,545,537.2,6.685805860178656,321,1
4,539,536.2,5.718391382198259,321,1
5,545,538.6,6.50384501660358,321,1
5,539,536.2,5.718391382198323,321,0
0,557,541.0,10.464224768228174,321,0
0,557,543.6,9.20869154657702,321,1
1,536,544.4,8.049844718999177,321,1
1,536,541.8,9.731392500562286,321,0
2,539,543.2,8.378544026261304,321,1
3,540,543.4,8.264381404557687,321,1
4,540,542.4,8.324662155306898,321,1
1,613,537.2,4.086563348340511,322,0
1,613,537.4,3.130495168499722,322,1
1,541,537.2,4.71168759575581,323,0
0,535,538.4,2.1908902300206003,323,1
0,535,536.4,4.669047011971414,323,0
1,540,538.6,2.302172886644204,323,1
1,540,538.6,2.3021728866441005,323,0
2,542,539.2,2.774887385102176,323,0
2,542,539.2,2.7748873851022617,323,1
3,536,538.8,3.1144823004793487,323,0
3,536,538.8,3.114482300479425,323,1
4,536,537.8,3.0331501776204686,323,0
4,536,537.8,3.0331501776205467,323,1
5,542,539.2,3.0331501776205467,323,1
1,542,539.2,3.0331501776204686,323,0
1,536,538.4,3.286335345030928,323,1
3,544,540.0,3.7416573867738196,323,0
3,544,538.8,3.898717737923534,323,1
2,542,549.8,17.195929750961394,324,1
5,535,549.4,17.586926962946063,324,1
5,535,548.4,18.03607496103299,324,0
0,578,556.0,21.319005605327828,324,1
0,578,548.0,17.161002301730544,324,0
1,554,549.8,17.239489551607992,324,0
0,554,550.8,16.66433316997711,324,1
0,534,548.6,18.270194306574883,324,0
5,541,550.0,17.102631376487054,324,1
5,541,548.4,18.365728953678946,324,0
0,544,550.2,17.123083834403236,324,0
0,544,550.4,16.89082591231108,324,1
1,544,543.4,7.197221686178759,324,0
2,545,541.6,4.5055521304277155,324,0
2,544,552.2,15.23811011904034,324,1
0,550,541.8,6.099180272790746,325,0
2,583,549.8,19.524343778985255,325,0
2,583,549.8,19.52434377898528,325,1
4,541,549.2,19.791412279066932,325,1
4,541,549.2,19.79141227906691,325,0
5,536,548.8,20.092287077383702,325,0
5,536,548.8,20.092287077383723,325,1
1,541,550.2,19.018412131405725,325,0
1,541,550.2,19.01841213140575,325,1
2,548,549.8,19.04468429772469,325,1
2,548,549.8,19.044684297724668,325,0
3,542,541.6,4.2778499272415935,325,1
3,542,541.6,4.277849927241487,325,0
4,538,541.0,4.582575694955938,325,1
5,538,541.0,4.582575694955839,325,0
5,544,542.6,3.714835124201462,325,1
0,547,543.2,4.207136793592519,325,0
0,547,543.8,4.024922359499737,325,1
1,545,544.0,4.062019202317969,325,0
2,545,543.2,3.420526275297537,325,1
2,553,545.0,5.612486080160904,325,0
3,545,543.8,3.420526275297537,325,1
3,545,545.6,5.366563145999487,325,0
4,556,547.4,4.929503017546595,325,1
1,540,556.4,23.479778533878893,326,1
1,540,556.4,23.479778533878868,326,0
3,542,557.2,22.753021777337633,326,1
3,542,557.2,22.7530217773376,326,0
5,544,550.2,19.524343778985273,326,1
5,544,550.2,19.524343778985237,326,0
1,553,543.8,5.403702434442536,326,0
1,553,543.8,5.403702434442662,326,1
2,560,547.8,8.438009243891619,326,0
3,572,554.2,12.296340919151529,326,0
3,560,547.8,8.4380092438917,326,1
4,546,555.0,11.401754250991385,326,0
4,546,549.0,7.41619848709579,326,1
5,536,539.4,3.6469165057620807,327,0
0,542,540.8,2.7748873851023133,327,0
2,610,541.2,3.114482300479471,327,0
0,610,541.4,3.3615472627947014,327,1
0,572,547.4,14.099645385611657,327,0
2,584,555.6,21.090282122342504,327,0
3,584,549.2,19.639246421388016,327,1
3,536,555.6,21.090282122342504,327,0
2,602,552.2,19.214577799160768,327,1
2,602,558.4,19.718012070185974,327,0
3,552,560.0,18.547236990991404,327,0
5,549,555.4,17.65785943992079,327,0
0,541,546.8,8.167006795638136,327,0
0,552,554.0,18.547236990991454,327,1
1,554,550.4,5.8566201857385005,327,0
2,555,550.2,5.63027530410366,327,0
3,549,549.6,5.549774770204606,327,0
3,554,557.6,15.70986950932444,327,1
4,549,549.6,5.549774770204606,327,0
2,649,552.4,8.4439327330339,328,1
5,551,549.8,5.449770637375545,328,0
5,551,549.8,5.449770637375603,328,1
0,553,550.8,5.4954526656136995,328,0
1,553,549.0,4.30116263352145,328,1
1,546,549.8,5.890670590009312,328,0
2,555,552.4,4.21900462194589,328,0
3,543,549.6,4.9799598391955735,328,0
4,553,550.0,5.19615242270671,328,0
5,541,532.2,5.674504383644441,329,0
1,543,534.8,7.190271204899024,329,0
2,530,535.6,6.107372593841007,329,0
2,541,532.2,8.012490249603973,329,1
4,542,537.2,6.610597552415375,329,0
5,531,537.4,6.348228099241552,329,0
5,542,533.0,8.888194417315523,329,1
1,552,539.6,9.181503144910419,329,0
1,552,539.0,9.695359714832597,329,1
2,538,538.6,8.98888202169769,329,0
2,538,541.4,6.693280212272515,329,1
3,534,539.4,8.17312669668101,329,0
4,526,536.2,9.859006035092987,329,0
4,534,541.4,6.693280212272515,329,1
0,585,544.0,27.78488797889961,330,1
0,585,542.0,26.870057685088796,330,0
1,610,541.0,26.683328128252658,330,0
1,610,541.0,26.683328128252672,330,1
2,609,543.0,26.49528259898353,330,0
0,526,545.2,23.92070233082632,330,0
0,609,543.0,26.495282598983543,330,1
2,556,551.0,21.828879952943062,330,0
2,556,551.2,21.545301111843393,330,1
3,543,542.6,10.737783756436867,330,0
3,543,554.4,17.938784797192916,330,1
4,537,541.4,11.013627921806664,330,0
2,541,536.4,7.668115805072305,331,1
0,547,538.6,9.528903399657263,331,0
0,547,541.2,3.6331804249169495,331,1
1,539,537.4,8.876936408468849,331,0
1,539,541.6,3.130495168499652,331,1
2,531,539.6,5.727128425310517,331,1
2,531,539.0,5.830951894845293,331,0
3,526,536.8,8.318653737234142,331,1
2,534,535.4,8.018728078691751,331,1
2,526,536.8,8.318653737234154,331,0
4,545,537.6,8.988882021697673,331,0
4,545,535.0,7.314369419163857,331,1
5,546,537.4,8.73498712076897,331,0
0,534,536.4,8.792041856133292,331,0
0,546,536.4,8.792041856133277,331,1
1,539,538.0,8.276472678623396,331,1
1,539,538.0,8.27647267862341,331,0
2,545,541.8,5.167204273105508,331,0
2,545,541.8,5.167204273105483,331,1
3,546,542.0,5.338539126015634,331,0
3,546,544.2,2.9495762407504653,331,1
4,539,540.6,4.929503017546473,331,0
4,539,543.0,3.6742346141747206,331,1
4,549,546.0,2.121320343560006,332,0
5,541,545.4,3.049590136395629,332,0
0,542,545.0,3.3911649915628583,332,0
1,540,543.8,3.962322551231975,332,0
1,549,545.4,3.0495901363952584,332,1
5,544,543.2,3.56370593624129,332,0
1,537,540.8,2.588435821109235,332,0
5,543,541.2,2.7748873851025757,332,0
0,559,544.6,8.502940667792602,332,0
0,544,546.0,2.1213203435594736,332,1
1,560,548.6,10.310189135025661,332,0
1,560,549.2,6.300793600809277,332,1
2,557,551.2,10.497618777608619,332,0
3,557,551.4,6.804410334481536,332,1
3,565,556.8,8.25832912882509,332,0
4,557,559.6,3.286335345031181,332,0
1,552,558.0,11.640446726822834,333,0
1,561,559.8,11.166915420114933,333,1
0,545,554.2,9.833615815151648,333,1
0,545,552.4,9.0719347440334,333,0
1,583,559.4,15.820872289478876,333,0
1,583,561.2,15.270887335056868,333,1
2,567,559.2,15.690761613127655,333,0
2,567,561.0,15.165750888103112,333,1
3,581,565.6,16.964669168598608,333,0
3,581,567.4,15.582040944625977,333,1
1,530,527.6,1.816590212458287,334,1
1,527,527.2,1.3038404810405773,334,0
0,528,527.2,1.3038404810405773,334,0
0,528,527.6,1.816590212458287,334,1
1,535,528.6,3.7815340802378192,334,0
1,535,529.0,3.8078865529318553,334,1
3,528,529.6,3.209361307176127,334,1
3,528,528.6,3.7815340802378192,334,0
4,537,531.6,4.159326868616988,334,1
5,530,531.6,4.159326868616988,334,1
5,537,531.0,4.636809247747859,334,0
1,569,539.8,16.724233913695407,334,1
1,569,539.4,17.038192392387177,334,0
3,530,539.8,16.724233913695425,334,0
3,530,538.8,17.22498185775531,334,1
5,530,538.8,17.224981857755324,334,0
5,530,539.2,16.932217811025225,334,1
0,530,537.8,17.44133022449835,334,1
1,530,539.2,16.93221781102524,334,0
1,528,537.4,17.686152775547306,334,1
2,529,529.4,0.8944271909996283,334,1
2,529,537.6,17.558473737771184,334,0
3,530,529.8,0.4472135955006602,334,0
3,530,529.4,0.8944271909996283,334,1
4,528,529.4,0.8944271910002599,334,0
4,528,529.0,0.9999999999997407,334,1
0,600,526.6,8.792041856133414,335,1
0,600,524.0,7.582875444051505,335,0
1,532,525.6,7.5033325929217565,335,1
1,532,524.2,7.823042886243128,335,0
1,549,529.0,12.980754985747247,335,1
2,517,527.8,13.917614738165511,335,1
2,549,530.0,12.980754985747136,335,0
3,527,530.4,11.738824472663437,335,1
4,527,529.0,12.980754985747136,335,0
4,542,533.4,12.541929676090602,335,1
1,537,534.4,12.601587201618777,335,1
2,537,531.8,12.872451204024788,335,0
2,535,531.6,9.787747442593828,335,1
3,535,535.2,5.403702434442698,335,1
3,535,536.0,8.185352771872418,335,0
5,536,536.8,7.886697661252107,335,0
5,536,537.0,2.915475947422962,335,1
0,551,538.8,6.870225614927213,335,1
1,551,537.2,8.671793355471468,335,0
2,535,538.8,6.870225614926987,335,0
2,536,538.6,6.949820141557768,335,1
3,532,538.0,7.449832212875805,335,1
1,571,556.6,20.28053253738666,336,1
1,571,556.6,20.280532537386673,336,0
5,550,550.0,13.910427743243524,336,1
5,550,550.0,13.910427743243547,336,0
0,555,554.6,9.607288899580347,336,0
1,568,558.2,10.756393447619866,336,0
1,555,554.6,9.607288899580313,336,1
2,566,562.0,9.027735042633863,336,0
2,566,557.8,10.329569206893344,336,1
3,561,560.6,8.384509526501795,336,1
3,561,560.0,7.516648189186415,336,0
4,563,562.6,5.0299105359836584,336,0
4,563,559.0,6.442049363362519,336,1
3,578,556.0,14.124446891825512,337,0
3,578,558.0,13.94632568098135,337,1
1,593,560.4,17.213366899011927,337,0
1,609,561.4,16.667333320000534,337,1
1,547,558.6,18.22909761891684,337,0
1,547,559.6,17.840964099509875,337,1
2,555,561.8,15.056560032092303,337,0
2,555,559.4,17.896927110540517,337,1
3,539,538.0,2.2360679774999803,338,0
3,539,569.4,17.826945896591475,338,1
5,537,562.0,22.50555486985379,338,1
5,537,538.4,1.673320053068403,338,0
1,542,539.4,2.073644135332982,338,0
1,542,556.0,23.16246964380093,338,1
2,540,539.2,1.923538406167355,338,0
2,540,548.8,20.87342808452889,338,1
3,538,539.2,1.923538406167355,338,0
3,538,539.2,1.9235384061668581,338,1
1,534,532.8,8.642916174532646,339,1
1,534,536.4,8.84872872225155,339,0
3,527,533.8,7.2594765651524815,339,1
3,527,533.0,8.455767262643851,339,0
1,549,538.4,8.294576541331061,339,0
1,549,535.4,9.710818709048072,339,1
3,521,534.4,11.081516141755966,339,1
3,521,534.4,11.08151614175603,339,0
5,543,534.8,11.410521460476646,339,1
5,543,534.8,11.410521460476708,339,0
5,544,536.8,12.091319200153398,339,1
5,544,536.8,12.091319200153457,339,0
1,551,541.6,11.991663771137002,339,0
1,551,541.6,11.991663771136944,339,1
2,543,540.4,11.349008767288813,339,1
3,543,540.4,11.349008767288877,339,0
3,542,544.6,3.6469165057618897,339,1
1,544,547.8,16.46815108019113,340,0
4,539,548.0,16.324827717314566,340,1
4,539,548.0,16.324827717314523,340,0
5,540,548.0,16.324827717314566,340,1
5,540,548.0,16.324827717314523,340,0
0,538,540.2,2.2803508501987064,340,1
0,538,540.2,2.2803508501983827,340,0
1,541,540.4,2.3021728866443736,340,0
1,541,540.4,2.3021728866446947,340,1
1,536,538.8,1.9235384061672443,340,0
1,536,538.8,1.9235384061676284,340,1
2,543,539.6,2.7018512172213325,340,0
2,543,539.6,2.701851217221606,340,1
3,536,538.8,3.114482300479545,340,0
3,536,538.8,3.114482300479782,340,1
3,534,538.0,3.8078865529320027,340,0
3,534,538.0,3.807886552932197,340,1
4,541,538.0,3.807886552932197,340,1
4,541,538.0,3.8078865529320027,340,0
5,541,539.0,3.8078865529320027,340,0
5,541,539.0,3.807886552932197,340,1
2,588,544.2,21.614809737770102,341,0
2,588,544.2,21.61480973777009,341,1
1,551,546.6,21.559220765139013,341,0
1,551,546.6,21.559220765139003,341,1
5,524,544.4,23.511699215496964,341,1
5,524,544.4,23.51169921549697,341,0
1,561,547.2,24.702226620286698,341,0
1,561,547.2,24.702226620286687,341,1
2,563,555.6,20.317480158720468,341,1
2,563,555.6,20.31748015872048,341,0
3,532,546.2,17.455658108475905,341,0
3,532,546.2,17.455658108475895,341,1
5,583,570.2,12.716131487209436,342,1
5,583,570.2,12.716131487209466,342,0
5,569,572.6,10.549881515922305,342,1
5,569,572.6,10.54988151592234,342,0
0,555,568.2,12.637246535539301,342,0
0,555,568.2,12.637246535539273,342,1
1,553,563.2,12.73577637994639,342,0
1,553,563.2,12.735776379946362,342,1
2,565,565.0,12.083045973594583,342,0
2,565,565.0,12.083045973594553,342,1
3,573,563.0,8.717797887081364,342,0
3,573,563.0,8.717797887081321,342,1
5,547,544.2,4.147288270665451,343,0
5,547,544.2,3.7013511046643433,343,1
0,541,543.4,3.9115214431215826,343,1
0,541,544.8,3.1144823004793394,343,0
1,531,541.8,6.760177512462148,343,0
1,531,541.8,6.760177512462215,343,1
2,542,540.6,5.856620185738428,343,0
2,542,540.6,5.856620185738506,343,1
4,541,540.4,5.813776741499431,343,1
4,541,540.4,5.813776741499352,343,0
1,546,540.2,5.54075807087791,343,0
1,546,540.2,5.540758070877993,343,1
3,545,541.0,5.958187643906461,343,1
5,545,541.0,5.958187643906384,343,0
5,536,542.0,3.9370039370058576,343,1
0,552,544.0,5.958187643906461,343,1
2,552,545.2,4.32434966208777,343,0
2,538,543.4,6.465291950097813,343,1
4,534,543.6,6.6558245169173915,343,0
4,534,541.0,7.416198487095634,343,1
0,528,534.6,8.049844718999276,344,0
0,528,535.6,7.300684899377545,344,1
1,546,538.2,8.378544026261316,344,1
1,546,535.8,9.391485505499155,344,0
0,545,539.2,8.92748564826621,344,1
2,541,541.2,7.661592523751118,344,1
4,529,537.8,8.700574693662423,344,1
4,545,538.6,9.68504001024264,344,0
0,593,540.6,6.804410334481534,344,1
0,593,537.8,9.066421565314556,344,0
1,552,542.6,8.93308457365097,344,0
1,552,541.8,8.348652585896678,344,1
0,541,541.0,8.154753215149999,344,1
0,541,545.2,4.324349662088033,344,0
1,554,546.8,5.890670590009341,344,0
1,554,543.6,10.014988766843384,344,1
2,557,549.2,7.259476565152677,344,0
2,557,549.2,7.259476565152542,344,1
4,547,550.2,6.300793600809258,344,1
1,530,539.4,7.4699397587932275,345,0
1,530,538.0,5.431390245600129,345,1
2,547,539.8,7.886697661252135,345,0
4,542,538.6,6.693280212272586,345,0
0,541,538.8,6.760177512462213,345,0
1,548,541.6,7.16240183178798,345,0
2,539,543.4,3.9115214431215506,345,0
4,541,542.2,3.4205262752973686,345,0
4,542,540.2,2.167948338867961,346,0
5,543,541.0,2.34520787991168,346,1
5,543,541.0,2.345207879911786,346,0
1,542,540.8,2.167948338867846,346,1
1,542,540.8,2.167948338867961,346,0
2,540,541.0,2.000000000000094,346,0
2,540,541.0,1.9999999999999698,346,1
3,538,541.0,2.000000000000094,346,0
3,538,541.0,1.9999999999999698,346,1
5,542,541.0,2.000000000000094,346,0
5,542,541.0,1.9999999999999698,346,1
0,537,539.8,2.28035085019835,346,0
0,537,539.8,2.2803508501982406,346,1
1,538,539.0,1.999999999999952,346,1
1,538,539.0,2.0000000000000764,346,0
2,537,538.4,2.0736441353327235,346,1
3,546,540.8,5.585696017507609,347,1
4,538,541.2,5.215361924162165,347,1
2,532,539.2,6.572670690062038,347,1
5,549,568.0,17.97220075561138,348,1
5,547,550.2,20.53533540023148,348,0
0,550,554.4,16.949926253526886,348,0
5,604,563.4,19.269146322554047,348,1
5,604,558.2,15.238110119040355,348,0
1,580,557.4,13.55728586406588,348,0
1,580,562.4,17.952715672009013,348,1
0,543,556.0,14.815532390029073,348,0
0,543,554.2,14.686728703152314,348,1
1,556,557.8,13.971399357258404,348,0
1,556,555.6,14.397916515940699,348,1
2,538,555.4,16.456001944579384,348,0
2,538,553.4,16.364595931461242,348,1
3,544,552.2,16.88786546606758,348,1
3,544,552.2,16.88786546606766,348,0
4,556,547.4,8.173126696681086,348,0
1,546,540.4,6.804410334481653,349,1
0,539,540.0,6.819090848492918,349,0
0,539,540.0,6.819090848492981,349,1
1,542,541.6,5.941380311005239,349,1
2,539,539.8,4.764451699828717,349,1
2,542,541.6,5.941380311005168,349,0
3,538,539.6,4.82700735445886,349,0
3,538,540.8,3.2710854467593484,349,1
4,542,541.4,3.130495168499686,349,0
4,542,540.0,1.8708286933871663,349,1
1,596,540.8,2.167948338868056,349,1
1,596,540.8,2.167948338867851,349,0
2,541,540.6,2.0736441353329513,349,1
2,541,541.2,1.9235384061671092,349,0
3,538,540.4,2.302172886644423,349,1
3,538,540.4,2.3021728866442452,349,0
5,542,541.2,1.9235384061673217,349,1
5,542,541.2,1.9235384061671092,349,0
0,537,540.2,2.588435821109107,349,1
0,537,540.2,2.5884358211089493,349,0
1,537,539.0,2.345207879911715,349,0
1,537,539.0,2.345207879911889,349,1
2,537,538.2,2.167948338867884,349,0
2,537,538.2,2.1679483388680723,349,1
3,539,538.4,2.1908902300206687,349,0
3,539,538.4,2.1908902300208553,349,1
4,538,537.6,0.8944271909999103,349,0
4,538,537.6,0.894427191000367,349,1
0,544,539.2,9.09395403551165,350,0
1,531,537.0,9.565563234854425,350,0
1,531,536.6,9.235799911215118,350,1
0,578,543.8,21.016660058153906,350,1
0,578,548.0,17.649362594722753,350,0
1,583,556.0,23.054283766796978,350,0
1,583,555.8,23.188359148503856,350,1
2,543,555.8,23.188359148503856,350,1
2,543,555.8,23.188359148503768,350,0
3,542,555.4,23.45847394866091,350,1
3,542,555.4,23.458473948660824,350,0
4,540,557.2,21.37054047047007,350,0
4,540,557.2,21.37054047047016,350,1
5,548,551.2,18.019433953373877,350,1
5,548,551.2,18.019433953373767,350,0
0,542,543.0,2.9999999999999716,350,0
0,542,543.0,3.0000000000006346,350,1
1,549,544.2,4.024922359500086,350,1
1,549,544.2,4.024922359499592,350,0
2,552,546.2,5.019960159204418,350,0
3,533,544.8,7.529940238806639,350,0
4,553,545.8,8.348652585896687,350,0
0,611,562.4,16.54690303349844,351,0
0,611,563.6,17.06751299984859,351,1
0,589,557.4,15.646085772486375,351,1
0,589,562.4,16.54690303349844,351,0
5,587,556.2,16.73917560694077,351,1
5,587,560.2,18.70026737776763,351,0
0,546,554.6,17.3723918905832,351,1
0,546,552.4,13.04990421420788,351,0
1,560,549.4,6.7675697262754895,351,0
2,550,549.2,6.72309452558868,351,0
2,560,549.6,6.841052550594902,351,1
3,546,548.8,6.870225614927098,351,0
4,550,550.4,5.727128425310586,351,0
4,546,548.4,6.841052550594902,351,1
1,592,536.6,4.615192303685552,352,1
1,592,538.6,1.8165902124586017,352,0
2,543,539.4,2.7018512172209483,352,1
2,543,539.4,2.7018512172213365,352,0
3,536,538.8,3.114482300479212,352,1
3,536,538.8,3.114482300479548,352,0
4,537,538.6,3.209361307176305,352,0
4,537,538.6,3.209361307175979,352,1
5,542,538.8,3.4205262752971755,352,1
5,542,538.8,3.420526275297482,352,0
1,536,538.8,3.420526275297482,352,0
1,536,538.8,3.4205262752971755,352,1
3,544,539.0,3.7416573867739955,352,0
3,544,539.0,3.7416573867737153,352,1
5,541,540.0,3.3911649915626936,352,0
5,541,540.0,3.391164991562385,352,1
0,536,539.8,3.6331804249170383,352,0
0,536,539.8,3.6331804249167496,352,1
1,542,539.8,3.6331804249167496,352,1
1,542,539.8,3.6331804249170383,352,0
2,539,540.4,3.049590136395446,352,0
2,539,540.4,3.0495901363951026,352,1
3,541,539.8,2.3874672772623065,352,1
3,541,539.8,2.387467277262745,352,0
4,533,538.2,3.7013511046644094,352,0
4,533,538.2,3.701351104664126,352,1
5,585,552.0,21.189620100417084,353,1
5,585,550.0,21.07130750570548,353,0
2,524,548.6,24.5010203869145,353,1
4,524,546.6,24.04786892845186,353,0
4,527,546.0,26.267851073127392,353,1
0,578,542.6,20.391174561559744,354,0
1,547,544.6,20.194058532152468,354,1
1,547,544.6,20.194058532152496,354,0
3,594,555.8,25.02398849104595,354,1
4,537,555.2,25.52841554033467,354,1
4,594,555.8,25.023988491045976,354,0
5,547,559.0,21.575449010391427,354,1
5,547,557.2,24.097717734258605,354,0
1,570,565.6,17.89692711054055,354,0
2,527,555.4,22.897598127314602,354,0
2,570,557.4,20.057417580536146,354,1
3,550,558.0,19.710403344427036,354,1
3,550,556.0,22.660538387249346,354,0
5,550,548.8,15.254507530562934,354,0
5,550,550.8,11.987493482792825,354,1
0,572,553.8,18.308467986153335,354,0
0,572,557.8,12.132600710482516,354,1
1,535,546.8,17.224981857755356,354,0
2,540,549.4,14.20563268566386,354,0
3,531,545.6,16.379865689315082,354,0
3,535,555.4,15.517731793016685,354,1
4,530,541.6,17.444196742756645,354,0
4,530,547.4,16.395121225535377,354,1
1,536,536.2,3.492849839314676,355,1
1,536,537.4,3.1304951684997118,355,0
2,537,537.0,3.0000000000000853,355,1
2,537,537.0,3.000000000000005,355,0
3,537,537.6,2.5099800796022333,355,0
3,537,537.6,2.5099800796023293,355,1
1,537,537.8,2.3874672772626666,355,0
1,537,537.8,2.387467277262768,355,1
2,540,537.4,1.516575088810459,355,1
2,540,537.4,1.5165750888102998,355,0
0,542,538.6,2.302172886644363,355,1
0,542,538.6,2.3021728866442577,355,0
1,540,539.2,2.1679483388679754,355,1
1,540,539.2,2.1679483388678644,355,0
2,537,539.2,2.1679483388678644,355,0
2,537,539.2,2.1679483388679754,355,1
3,537,539.2,2.1679483388678644,355,0
3,537,539.2,2.1679483388679754,355,1
4,540,539.2,2.1679483388678644,355,0
4,540,539.2,2.1679483388679754,355,1
5,528,495.8,53.50420544218936,356,1
4,518,492.8,51.27084941757846,356,1
0,707,495.0,52.730446612938955,356,1
1,574,529.2,27.61702373537027,356,1
2,350,499.4,86.32960094892135,356,1
3,537,501.2,87.16478646793098,356,1
0,585,579.2,4.86826457785526,357,0
0,585,579.2,4.868264577855336,357,1
2,648,574.0,14.159802258506303,357,0
2,648,574.0,14.159802258506328,357,1
5,539,565.0,19.506409203131167,357,0
5,539,565.0,19.506409203131184,357,1
0,573,564.4,19.125898671696458,357,0
0,573,564.4,19.125898671696476,357,1
1,571,563.6,18.649396773086277,357,1
4,571,563.6,18.64939677308626,357,0
4,570,560.6,15.241391012634017,357,1
3,537,546.0,18.452642087245945,358,0
4,516,540.8,22.971721746530015,358,0
4,516,540.8,22.971721746530008,358,1
5,544,534.0,11.247221879201957,358,1
5,544,534.0,11.247221879201973,358,0
1,545,534.6,11.844830095868808,358,0
1,545,534.6,11.844830095868794,358,1
2,545,537.4,12.421755109484295,358,1
2,545,537.4,12.421755109484307,358,0
3,540,538.0,12.469963913339893,358,1
3,540,538.0,12.469963913339905,358,0
4,525,539.8,8.52642949891684,358,0
4,525,539.8,8.526429498916821,358,1
5,537,538.4,8.234075540095514,358,0
0,537,538.4,8.234075540095493,358,1
0,542,537.8,7.726577508832693,358,0
1,544,538.2,8.043631020876003,358,1
1,544,537.6,7.503332592921566,358,0
2,524,534.4,9.396807968666755,358,0
2,524,534.0,9.02773504263383,358,1
3,546,535.2,10.32956920689332,358,1
3,546,538.6,8.820430828479923,358,0
4,543,539.8,8.955445270895192,358,0
4,543,538.8,8.92748564826618,358,1
5,544,538.6,3.0495901363955182,359,1
0,535,538.2,3.420526275297541,359,1
0,544,538.6,3.0495901363953855,359,0
1,533,537.8,3.9623225512317832,359,0
1,533,537.2,4.147288270665656,359,1
0,541,538.0,4.472135954999683,359,1
0,541,538.4,4.219004621945793,359,0
1,541,538.8,4.604345773288639,359,1
1,541,539.2,4.266145801540302,359,0
2,537,537.4,3.5777087639997864,359,1
2,537,539.2,4.266145801540302,359,0
3,543,539.0,4.000000000000112,359,1
3,543,539.0,4.000000000000002,359,0
4,533,539.0,4.000000000000002,359,0
4,533,539.0,4.000000000000112,359,1
5,534,537.6,4.3358966777358665,359,1
5,534,537.6,4.335896677735764,359,0
1,534,536.2,4.086563348340629,359,1
1,534,536.2,4.086563348340522,359,0
3,543,537.4,5.128352561983334,359,1
3,543,537.4,5.128352561983248,359,0
4,535,535.8,4.086563348340522,359,0
4,535,535.8,4.086563348340629,359,1
5,537,536.6,3.7815340802379414,359,1
0,537,536.6,3.781534080237825,359,0
0,537,537.2,3.492849839314739,359,1
1,539,537.6,3.577708763999678,359,0
1,539,538.2,3.0331501776207754,359,1
4,535,537.8,3.346640106136308,359,0
4,535,536.6,1.673320053068456,359,1
0,546,546.2,16.238842323269257,360,1
1,555,542.8,10.109401564880114,360,0
1,555,542.8,10.10940156488016,360,1
2,538,545.0,6.284902544988326,360,0
2,538,545.0,6.284902544988398,360,1
3,535,543.4,7.765307463326915,360,0
3,535,543.4,7.765307463326973,360,1
4,556,546.0,9.565563234854531,360,0
5,526,542.0,13.095800853708822,360,0
5,556,546.0,9.56556323485458,360,1
2,538,538.6,10.899541274751002,360,0
5,538,544.4,10.212737145349504,360,1
5,539,538.8,10.89495295997191,360,0
0,555,544.4,10.212737145349504,360,1
0,555,542.8,12.676750372236604,360,0
1,520,535.6,13.501851724856143,360,0
1,520,540.8,15.056560032092367,360,1
2,557,541.8,15.023315213360897,360,0
3,557,545.2,16.11521020650991,360,1
3,539,542.0,14.966629547095799,360,0
4,539,542.0,14.966629547095799,360,0
4,539,541.8,15.023315213360908,360,1
0,583,570.6,10.261578825892261,361,0
0,583,571.2,8.95544527089524,361,1
1,558,568.2,11.734564329364792,361,0
1,558,569.0,10.793516572461446,361,1
2,567,570.4,9.736529155710485,361,0
2,567,570.4,9.73652915571046,361,1
5,546,543.4,6.985699678629297,362,1
2,546,542.4,6.107372593841054,362,0
2,574,548.2,15.594870951694377,362,1
4,537,540.8,6.300793600809404,362,0
4,537,547.2,16.238842323269264,362,1
5,541,540.6,6.268971207463049,362,0
5,541,549.0,14.543039572249018,362,1
0,543,542.8,4.024922359499703,362,0
0,543,548.2,14.788509052639519,362,1
1,577,548.8,16.099689437998517,362,0
1,577,554.4,19.411336893681515,362,1
2,559,551.4,16.57709262808171,362,1
2,559,551.4,16.577092628081715,362,0
4,597,554.8,14.498275759551587,362,0
4,597,554.8,14.498275759551586,362,1
3,546,544.4,1.3416407864997801,363,0
3,544,544.2,1.3038404810404083,363,1
5,541,543.6,1.9493588689617318,363,0
5,541,543.4,1.8165902124584061,363,1
1,545,543.6,1.9493588689617318,363,0
1,545,543.8,1.9235384061670557,363,1
3,549,544.8,3.0331501776205902,363,0
3,549,545.0,2.9154759474226,363,1
4,544,545.0,2.9154759474226233,363,0
4,544,544.6,2.880972058177537,363,1
5,543,544.4,2.9664793948382373,363,0
5,543,544.4,2.966479394838214,363,1
0,533,542.8,5.932958789676507,363,0
1,533,542.8,5.932958789676495,363,1
1,546,543.0,6.04152298679726,363,0
2,541,541.4,5.029910535983685,363,0
2,541,542.0,5.830951894845262,363,1
3,553,542.8,7.1554175279993055,363,1
3,553,543.2,7.293833011524155,363,0
4,545,543.6,7.334848328356866,363,0
4,545,543.0,7.211102550927956,363,1
1,558,559.0,7.615773105863923,364,0
2,563,557.2,3.962322551231808,364,0
2,558,558.6,11.26055060820737,364,1
3,575,561.0,8.746427842267957,364,0
3,575,564.8,9.628083921528697,364,1
4,565,563.6,7.197221686178641,364,0
0,531,531.4,2.509980079602005,365,1
1,538,532.6,3.9115214431215715,365,0
1,534,533.2,3.834057902536142,365,0
2,543,536.2,4.549725266430894,365,0
2,538,532.6,3.911521443121442,365,1
3,547,535.8,7.328028384224436,365,1
2,538,537.8,5.89067059000918,365,1
2,547,538.6,6.503845016603608,365,0
3,537,539.8,5.167204273105477,365,0
3,537,538.2,5.718391382198246,365,1
4,541,540.4,5.079370039680072,365,0
4,541,540.2,4.086563348340394,365,1
5,542,542.0,3.60555127546393,365,0
5,542,541.0,3.9370039370057808,365,1
0,542,540.0,2.3452078799115057,365,1
0,542,541.8,3.563705936241033,365,0
1,554,543.2,6.379655163094581,365,0
1,554,543.2,6.379655163094544,365,1
2,557,547.2,7.661592523751124,365,0
2,557,547.2,7.661592523751093,365,1
3,545,548.0,7.035623639735076,365,0
3,545,548.0,7.035623639735041,365,1
4,535,546.6,8.96102672688789,365,0
4,535,546.6,8.961026726887864,365,1
0,540,543.2,3.7682887362834774,366,0
0,540,541.8,3.2710854467591237,366,1
1,549,543.6,4.335896677735682,366,1
5,549,543.6,4.335896677735868,366,0
5,544,544.6,3.507135583349936,366,1
0,551,545.4,4.505552130427452,366,1
0,551,546.0,4.472135954999681,366,0
1,551,546.8,5.01996015920455,366,0
1,551,547.0,4.847679857416264,366,1
2,556,550.2,4.324349662087848,366,1
2,556,549.4,5.85662018573862,366,0
3,560,552.4,6.024948132556771,366,1
3,560,553.4,4.505552130427655,366,0
4,546,552.8,5.357238094391654,366,0
2,527,537.0,6.964194138592076,367,1
2,536,539.6,9.8132563402777,367,0
4,546,541.0,10.198039027185594,367,0
4,546,539.6,7.50333259292164,367,1
5,542,539.2,7.259476565152626,367,1
3,542,541.0,10.198039027185594,367,0
3,577,546.8,18.376615575235846,367,1
4,546,547.6,18.201648277010538,367,1
4,545,544.6,6.542170893518487,367,0
0,530,548.2,17.383900597967095,367,1
0,530,539.8,6.7230945255886745,367,0
1,523,537.2,10.183319694480806,367,0
2,532,534.4,9.016651263079924,367,0
3,556,537.2,13.179529581893295,367,0
3,523,543.6,20.815859338494793,367,1
4,532,534.6,12.521980673998845,367,0
1,533,534.8,8.043631020876113,368,0
1,527,532.0,7.778174593052049,368,0
1,624,537.4,9.235799911214967,368,1
2,536,536.0,8.689073598491289,368,1
2,536,532.0,7.778174593052049,368,0
3,538,531.2,6.6105975524153875,368,0
3,538,534.6,7.334848328356785,368,1
0,647,533.0,6.4031242374327215,368,1
0,647,533.4,4.159326868617106,368,0
1,548,535.4,9.3701654200979,368,1
1,548,536.4,7.7006493232714,368,0
4,548,540.6,6.985699678629213,368,0
5,533,540.0,7.582875444051567,368,0
5,548,540.6,6.985699678629086,368,1
2,542,540.8,7.529940238806698,368,0
2,542,541.8,6.496152707564568,368,1
0,545,534.4,11.82370500308589,369,1
2,549,540.8,8.136338242723234,369,0
2,549,540.8,8.136338242723108,369,1
5,542,540.2,7.854934754662095,369,1
5,542,540.2,7.854934754662225,369,0
0,566,547.6,11.326958991715216,369,1
0,566,547.6,11.326958991715307,369,0
1,555,551.4,9.502631214563582,369,1
1,555,551.4,9.50263121456369,369,0
2,549,552.2,8.983317872590298,369,0
3,557,553.8,8.983317872590298,369,0
3,549,552.2,8.983317872590185,369,1
0,545,545.8,18.212632978237913,370,0
0,545,548.2,14.703741020570309,370,1
0,531,537.2,9.757048734120321,370,0
0,531,546.4,16.410362579784817,370,1
0,545,537.4,9.939818911831297,370,0
1,557,544.2,9.230384607371407,370,0
2,534,542.4,10.334408546211,370,0
3,545,547.8,15.801898620102643,370,1
3,547,542.8,10.497618777608519,370,0
4,544,541.8,6.058052492344501,370,1
4,544,545.4,8.203657720797422,370,0
2,545,545.4,8.203657720797422,370,0
0,541,539.6,1.1401754250998566,371,0
0,541,539.6,1.1401754250994078,371,1
1,540,539.8,1.0954451150106124,371,1
1,540,539.8,1.0954451150110796,371,0
2,542,540.2,1.48323969741933,371,1
2,542,540.2,1.4832396974196749,371,0
3,536,539.4,2.4083189157587874,371,0
3,536,539.4,2.408318915758575,371,1
4,537,539.2,2.5884358211090728,371,1
4,537,539.2,2.5884358211092704,371,0
5,542,539.4,2.7928480087539036,371,1
5,542,539.4,2.7928480087540866,371,0
1,536,538.6,3.130495168499811,371,1
1,536,538.6,3.1304951684999742,371,0
3,544,539.0,3.7416573867740324,371,1
3,544,539.0,3.741657386774169,371,0
0,541,540.0,3.3911649915628854,371,0
0,541,540.0,3.3911649915627344,371,1
1,541,540.8,2.949576240750641,371,1
1,541,540.8,2.949576240750815,371,0
2,539,540.2,2.949576240750641,371,1
2,539,540.2,2.949576240750815,371,0
3,541,541.2,1.7888543820000073,371,1
0,537,536.8,2.1679483388679133,372,1
0,544,539.4,2.7928480087537393,372,0
1,549,539.0,5.958187643906503,372,1
1,549,541.6,4.929503017546463,372,0
0,544,542.8,4.549725266430895,372,0
0,544,541.2,5.167204273105534,372,1
1,539,541.4,5.029910535983719,372,1
1,539,542.6,4.72228758124701,372,0
2,549,543.6,5.549774770204644,372,1
2,549,545.0,4.183300132670342,372,0
3,538,543.8,5.263078946776271,372,0
3,538,543.8,5.263078946776296,372,1
5,544,542.8,4.438468204234409,372,1
5,544,542.8,4.43846820423438,372,0
2,541,542.2,4.43846820423438,372,0
2,541,542.2,4.438468204234409,372,1
3,537,541.8,4.868264577855177,372,0
4,537,541.8,4.8682645778552045,372,1
5,529,537.8,5.6302753041036295,372,0
0,535,539.0,3.5355339059326822,372,1
0,543,538.8,6.099180272790703,372,0
1,544,538.8,6.099180272790703,372,0
2,535,537.6,6.1481704595757,372,0
2,544,540.2,4.086563348340455,372,1
3,533,536.8,6.496152707564625,372,0
3,533,538.0,4.472135954999536,372,1
0,567,560.4,15.741664460913897,373,0
1,564,556.8,10.871982339941487,373,0
2,545,556.8,10.871982339941487,373,0
3,558,559.4,8.67755725996664,373,0
4,553,557.4,8.79204185613329,373,0
4,702,561.6,13.685759021698468,373,1
0,539,541.6,2.792848008753822,374,1
0,539,541.6,2.792848008753851,374,0
1,543,541.4,2.6076809620811012,374,1
1,543,541.4,2.6076809620811323,374,0
2,540,541.2,2.6832815729998223,374,0
2,540,541.2,2.6832815729997916,374,1
3,537,540.8,3.1937438845342863,374,1
3,537,540.8,3.1937438845343116,374,0
4,542,540.2,2.387467277262713,374,0
4,542,540.2,2.387467277262678,374,1
5,543,541.0,2.5495097567964344,374,0
5,543,541.0,2.549509756796402,374,1
2,542,540.8,2.387467277262713,374,0
2,542,540.8,2.387467277262678,374,1
3,538,540.4,2.701851217221301,374,0
3,538,540.4,2.7018512172212703,374,1
5,542,541.4,1.9493588689618577,374,0
5,542,541.4,1.9493588689618158,374,1
0,537,540.4,2.701851217221301,374,0
0,537,540.4,2.7018512172212703,374,1
1,537,539.2,2.588435821108971,374,1
1,537,539.2,2.5884358211090026,374,0
2,536,538.0,2.345207879911774,374,0
2,536,538.0,2.345207879911739,374,1
3,538,538.0,2.345207879911739,374,1
3,538,538.0,2.345207879911774,374,0
4,538,537.2,0.8366600265342343,374,0
4,538,537.2,0.8366600265341367,374,1
1,546,540.4,4.722287581247086,375,1
0,540,540.4,4.722287581247086,375,1
0,540,539.0,5.477225575051713,375,0
1,543,540.8,4.868264577855295,375,0
1,543,540.8,4.8682645778552835,375,1
2,540,540.4,4.827007354458927,375,0
2,540,540.4,4.827007354458916,375,1
3,538,541.4,3.1304951684998015,375,0
3,538,541.4,3.1304951684997833,375,1
4,542,540.6,1.949358868961936,375,0
4,542,540.6,1.9493588689619068,375,1
1,546,541.8,3.0331501776207213,375,0
1,546,541.8,3.0331501776207026,375,1
2,541,541.4,2.966479394838365,375,0
2,541,541.4,2.966479394838346,375,1
3,538,541.0,3.316624790355474,375,1
3,538,541.0,3.316624790355491,375,0
5,542,541.8,2.8635642126553766,375,0
5,542,541.8,2.8635642126553567,375,1
0,537,540.8,3.5637059362411696,375,0
0,537,540.8,3.5637059362411536,375,1
1,537,539.0,2.345207879911816,375,0
1,537,539.0,2.345207879911792,375,1
2,537,538.2,2.1679483388679937,375,0
2,537,538.2,2.1679483388679675,375,1
3,538,538.2,2.1679483388679675,375,1
3,538,538.2,2.1679483388679937,375,0
4,538,537.4,0.5477225575056694,375,0
4,538,537.4,0.5477225575055656,375,1
2,543,540.2,1.788854382000049,376,0
3,536,539.4,2.607680962081007,376,1
3,536,539.4,2.6076809620812034,376,0
4,538,539.0,2.6457513110647315,376,0
4,538,539.0,2.6457513110645383,376,1
5,542,539.8,2.863564212655228,376,1
5,542,539.8,2.8635642126554064,376,0
1,536,539.0,3.3166247903555166,376,0
1,536,539.0,3.3166247903553625,376,1
3,544,539.2,3.6331804249169464,376,1
3,544,539.2,3.633180424917087,376,0
4,541,540.2,3.193743884534364,376,0
4,541,540.2,3.193743884534204,376,1
5,541,540.8,2.9495762407506305,376,0
5,541,540.8,2.949576240750457,376,1
0,537,539.8,3.2710854467591552,376,1
0,537,539.8,3.2710854467593116,376,0
1,541,540.8,2.4899799195976655,376,1
1,541,540.8,2.489979919597871,376,0
2,539,539.8,1.7888543819999894,376,0
2,539,539.8,1.7888543819997034,376,1
3,541,539.8,1.7888543819997034,376,1
3,541,539.8,1.7888543819999894,376,0
4,534,538.4,2.9664793948383523,376,0
4,534,538.4,2.9664793948381796,376,1
1,499,533.4,20.887795479657495,377,0
1,499,519.8,16.238842323269193,377,1
2,515,521.0,15.443445211480466,377,1
2,515,525.4,18.00833140521353,377,0
3,516,520.2,15.610893632332488,377,1
3,516,520.2,15.610893632332512,377,0
4,540,520.6,16.195678435928514,377,0
4,540,520.6,16.195678435928492,377,1
1,518,517.6,14.63898903613224,377,0
1,518,517.6,14.638989036132218,377,1
4,544,543.6,8.049844718999218,378,0
4,547,551.6,10.114346246792206,378,1
5,547,546.0,6.480740698407825,378,0
5,547,547.8,6.140032573203474,378,1
2,545,547.6,4.335896677735708,378,0
3,548,546.2,1.6431676725153717,378,0
3,545,545.6,4.098780306383786,378,1
4,559,548.6,6.024948132556787,378,0
5,559,551.6,6.841052550594787,378,0
2,532,520.6,9.316651759081708,379,0
3,532,527.0,15.264337522473737,379,1
4,519,520.0,9.300537618869152,379,0
2,529,521.6,10.163660757817542,379,0
3,524,522.0,10.222524150130448,379,0
3,517,524.2,15.626899884494037,379,1
4,532,527.2,5.630275304103715,379,0
0,508,522.4,9.449867723941967,379,0
0,532,523.4,14.959946523968593,379,1
0,529,533.6,3.646916505762114,380,0
1,529,532.0,4.062019202317887,380,1
1,541,534.6,4.929503017546507,380,0
2,527,531.8,4.324349662087836,380,1
2,527,533.2,6.016643582596546,380,0
3,520,529.0,6.519202405202583,380,1
3,520,529.6,7.602631123499307,380,0
5,536,528.6,5.856620185738452,380,1
5,536,530.6,8.142481194328932,380,0
1,528,528.0,5.700877125495612,380,1
1,528,530.4,8.20365772079749,380,0
2,525,527.2,5.805170109480017,380,0
3,529,527.6,5.856620185738548,380,0
3,525,527.2,5.805170109479923,380,1
4,534,530.4,4.505552130427546,380,0
4,534,528.6,6.5421708935183815,380,1
5,527,530.0,4.743416490252468,380,1
0,528,528.4,3.361547262794179,380,1
0,527,528.6,3.361547262794347,380,0
2,535,529.8,4.438468204234329,380,1
2,535,530.0,4.358898943540693,380,0
3,522,529.4,5.319774431308165,380,0
3,522,529.2,5.357238094391483,380,1
4,524,528.4,5.856620185738536,380,0
4,524,527.2,4.9699094559156105,380,1
4,543,549.2,6.14003257320348,381,1
4,555,551.0,6.28490254498829,381,0
1,536,549.0,9.192388155425133,381,0
1,536,547.2,8.584870412533894,381,1
5,538,565.0,25.18928343562002,382,0
5,538,564.0,26.636441203734428,382,1
0,580,565.0,25.18928343562002,382,0
0,580,573.6,20.057417580536164,382,1
2,561,569.8,20.339616515559015,382,0
5,568,566.4,18.50135130199956,382,0
0,561,569.8,20.339616515559015,382,1
1,575,567.8,18.91295852054884,382,1
1,578,565.0,16.941074346097437,382,0
2,577,572.8,8.043631020876129,382,0
3,572,571.2,6.9785385289472055,382,0
4,564,571.8,5.932958789676562,382,0
2,555,541.4,9.071934744033364,383,1
5,547,544.2,8.348652585896742,383,0
5,547,542.8,9.33809402394299,383,1
1,534,542.6,9.555103348473,383,1
2,535,543.2,8.786353054595518,383,1
3,534,542.6,9.555103348473024,383,0
3,525,539.2,11.79830496300211,383,1
4,543,544.8,7.563068160475633,383,0
4,543,536.8,8.555699854483006,383,1
5,549,545.6,7.7974354758471875,383,0
5,549,537.2,9.176055797563581,383,1
0,551,540.6,10.714476188783104,383,1
0,551,544.8,6.7230945255886745,383,0
1,550,543.6,10.85357084097211,383,1
1,550,545.4,7.092249290598886,383,0
2,555,549.6,4.335896677735812,383,0
2,555,549.6,4.335896677735742,383,1
3,542,549.4,4.722287581247075,383,0
3,542,549.4,4.722287581247011,383,1
4,558,551.2,6.0580524923443555,383,1
2,589,558.0,5.830951894845358,384,1
0,580,570.8,13.160547101089636,384,0
0,580,562.8,11.189280584559533,384,1
1,558,569.2,14.324803663575953,384,0
1,558,562.4,11.349008767288927,384,1
3,555,570.2,12.735776379946335,384,0
3,555,561.8,11.713240371477093,384,1
1,542,539.0,3.082207001484448,385,1
1,542,539.0,3.0822070014847163,385,0
2,529,537.4,5.504543577809126,385,1
2,529,537.4,5.504543577809276,385,0
1,549,540.2,7.2594765651527,385,0
1,549,540.2,7.259476565152585,385,1
2,546,541.6,7.635443667528399,385,1
2,546,541.6,7.635443667528508,385,0
3,538,540.8,7.791020472313056,385,0
1,537,539.8,7.91833315793173,385,0
2,538,541.6,5.50454357780927,385,0
3,538,540.8,7.79102047231295,385,1
3,529,537.6,6.0249481325569425,385,0
4,535,535.4,3.7815340802379986,385,0
5,535,539.4,8.142481194328878,385,1
5,529,533.6,4.335896677735929,385,0
0,533,532.8,3.8987177379237763,385,0
0,533,540.2,6.978538528947134,385,1
1,539,533.0,4.242640687119452,385,0
1,539,538.2,4.969909455915644,385,1
2,534,534.0,3.6055512754641854,385,0
2,534,535.8,2.588435821108922,385,1
3,544,537.0,4.527692569068685,385,1
3,544,535.8,5.8051701094801285,385,0
4,557,541.4,9.762171889492715,385,0
4,557,541.4,9.762171889492619,385,1
1,631,535.4,3.361547262794301,386,0
1,631,538.0,4.242640687119483,386,1
0,593,544.0,19.30025906561878,386,0
0,593,545.6,18.568791021496295,386,1
2,542,545.6,18.582249594707307,386,0
2,542,545.8,18.512158166999367,386,1
5,538,547.2,17.340703561274605,386,1
0,558,550.6,17.48713813063766,386,1
0,538,545.2,18.75366630821824,386,0
1,554,554.0,15.74801574802367,386,1
1,554,549.8,17.152259326397786,386,0
2,561,554.6,15.993748778819803,386,0
2,561,550.6,10.089598604503621,386,1
3,546,551.4,9.370165420098052,386,1
4,546,548.2,9.284395510748137,386,0
4,542,552.2,8.012490249604149,386,1
1,545,543.2,2.4899799195977557,387,0
2,537,541.6,3.4351128074635486,387,0
2,545,543.6,1.673320053067885,387,1
0,560,546.6,7.635443667528366,387,1
0,560,545.8,8.5264294989169,387,0
1,547,546.6,8.384509526501853,387,0
2,542,546.2,8.584870412533924,387,0
2,547,547.8,6.978538528947087,387,1
3,548,546.8,8.584870412533924,387,0
3,548,548.8,6.457553716385101,387,1
4,547,548.8,6.685805860178748,387,0
5,538,544.4,4.277849927241521,387,0
2,551,545.2,5.1672042731055425,387,0
3,548,549.6,5.941380311005104,387,1
3,540,544.8,5.5407580708780335,387,0
5,537,542.6,6.107372593840993,387,0
0,544,542.0,5.700877125495698,387,0
1,548,544.0,5.700877125495698,387,0
2,544,542.6,4.219004621945807,387,0
3,547,544.0,4.3011626335213204,387,0
3,537,548.0,8.154753215149988,387,1
4,544,545.4,1.9493588689618067,387,0
4,529,540.2,9.444575162494104,388,1
5,543,540.6,9.528903399657267,388,0
5,543,541.4,9.31665175908172,388,1
0,539,541.0,9.380831519646847,388,0
0,539,538.2,5.403702434442556,388,1
1,564,542.8,12.93058390019572,388,1
1,564,542.8,12.930583900195694,388,0
2,539,542.8,12.93058390019572,388,1
2,539,542.8,12.930583900195694,388,0
3,541,545.2,10.639548862616326,388,0
3,541,545.2,10.639548862616355,388,1
4,543,545.2,10.639548862616326,388,0
4,543,545.2,10.639548862616355,388,1
5,534,544.2,11.562871615649826,388,0
0,534,544.2,11.562871615649852,388,1
0,526,536.6,6.804410334481656,388,0
1,542,539.8,3.563705936241282,388,1
1,542,537.2,7.190271204899069,388,0
2,555,543.0,7.58287544405164,388,1
2,555,540.0,10.839741694339436,388,0
3,539,542.6,7.76530746332696,388,1
3,539,539.2,10.709808588392267,388,0
4,542,542.4,7.76530746332696,388,1
4,540,550.6,18.201648277010523,389,0
4,540,547.6,20.815859338494775,389,1
0,543,542.6,1.816590212458588,389,0
0,543,539.6,6.730527468185559,389,1
1,539,541.4,1.816590212458588,389,0
1,539,538.4,6.024948132556857,389,1
2,540,540.8,1.6431676725155944,389,0
2,540,538.0,5.787918451395141,389,1
3,552,542.8,5.357238094391589,389,0
4,541,543.0,5.244044240850802,389,0
4,552,542.8,5.357238094391593,389,1
5,542,543.2,5.167204273105575,389,1
0,542,542.8,5.263078946776351,389,0
0,541,542.8,5.2630789467763535,389,1
4,516,525.6,8.384509526501791,390,1
1,537,526.6,9.555103348472965,390,1
1,516,525.6,8.384509526501816,390,0
0,535,526.2,9.038805230781312,390,0
0,535,528.2,10.281050529979861,390,1
1,532,527.2,9.41806774237686,390,0
1,532,531.0,8.573214099741067,390,1
3,530,529.6,7.89303490426841,390,0
3,530,530.0,8.276472678623366,390,1
4,535,529.6,7.89303490426841,390,0
4,535,533.8,2.7748873851021507,390,1
1,534,542.0,5.6124860801609815,391,0
1,541,540.4,4.615192303685629,391,1
2,549,541.0,5.612486080160825,391,1
2,549,544.0,6.04152298679735,391,0
4,542,540.8,5.540758070877941,391,1
4,542,542.8,5.630275304103766,391,0
5,536,540.4,5.856620185738448,391,1
1,542,542.0,4.636809247747754,391,1
1,536,540.8,5.9749476985159164,391,0
2,548,543.4,5.272570530585544,391,1
3,542,542.0,4.242640687119178,391,1
3,548,541.8,6.797058187186623,391,0
4,538,541.2,4.604345773288442,391,1
5,544,542.8,3.6331804249168633,391,1
5,538,542.6,5.8137767414995265,391,0
0,549,542.6,5.8137767414995265,391,0
1,549,544.2,4.494441010848738,391,1
1,545,543.2,5.890670590009326,391,0
2,554,546.8,5.890670590009326,391,0
2,554,545.4,6.228964600958905,391,1
3,545,546.0,5.958187643906422,391,1
3,545,546.2,5.890670590009326,391,0
4,556,549.8,5.0695167422547085,391,0
4,556,549.6,5.319774431308072,391,1
1,545,552.6,14.328293687665685,392,0
2,546,552.8,14.202112518917744,392,1
2,546,552.4,14.432601983010555,392,0
3,541,545.0,2.9154759474226553,392,0
3,541,551.6,15.043270920913452,392,1
4,549,546.0,3.3166247903554043,392,0
2,549,545.8,3.4205262752974828,392,1
2,538,543.8,4.324349662087925,392,0
4,535,544.0,6.000000000000042,392,1
4,535,541.8,5.718391382198305,392,0
5,522,538.6,10.691117808723305,392,1
5,522,537.0,9.874208829065738,392,0
0,540,536.8,9.78263768111647,392,0
1,533,533.6,7.0213958726167585,392,0
2,545,535.0,8.631338250816016,392,0
3,541,536.2,9.038805230781312,392,0
4,556,543.0,8.455767262643848,392,0
4,536,541.0,7.416198487095679,393,0
4,536,538.8,6.760177512462235,393,1
1,649,539.8,6.418722614352506,393,0
1,649,537.4,4.4497190922573955,393,1
1,541,540.0,6.4420493633625835,393,0
5,541,539.2,3.4205262752974135,393,1
5,542,538.6,4.449719092257425,393,0
0,561,543.0,10.511898020814321,393,1
0,561,544.4,9.607288899580377,393,0
1,544,546.0,8.455767262643905,393,0
1,544,544.8,9.523654760647302,393,1
3,566,550.8,11.777096416349845,393,1
3,566,550.8,11.777096416349856,393,0
4,556,553.8,10.497618777608604,393,0
1,540,539.6,2.7018512172208653,394,1
1,540,539.6,2.7018512172208653,394,0
2,543,540.6,2.8809720581772127,394,1
2,543,540.6,2.8809720581772127,394,0
3,536,539.6,3.5071355833497333,394,0
3,536,539.6,3.5071355833497333,394,1
4,537,539.8,3.27108544675889,394,1
4,537,539.8,3.27108544675889,394,0
5,542,539.6,3.0495901363950115,394,0
5,542,539.6,3.0495901363950115,394,1
1,536,538.8,3.420526275297079,394,1
1,536,538.8,3.420526275297079,394,0
3,544,539.0,3.741657386773627,394,0
3,544,539.0,3.741657386773627,394,1
4,541,540.0,3.3911649915622872,394,1
4,541,540.0,3.3911649915622872,394,0
5,541,540.8,2.949576240750127,394,1
5,541,540.8,2.949576240750127,394,0
0,537,539.8,3.2710854467588573,394,0
0,537,539.8,3.2710854467588573,394,1
1,541,540.8,2.4899799195972747,394,0
1,541,540.8,2.4899799195972747,394,1
2,539,539.8,1.7888543819991594,394,0
2,539,539.8,1.7888543819991594,394,1
3,541,539.8,1.7888543819991594,394,0
3,541,539.8,1.7888543819991594,394,1
4,534,538.4,2.9664793948378514,394,0
4,534,538.4,2.9664793948378514,394,1
1,578,579.0,5.147815070493586,395,1
1,578,565.4,20.255863348670225,395,0
1,539,571.4,18.796276226955186,395,1
1,539,564.2,21.879213879845004,395,0
2,547,565.2,20.692993983471847,395,0
2,547,564.2,20.09228707738372,395,1
3,544,558.6,21.243822631532264,395,0
3,544,556.0,17.705931209625806,395,1
5,544,550.4,15.693947878083533,395,0
0,549,544.6,3.7815340802381225,395,0
0,544,550.4,15.693947878083485,395,1
1,547,546.2,2.167948338868418,395,0
1,547,544.2,3.271085446759358,395,1
0,542,538.2,2.9495762407503014,396,0
0,542,537.2,3.4205262752974432,396,1
4,537,537.8,2.9495762407503014,396,0
4,537,536.8,3.2710854467592605,396,1
1,543,538.6,3.7815340802378388,396,1
1,543,538.6,3.7815340802376265,396,0
2,538,539.4,2.880972058177342,396,0
2,538,539.4,2.880972058177621,396,1
3,543,540.6,2.880972058177621,396,1
3,543,540.6,2.880972058177342,396,0
5,533,538.8,4.266145801540323,396,1
5,533,538.8,4.266145801540135,396,0
1,534,538.2,4.76445169982866,396,1
1,534,538.2,4.764451699828491,396,0
5,543,538.2,4.76445169982866,396,1
0,543,538.2,4.764451699828491,396,0
0,537,538.0,4.795831523312741,396,1
1,540,537.4,4.159326868617112,396,1
1,540,538.6,4.827007354458722,396,0
2,535,537.0,4.3011626335211535,396,0
2,535,537.8,3.7013511046643788,396,1
5,551,550.6,3.8470768123342824,397,0
5,552,550.2,3.898717737923532,397,1
0,558,553.4,2.792848008753804,397,0
0,558,553.0,3.316624790355324,397,1
1,565,556.0,5.7008771254956985,397,0
1,565,555.6,6.188699378706275,397,1
2,562,558.2,5.403702434442456,397,1
2,562,557.6,6.107372593840994,397,0
3,552,557.6,6.107372593840994,397,0
4,556,558.6,5.079370039680121,397,0
4,552,557.8,5.848076606885309,397,1
3,542,561.6,15.175638372075134,398,0
3,594,574.6,10.114346246792234,398,1
4,594,567.6,17.213366899011913,398,0
4,584,575.4,10.784247771634341,398,1
2,539,544.8,10.256705123966462,399,1
0,536,544.2,10.756393447619889,399,1
0,536,544.2,10.756393447619894,399,0
2,543,544.6,10.644247272588144,399,0
2,543,544.6,10.64424727258814,399,1
1,538,543.8,11.031772296417287,399,1
1,538,543.8,11.03177229641729,399,0
3,540,539.2,2.5884358211088916,399,1
3,540,539.2,2.588435821108908,399,0
5,542,539.8,2.8635642126552163,399,1
5,542,539.8,2.8635642126552314,399,0
0,537,540.0,2.549509756796359,399,0
0,537,540.0,2.549509756796342,399,1
1,537,538.8,2.1679483388678347,399,0
1,537,538.8,2.167948338867815,399,1
2,536,538.4,2.5099800796021694,399,1
2,536,538.4,2.5099800796021863,399,0
3,538,538.0,2.345207879911669,399,0
3,538,538.0,2.3452078799116514,399,1
4,538,537.2,0.8366600265339413,399,0
4,538,537.2,0.8366600265338904,399,1
0,1016,550.6,11.545561917897285,400,1
2,1016,541.6,12.218837915284784,400,0
2,554,550.4,11.45862120850498,400,1
3,535,542.4,11.458621208505011,400,0
3,535,546.2,12.676750372236578,400,1
4,531,541.0,12.50999600319684,400,0
4,531,541.4,13.049904214207867,400,1
2,521,535.8,9.523654760647236,401,1
1,551,538.0,11.74734012447073,401,0
1,551,538.0,11.747340124470675,401,1
1,524,535.6,13.371611720357425,401,0
1,524,535.6,13.371611720357377,401,1
2,563,541.2,18.088670487352015,401,0
2,563,541.2,18.08867048735198,401,1
3,532,538.2,18.130085493455343,401,0
3,532,538.2,18.130085493455308,401,1
4,549,545.0,3.3166247903553954,402,1
4,549,546.0,1.8708286933869953,402,0
0,540,545.0,3.3166247903554136,402,0
0,540,544.2,4.024922359499626,402,1
1,545,544.0,3.9370039370059127,402,1
2,536,543.2,5.167204273105541,402,1
0,545,545.2,3.2710854467592396,402,0
3,542,544.4,3.507135583350049,402,0
3,551,544.2,6.220932405998324,402,1
1,541,542.6,5.683308895353145,402,1
3,545,543.6,5.549774770204657,402,1
4,538,542.2,5.974947698515881,402,1
0,541,543.4,3.646916505762102,402,0
0,538,542.6,5.504543577809169,402,1
1,536,540.8,3.271085446759218,402,0
1,536,539.6,3.5071355833500726,402,1
4,541,541.2,5.540758070878081,403,1
0,541,541.4,6.1886993787063895,403,0
0,533,538.2,4.969909455915747,403,1
1,532,536.6,5.504543577809228,403,1
3,721,536.4,5.683308895353195,403,1
1,532,534.0,3.937003937005995,403,1
1,721,539.0,7.17635004720372,403,0
2,545,534.8,5.718391382198393,403,1
4,545,541.8,5.890670590009331,403,0
4,539,536.0,5.87367006223544,403,1
0,545,541.4,5.50454357780923,403,0
0,545,538.6,6.503845016603703,403,1
1,536,539.8,5.718391382198385,403,0
1,536,539.4,5.683308895353195,403,1
2,539,539.4,5.6833088953531945,403,0
2,539,540.8,4.024922359499719,403,1
3,540,539.8,3.2710854467593364,403,1
4,539,539.8,3.2710854467593364,403,1
2,535,532.8,7.3280283842244875,404,0
2,536,533.0,7.615773105863941,404,1
3,539,533.0,7.516648189186433,404,0
3,539,536.8,2.588435821109059,404,1
4,540,533.6,8.01872807869176,404,0
0,536,536.8,2.5884358211088667,404,0
0,540,536.8,2.588435821109059,404,1
1,538,537.6,2.0736441353326684,404,0
1,538,537.6,2.0736441353329083,404,1
2,540,538.6,1.6733200530680143,404,0
2,540,538.6,1.6733200530683117,404,1
4,535,538.4,2.0736441353328914,404,1
4,535,537.8,2.2803508501981677,404,0
0,531,536.8,3.834057902536216,404,1
1,531,536.0,3.3911649915625564,404,0
2,542,537.2,4.324349662087862,404,0
3,533,536.2,4.658325879540789,404,0
4,546,537.4,6.348228099241518,404,0
4,540,536.8,3.834057902536216,404,1
2,630,553.6,8.848728722251558,405,0
0,721,552.6,8.792041856133292,405,0
1,545,548.6,5.77061521850139,405,0
2,555,550.0,6.403124237432836,405,0
3,542,550.0,6.403124237432836,405,0
4,558,550.2,6.685805860178691,405,0
2,543,540.2,2.1679483388675544,406,0
3,529,538.6,5.504543577809049,406,1
3,529,538.6,5.504543577809028,406,0
4,540,538.4,5.412947441089618,406,0
4,540,538.4,5.4129474410896385,406,1
1,540,538.4,5.4129474410896385,406,1
1,540,538.4,5.412947441089618,406,0
2,543,539.0,5.787918451394995,406,0
2,543,539.0,5.787918451395014,406,1
3,536,537.6,5.412947441089618,406,0
3,536,537.6,5.4129474410896385,406,1
4,537,539.2,2.7748873851020712,406,0
4,537,539.2,2.774887385102112,406,1
1,542,539.6,3.0495901363951523,406,0
1,542,539.6,3.0495901363951896,406,1
3,544,540.4,3.646916505761906,406,0
3,544,540.4,3.6469165057619377,406,1
4,541,540.0,3.39116499156243,406,0
4,541,540.0,3.391164991562463,406,1
0,542,538.8,4.438468204234458,407,0
2,540,539.4,4.335896677735787,407,1
2,540,539.4,4.335896677735792,407,0
3,543,539.4,4.335896677735787,407,1
3,543,539.4,4.335896677735792,407,0
4,533,539.6,3.9115214431216314,407,1
4,533,539.6,3.911521443121638,407,0
1,534,538.4,4.615192303685763,407,1
1,534,538.4,4.6151923036857685,407,0
3,543,538.6,4.827007354458899,407,0
3,543,538.6,4.827007354458893,407,1
4,535,537.6,4.9799598391955255,407,0
4,535,537.6,4.97995983919552,407,1
0,537,536.4,3.9749213828704044,407,0
0,537,536.4,3.9749213828703978,407,1
1,540,537.8,3.7013511046644063,407,0
1,540,537.8,3.7013511046643996,407,1
2,535,538.0,3.464101615137823,407,0
2,535,538.0,3.464101615137816,407,1
3,537,536.8,2.0493901531920367,407,0
3,537,536.8,2.0493901531920242,407,1
4,540,537.8,2.1679483388680034,407,0
4,540,537.8,2.167948338867992,407,1
0,539,535.4,4.33589667773581,408,0
1,543,536.0,5.244044240850796,408,0
1,539,537.2,6.1400325732033965,408,1
2,538,537.6,4.037325847637319,408,0
2,538,535.8,4.494441010848719,408,1
3,533,537.0,4.52769256906875,408,0
4,537,538.0,3.6055512754640424,408,0
4,533,534.4,3.9115214431214342,408,1
4,542,538.6,4.037325847637314,408,0
4,542,536.8,4.207136793592395,408,1
0,536,537.2,3.2710854467592876,408,0
0,536,537.6,3.36154726279417,408,1
1,534,536.4,3.507135583350094,408,0
1,534,536.6,3.577708763999524,408,1
2,523,534.4,7.021395872616808,408,0
3,544,535.8,8.258329128825059,408,0
3,523,533.6,6.877499545619694,408,1
4,529,533.2,7.854934754662219,408,0
4,542,540.4,1.3416407865003652,409,1
0,540,540.0,1.000000000000199,409,0
0,540,540.6,1.1401754250997225,409,1
1,548,542.0,3.5355339059329265,409,1
1,548,541.8,3.5637059362411603,409,0
0,535,541.2,4.658325879541,409,1
0,535,540.6,4.722287581247095,409,0
1,546,542.0,5.147815070493551,409,0
3,543,542.4,5.128352561983285,409,0
3,546,542.2,5.118593556828024,409,1
0,540,542.4,5.128352561983285,409,0
0,540,541.8,5.215361924162248,409,1
1,541,542.0,5.147815070493633,409,1
1,541,541.0,4.062019202318041,409,0
2,539,540.2,3.962322551231964,409,1
4,539,541.8,2.774887385102403,409,0
3,538,538.4,1.5165750888102623,410,0
0,541,538.8,1.923538406167104,410,0
0,528,537.2,5.263078946776312,410,0
0,538,538.8,4.086563348340498,410,1
1,552,539.8,8.55569985448299,410,0
1,524,536.6,11.081516141756069,410,0
3,531,535.2,11.300442469213337,410,0
3,552,542.4,6.188699378706324,410,1
4,542,535.4,11.43678276439666,410,0
1,536,537.0,10.677078252031338,410,0
1,542,543.4,5.458937625582479,410,1
2,544,535.4,8.17312669668106,410,0
3,544,544.2,5.1185935568279,410,1
4,541,537.0,4.242640687119299,411,1
4,526,532.2,9.52365476064734,412,0
4,532,532.6,9.449867723941999,412,0
0,532,529.2,2.7748873851024656,412,0
0,532,533.4,8.905054744357331,412,1
0,528,529.4,2.6076809620812047,412,0
1,545,541.8,1.9235384061671519,413,0
1,545,541.8,1.9235384061667806,413,1
0,539,541.6,2.1908902300203636,413,1
0,539,541.6,2.1908902300206896,413,0
1,543,542.0,2.236067977499494,413,1
1,543,542.0,2.2360679774998133,413,0
2,540,541.6,2.4083189157584837,413,0
2,540,541.6,2.408318915758187,413,1
3,537,540.8,3.1937438845340482,413,1
4,537,540.8,3.1937438845342716,413,0
4,541,540.0,2.2360679774994705,413,1
0,543,540.4,2.607680962081063,413,0
0,543,540.8,2.489979919597466,413,1
1,537,539.6,2.607680962080789,413,1
1,537,540.0,3.000000000000005,413,0
2,537,538.8,2.683281572999748,413,0
2,537,539.0,2.8284271247459416,413,1
3,539,538.6,2.6076809620810564,413,0
3,539,539.4,2.607680962080789,413,1
4,538,538.8,2.4899799195977383,413,0
4,538,538.8,2.489979919597459,413,1
1,565,550.4,10.807404868885053,414,0
2,583,555.6,18.37933622305224,414,0
2,583,554.6,17.868967513541442,414,1
3,567,559.8,18.033302526159765,414,0
3,567,556.0,18.654758106177614,414,1
2,541,538.4,4.219004621945786,415,0
0,541,538.4,4.219004621945846,415,1
0,542,539.4,4.393176527297752,415,0
2,541,540.2,4.207136793592519,415,0
2,541,539.2,4.266145801540355,415,1
3,543,540.4,4.3358966777358035,415,1
3,543,540.0,3.999999999999999,415,0
4,533,540.0,3.999999999999999,415,0
4,533,538.2,4.816637831516963,415,1
1,534,538.4,4.560701700396588,415,1
1,534,538.6,4.72228758124704,415,0
4,543,538.8,4.919349550499549,415,0
4,543,538.8,4.919349550499574,415,1
0,537,538.0,4.795831523312755,415,1
0,537,538.0,4.795831523312728,415,0
1,539,537.2,4.0249223594996595,415,1
1,539,537.2,4.024922359499628,415,0
2,535,537.6,3.5777087639997007,415,1
2,535,537.6,3.577708763999665,415,0
3,537,538.2,3.0331501776206626,415,1
3,537,538.2,3.033150177620621,415,0
4,540,537.6,1.9493588689618067,415,0
4,540,537.6,1.9493588689618722,415,1
2,550,571.0,11.874342087037911,416,0
0,539,564.0,18.26198236774967,416,0
0,550,569.6,11.545561917897276,416,1
1,571,563.0,17.564168070250293,416,0
1,571,570.0,11.554220008291335,416,1
4,570,561.8,16.63430190900718,416,0
4,570,569.2,11.344602240713414,416,1
0,721,541.6,11.282730166054725,417,1
1,721,552.0,10.677078252031272,417,0
1,565,547.4,14.638989036132289,417,1
2,562,556.0,9.695359714832614,417,0
2,562,554.6,9.396807968666884,417,1
3,569,560.8,8.786353054595477,417,0
3,569,560.0,8.000000000000085,417,1
4,561,559.2,7.563068160475557,417,0
4,561,561.2,7.496665925596616,417,1
0,570,576.2,8.348652585896748,418,0
1,570,578.4,6.188699378706323,418,1
1,544,569.0,16.140012391568987,418,0
4,559,567.8,16.724233913695432,418,0
4,540,537.6,2.8809720581776035,419,1
3,965,537.0,2.828427124746209,419,1
4,535,537.2,2.5884358211089835,419,1
2,530,536.2,4.147288270665568,419,1
3,548,537.8,6.723094525588674,419,1
0,541,534.6,4.277849927241478,420,1
1,558,539.8,10.940749517286289,420,1
1,541,538.0,4.636809247747785,420,0
1,584,550.4,21.17309613637081,420,1
2,584,548.0,20.530465167647794,420,0
2,526,548.2,23.370922104187525,420,1
3,543,550.4,21.938550544646304,420,1
4,528,547.8,24.004166305039643,420,1
4,543,548.2,20.46216019876688,420,0
1,529,542.0,24.423349483639633,420,1
1,529,545.8,22.151749366585005,420,0
3,530,545.4,22.478878975607284,420,0
3,530,531.2,6.7601775124622545,420,1
4,540,545.2,22.532199182503234,420,0
4,540,534.0,6.96419413859208,420,1
0,523,530.0,6.204836822995452,420,1
0,523,533.0,8.276472678623417,420,0
1,520,528.4,7.700649323271371,420,0
1,520,528.4,7.700649323271397,420,1
3,513,525.2,10.28105052997992,420,1
3,513,525.2,10.2810505299799,420,0
4,514,522.0,10.885770528538623,420,0
4,514,522.0,10.885770528538641,420,1
0,540,536.4,2.8809720581775555,421,0
0,540,537.4,3.5071355833499895,421,1
1,540,537.2,3.271085446759165,421,1
1,540,537.2,3.271085446759192,421,0
2,537,537.2,3.271085446759165,421,1
2,537,537.2,3.271085446759192,421,0
3,543,538.4,4.159326868617062,421,0
3,543,538.4,4.159326868617041,421,1
4,532,538.4,4.159326868617041,421,1
4,532,538.4,4.159326868617062,421,0
1,534,537.2,4.438468204234412,421,0
1,534,537.2,4.438468204234392,421,1
3,542,537.6,4.827007354458853,421,0
3,542,537.6,4.827007354458835,421,1
4,535,537.2,4.969909455915659,421,0
4,535,537.2,4.969909455915642,421,1
0,536,535.8,3.76828873628335,421,0
0,536,535.8,3.7682887362833264,421,1
1,539,537.2,3.2710854467591974,421,1
1,539,537.2,3.2710854467592245,421,0
2,534,537.2,3.2710854467592245,421,0
2,534,537.2,3.2710854467591974,421,1
3,537,536.2,1.923538406167102,421,1
3,537,536.2,1.923538406167148,421,0
4,540,537.2,2.3874672772626635,421,0
4,540,537.2,2.387467277262626,421,1
1,586,579.2,6.300793600809362,422,0
1,586,579.2,6.300793600809325,422,1
2,568,578.8,7.049822692805821,422,0
2,568,578.8,7.0498226928057885,422,1
3,562,574.6,9.685040010242599,422,0
4,566,571.6,9.528903399657278,422,0
4,562,574.6,9.685040010242574,422,1
0,533,537.0,3.674234614174651,423,0
2,541,537.4,4.037325847637168,423,0
2,541,538.6,3.6469165057622592,423,1
3,535,537.2,3.3466401061364905,423,1
3,535,537.6,3.847076812334167,423,0
0,540,537.2,3.3466401061361837,423,0
0,540,537.2,3.3466401061364905,423,1
1,543,538.4,4.21900462194595,423,1
1,543,538.4,4.2190046219457065,423,0
0,541,540.0,2.999999999999879,423,0
0,541,540.0,3.0000000000002216,423,1
2,544,540.6,3.5071355833499296,423,0
2,544,540.6,3.5071355833502222,423,1
3,522,538.0,9.08295106229243,423,0
3,522,538.0,9.082951062292544,423,1
4,537,537.4,9.01665126307995,423,1
3,533,537.6,4.615192303685773,424,1
0,537,536.4,3.507135583350099,424,1
2,531,534.2,2.387467277262757,424,1
4,626,534.2,2.387467277262757,424,1
0,550,537.4,7.436396977031318,424,1
2,541,546.2,10.329569206893334,425,0
2,721,547.2,11.670475568716046,425,1
4,540,541.6,4.39317652729767,425,0
1,523,536.6,8.018728078691742,425,0
2,540,545.0,11.81101181101764,425,1
2,532,534.4,7.30068489937755,425,0
4,548,548.4,8.848728722251472,425,1
4,548,536.8,9.576011695899266,425,0
0,539,536.4,9.39680796866678,425,0
1,544,537.2,9.934787365615803,425,0
2,539,543.6,4.277849927241267,425,1
2,515,535.6,12.973048986263766,425,0
3,548,543.6,4.277849927241267,425,1
3,548,538.8,13.809417076763213,425,0
4,543,537.8,13.141537200799585,425,0
4,543,543.6,4.277849927241267,425,1
2,549,531.0,11.423659658795858,426,1
2,534,526.6,5.412947441089764,426,0
4,542,533.6,12.300406497347957,426,1
4,542,529.6,8.792041856133313,426,0
2,540,537.0,10.908712114635703,426,1
2,540,531.8,9.909591313470008,426,0
4,541,535.4,9.154233993076668,426,0
4,541,541.2,5.357238094391528,426,1
0,550,544.4,4.7222875812470075,426,1
0,550,541.4,5.72712842531059,426,0
1,527,540.0,8.276472678623461,426,0
3,527,540.0,8.276472678623405,426,1
3,547,541.0,8.86002257333471,426,0
4,519,536.8,13.311649033835003,426,0
4,519,535.4,12.300406497347945,426,1
1,536,538.8,4.324349662088024,427,1
3,535,538.6,4.5055521304276205,427,1
3,535,534.2,2.3874672772627408,427,0
0,546,539.0,5.147815070493588,427,1
0,546,537.4,4.827007354458906,427,0
2,538,538.0,4.63680924774795,427,1
2,538,538.0,4.636809247747893,427,0
3,543,539.6,4.722287581247132,427,1
3,543,539.6,4.722287581247076,427,0
4,578,548.0,17.30606829987679,427,0
4,578,548.0,17.306068299876806,427,1
0,543,539.2,2.86356421265542,428,1
1,539,539.2,2.86356421265542,428,1
1,543,537.8,5.7183913821984325,428,0
3,542,539.8,3.1144823004796294,428,1
3,542,538.4,6.024948132556936,428,0
4,536,540.0,2.7386127875260837,428,0
3,536,539.0,3.535533905932862,428,1
3,541,540.4,2.7018512172215163,428,0
4,540,540.4,2.7018512172215163,428,0
4,540,540.0,2.7386127875259914,428,1
0,540,539.8,2.280350850198577,428,0
0,540,539.4,2.1908902300208664,428,1
1,541,539.6,2.0736441353330934,428,0
1,541,539.8,2.2803508501984746,428,1
2,538,539.0,2.0000000000002185,428,1
2,538,540.0,1.2247448713921227,428,0
3,540,539.8,1.0954451150109303,428,0
3,540,539.8,1.0954451150107325,428,1
4,533,538.4,3.20936130717644,428,0
4,533,538.4,3.2093613071763727,428,1
4,533,539.0,5.244044240850788,429,0
0,529,535.8,5.540758070878047,429,0
0,538,537.8,3.9623225512318934,429,1
0,536,537.6,4.037325847637375,429,1
0,536,535.8,5.540758070878047,429,0
2,536,535.6,5.504543577809172,429,0
2,536,536.0,1.870828693387208,429,1
3,537,536.8,0.836660026534608,429,1
3,537,534.2,3.2710854467592583,429,0
4,537,535.0,3.3911649915626634,429,0
4,537,536.8,0.836660026534608,429,1
0,544,538.0,3.3911649915626634,429,0
0,544,538.0,3.391164991562763,429,1
1,532,537.2,4.324349662087962,429,0
1,532,537.2,4.32434966208804,429,1
2,545,528.6,9.864076236526154,430,0
2,545,529.2,9.984988733093271,430,1
0,536,530.0,10.416333327999828,430,0
0,536,532.0,9.40744386111336,430,1
4,546,534.8,11.300442469213325,430,0
4,546,535.8,10.63954886261629,430,1
1,544,538.2,10.917875251164952,430,0
1,544,538.2,10.917875251164924,430,1
2,555,545.2,6.760177512462212,430,0
3,547,545.6,6.804410334481583,430,0
3,555,545.2,6.760177512462167,430,1
4,536,545.6,6.804410334481583,430,0
4,536,543.4,7.924645102463524,430,1
0,533,537.4,5.128352561983264,431,1
1,524,535.8,7.155417527999261,431,0
1,521,533.0,7.842193570679078,431,1
1,523,532.4,8.561541917201534,431,0
2,523,531.4,9.071934744033392,431,1
3,537,533.0,8.803408430829442,431,0
3,523,528.0,8.18535277187246,431,1
4,541,533.2,9.011104260854982,431,0
0,528,530.6,8.018728078691716,431,0
1,560,537.8,14.307340773183506,431,0
1,541,528.2,8.555699854482972,431,1
2,536,540.4,11.928956366757294,431,0
3,536,528.8,9.066421565314517,431,1
4,537,540.4,11.928956366757294,431,0
4,537,532.0,8.426149773176373,431,1
0,540,548.0,19.039432764659765,432,1
1,543,540.2,1.9235384061669911,432,0
1,543,540.2,1.9235384061670797,432,1
2,538,540.2,1.9235384061669911,432,0
2,538,540.2,1.9235384061670797,432,1
3,529,537.8,5.263078946776243,432,0
3,529,537.8,5.263078946776276,432,1
4,539,537.8,5.263078946776276,432,1
4,539,537.8,5.263078946776243,432,0
0,539,537.6,5.176871642217845,432,0
0,539,537.6,5.176871642217878,432,1
1,541,537.2,4.711687595755858,432,1
1,541,537.2,4.711687595755822,432,0
2,536,536.8,4.711687595755822,432,0
2,536,536.8,4.711687595755858,432,1
3,537,539.8,3.114482300479481,433,1
4,543,540.0,3.3166247903553794,433,0
0,543,540.0,3.316624790355389,433,1
0,539,539.2,2.8635642126552474,433,0
1,540,539.0,2.738612787525811,433,0
1,540,539.4,2.880972058177575,433,1
2,539,539.0,2.7386127875258164,433,1
3,539,539.6,2.190890230020641,433,0
3,540,539.8,2.1679483388678626,433,1
4,535,539.2,2.86356421265526,433,0
4,535,539.4,2.880972058177575,433,1
1,533,537.4,3.209361307176223,433,1
1,533,537.2,3.033150177620629,433,0
2,538,537.0,2.9154759474226637,433,0
2,538,537.0,2.915475947422626,433,1
0,628,544.8,8.074651695274508,434,0
0,542,547.0,3.674234614174723,434,0
3,537,545.4,5.856620185738496,434,0
3,628,552.4,8.820430828479969,434,1
0,529,546.0,12.041594578792287,434,1
0,529,541.8,9.2032602918748,434,0
2,532,538.0,8.33666600026649,434,0
3,552,538.4,9.071934744033348,434,0
3,532,539.8,8.584870412533881,434,1
4,551,540.2,10.709808588392194,434,0
0,550,529.4,13.334166640626584,435,1
1,552,532.6,18.270194306574876,435,0
1,552,535.2,15.912259424732827,435,1
2,517,535.8,14.939879517586416,435,1
3,527,535.6,15.076471735787464,435,1
3,517,533.0,17.80449381476488,435,0
4,542,537.6,15.142654985173447,435,1
1,537,535.0,13.509256086106236,435,1
1,542,535.0,18.22086715828862,435,0
2,535,539.2,14.131525041551633,435,0
2,535,531.6,9.78774744259364,435,1
3,536,536.4,12.778888840583951,435,0
3,536,535.4,5.412947441089581,435,1
4,536,537.2,2.774887385102019,435,1
0,534,535.6,1.1401754250984357,435,1
1,536,533.2,9.471008394041306,435,0
2,536,535.4,0.8944271909990286,435,1
2,534,536.6,3.130495168499813,435,0
3,532,534.6,1.673320053068369,435,0
3,532,534.8,1.7888543819993779,435,1
4,533,538.2,3.8987177379235223,436,1
4,533,538.2,3.8987177379235796,436,0
1,534,537.6,4.3358966777357555,436,0
1,534,537.6,4.335896677735704,436,1
3,543,538.0,4.795831523312671,436,1
3,543,538.0,4.795831523312718,436,0
4,535,537.6,4.979959839195494,436,0
4,535,537.6,4.979959839195448,436,1
0,537,536.4,3.9749213828703076,436,1
0,537,536.4,3.974921382870364,436,0
1,539,537.6,3.5777087639996097,436,1
1,539,537.6,3.577708763999672,436,0
2,543,539.4,3.5777087639996097,436,1
2,543,539.4,3.577708763999672,436,0
3,537,538.2,3.033150177620555,436,1
3,537,538.2,3.033150177620629,436,0
4,540,539.2,2.4899799195977455,436,0
4,540,539.2,2.4899799195976557,436,1
4,537,538.2,2.167948338867915,437,0
0,544,538.6,3.0495901363954085,437,0
0,544,538.6,3.0495901363954845,437,1
1,533,537.8,3.962322551231801,437,0
1,533,537.8,3.962322551231859,437,1
0,541,538.4,4.219004621945865,437,1
0,541,538.4,4.2190046219458095,437,0
1,541,539.2,4.266145801540318,437,0
1,541,539.2,4.266145801540373,437,1
2,537,539.2,4.266145801540373,437,1
2,537,539.2,4.266145801540318,437,0
3,544,539.2,4.266145801540373,437,1
3,544,539.2,4.266145801540318,437,0
4,533,539.2,4.266145801540318,437,0
4,533,539.2,4.266145801540373,437,1
1,534,537.8,4.658325879540853,437,0
1,534,537.8,4.658325879540902,437,1
3,543,538.2,5.06951674225467,437,1
3,543,538.2,5.069516742254625,437,0
4,535,537.8,5.263078946776297,437,0
4,535,537.8,5.26307894677634,437,1
0,537,536.4,3.9749213828703915,437,1
1,537,536.4,3.974921382870334,437,0
1,539,537.6,3.577708763999703,437,1
4,535,536.8,3.633180424916963,437,0
4,535,537.8,3.3466401061363347,437,1
1,558,551.8,7.293833011524185,438,0
1,558,554.6,9.262828941527495,438,1
2,559,553.6,7.829431652425351,438,0
3,559,557.0,4.527692569068694,438,0
3,559,553.2,7.463243262818073,438,1
4,560,559.2,0.8366600265339923,438,0
4,560,553.6,7.829431652425313,438,1
1,540,539.8,2.2803508501984058,439,0
1,540,539.8,2.2803508501984684,439,1
2,542,540.2,2.4899799195978596,439,0
2,542,540.2,2.489979919597917,439,1
3,536,539.2,3.0331501776207697,439,1
3,536,539.2,3.0331501776207226,439,0
4,537,539.4,2.792848008753888,439,0
4,537,539.4,2.792848008753939,439,1
1,541,539.2,2.588435821109111,439,1
1,541,539.2,2.5884358211090563,439,0
3,544,540.0,3.3911649915627535,439,1
3,544,540.0,3.391164991562712,439,0
4,541,539.8,3.2710854467593515,439,1
4,541,539.8,3.271085446759308,439,0
0,540,540.6,2.509980079602403,439,1
0,540,540.6,2.5099800796023466,439,0
1,540,541.2,1.6431676725156787,439,0
1,540,541.2,1.6431676725157651,439,1
2,539,540.8,1.9235384061672811,439,0
2,539,540.8,1.923538406167355,439,1
3,541,540.2,0.8366600265343788,439,0
3,541,540.2,0.8366600265345486,439,1
4,533,538.6,3.2093613071763296,439,0
4,533,538.6,3.2093613071763736,439,1
0,538,550.0,19.557607215607952,440,0
0,538,550.0,19.557607215607938,440,1
1,561,545.4,9.86407623652617,440,0
1,561,545.4,9.864076236526147,440,1
1,542,544.8,9.984988733093305,440,0
1,542,544.8,9.984988733093282,440,1
2,570,551.6,13.464768843169951,440,0
2,570,551.6,13.464768843169933,440,1
3,562,554.6,13.849187701811257,440,0
3,562,554.6,13.84918770181124,440,1
2,538,536.4,2.7018512172212534,441,0
3,532,535.6,3.3615472627943217,441,0
3,532,535.6,3.361547262794271,441,1
4,533,534.2,2.3874672772626737,441,0
4,533,534.2,2.3874672772626027,441,1
1,550,543.2,7.190271204898988,442,1
3,541,541.6,6.426507605223822,442,1
3,541,547.2,14.272350892547433,442,0
0,546,547.8,14.113823011501859,442,0
1,546,542.4,6.730527468185509,442,1
1,548,551.0,11.135528725660027,442,0
2,563,549.6,8.203657720797446,442,0
3,560,551.6,9.449867723941933,442,0
3,563,546.4,11.458621208504965,442,1
4,540,551.4,9.736529155710434,442,0
4,540,548.0,9.30053761886913,442,1
0,557,557.4,5.029910535983737,443,0
3,630,557.6,4.878524367060212,443,0
3,630,561.8,5.1672042731054875,443,1
4,560,561.8,5.1672042731054875,443,1
2,536,537.0,4.847679857416319,444,1
0,542,539.6,2.3021728866442146,444,0
0,542,539.6,2.302172886644242,444,1
1,539,539.6,2.302172886644242,444,1
1,539,539.6,2.3021728866442146,444,0
3,543,540.2,2.774887385102271,444,0
3,543,540.2,2.7748873851022937,444,1
4,537,539.4,3.0495901363953344,444,0
4,537,539.4,3.0495901363953553,444,1
3,542,540.6,2.5099800796021725,444,0
3,542,540.6,2.509980079602198,444,1
4,541,540.4,2.4083189157584055,444,0
4,541,540.4,2.408318915758432,444,1
0,541,540.8,2.280350850198222,444,0
0,541,540.8,2.28035085019825,444,1
2,541,540.4,1.9493588689617227,444,0
3,540,541.0,0.7071067811863717,444,0
3,541,540.4,1.9493588689617556,444,1
4,533,539.2,3.492849839314573,444,0
4,533,539.6,3.714835124201332,444,1
1,540,536.6,4.505552130427566,445,0
2,535,536.4,4.560701700396592,445,0
2,535,535.8,4.324349662087915,445,1
3,536,535.8,4.324349662087915,445,1
3,536,537.8,2.1679483388679706,445,0
4,537,537.4,2.073644135332862,445,0
4,537,537.4,2.0736441353327613,445,1
3,542,538.0,2.9154759474226406,445,1
3,542,538.0,2.9154759474227125,445,0
4,540,538.0,2.9154759474227125,445,0
4,540,538.0,2.9154759474226406,445,1
0,540,539.0,2.449489742783252,445,0
0,540,539.0,2.4494897427831663,445,1
1,541,540.0,1.8708286933869556,445,1
1,541,540.0,1.8708286933870675,445,0
2,539,540.4,1.1401754250991087,445,1
2,539,540.4,1.1401754250992926,445,0
3,540,540.0,0.7071067811867887,445,0
3,540,540.0,0.7071067811864923,445,1
4,533,538.6,3.2093613071762364,445,1
0,560,559.8,2.6832815729997814,446,1
3,569,561.6,4.929503017546508,446,1
0,737,566.2,13.255187663703603,446,0
4,630,565.8,13.179529581893288,446,0
4,629,562.0,4.527692569068718,446,1
1,535,553.6,14.774978849392637,447,1
3,625,545.4,14.064138793399325,447,1
4,568,547.4,16.757088052522725,447,1
3,590,543.8,14.635573101180553,447,1
3,539,544.4,6.426507605223802,448,0
2,556,548.0,6.964194138592093,448,1
2,556,548.0,6.964194138592017,448,0
0,551,547.4,6.426507605223807,448,0
0,551,547.4,6.42650760522389,448,1
1,566,551.4,10.358571330062826,448,0
1,566,551.4,10.358571330062878,448,1
2,576,557.6,14.152738250953435,448,1
2,576,557.6,14.152738250953398,448,0
3,545,558.8,12.316655390161696,448,0
4,556,558.8,12.316655390161696,448,0
0,652,565.6,18.229097618916864,449,1
0,652,564.8,18.074844397670493,449,0
1,560,560.8,15.959323293924468,449,0
2,571,558.2,11.734564329364753,449,0
2,560,561.6,16.379865689315057,449,1
3,562,560.0,11.423659658795843,449,0
4,557,563.2,5.449770637375454,449,0
4,562,557.2,10.89495295997191,449,1
0,540,537.8,4.086563348340552,450,0
0,540,537.8,4.086563348340619,450,1
1,540,538.4,4.1593268686171285,450,0
1,540,538.4,4.159326868617195,450,1
2,537,538.4,4.1593268686171285,450,0
2,537,538.4,4.159326868617195,450,1
3,543,538.4,4.159326868617195,450,1
3,543,538.4,4.1593268686171285,450,0
4,532,538.4,4.159326868617195,450,1
4,532,538.4,4.1593268686171285,450,0
1,534,537.2,4.438468204234537,450,1
1,534,537.2,4.438468204234474,450,0
3,542,537.6,4.82700735445891,450,0
3,542,537.6,4.827007354458968,450,1
0,534,537.0,5.0990195135928245,450,0
0,534,537.0,5.099019513592879,450,1
1,539,536.2,4.147288270665588,450,0
1,539,536.2,4.147288270665655,450,1
2,534,536.6,3.7148351242013855,450,0
2,534,536.6,3.71483512420146,450,1
3,537,537.2,3.4205262752974592,450,0
3,537,537.2,3.42052627529754,450,1
4,540,536.8,2.7748873851023976,450,0
4,540,536.8,2.7748873851024976,450,1
2,447,471.4,53.58451268790265,451,0
3,443,471.0,53.83771911959124,451,0
